2026-02-28 00:35:53 [restartedMain] INFO  c.d.dineo.DineoApplication - Starting DineoApplication using Java 24.0.2 with PID 8255 (/Users/atouaninael/Desktop/personal/dineo project/backend/target/classes started by atouaninael in /Users/atouaninael/Desktop/personal/dineo project/backend)
2026-02-28 00:35:53 [restartedMain] INFO  c.d.dineo.DineoApplication - No active profile set, falling back to 1 default profile: "default"
2026-02-28 00:35:53 [restartedMain] INFO  o.s.b.d.e.DevToolsPropertyDefaultsPostProcessor - Devtools property defaults active! Set 'spring.devtools.add-properties' to 'false' to disable
2026-02-28 00:35:53 [restartedMain] INFO  o.s.b.d.e.DevToolsPropertyDefaultsPostProcessor - For additional web related logging consider setting the 'logging.level.web' property to 'DEBUG'
2026-02-28 00:35:53 [restartedMain] INFO  o.s.d.r.c.RepositoryConfigurationDelegate - Bootstrapping Spring Data JPA repositories in DEFAULT mode.
2026-02-28 00:35:53 [restartedMain] INFO  o.s.d.r.c.RepositoryConfigurationDelegate - Finished Spring Data repository scanning in 31 ms. Found 18 JPA repository interfaces.
2026-02-28 00:35:53 [restartedMain] INFO  o.s.b.w.e.tomcat.TomcatWebServer - Tomcat initialized with port 8080 (http)
2026-02-28 00:35:53 [restartedMain] INFO  o.a.catalina.core.StandardService - Starting service [Tomcat]
2026-02-28 00:35:53 [restartedMain] INFO  o.a.catalina.core.StandardEngine - Starting Servlet engine: [Apache Tomcat/10.1.43]
2026-02-28 00:35:53 [restartedMain] INFO  o.a.c.c.C.[Tomcat].[localhost].[/] - Initializing Spring embedded WebApplicationContext
2026-02-28 00:35:53 [restartedMain] INFO  o.s.b.w.s.c.ServletWebServerApplicationContext - Root WebApplicationContext: initialization completed in 507 ms
2026-02-28 00:35:54 [restartedMain] INFO  com.zaxxer.hikari.HikariDataSource - HikariPool-1 - Starting...
2026-02-28 00:35:54 [restartedMain] INFO  com.zaxxer.hikari.pool.HikariPool - HikariPool-1 - Added connection com.mysql.cj.jdbc.ConnectionImpl@77a48814
2026-02-28 00:35:54 [restartedMain] INFO  com.zaxxer.hikari.HikariDataSource - HikariPool-1 - Start completed.
2026-02-28 00:35:56 [restartedMain] INFO  o.h.jpa.internal.util.LogHelper - HHH000204: Processing PersistenceUnitInfo [name: default]
2026-02-28 00:35:56 [restartedMain] INFO  org.hibernate.Version - HHH000412: Hibernate ORM core version 6.6.22.Final
2026-02-28 00:35:56 [restartedMain] INFO  o.h.c.i.RegionFactoryInitiator - HHH000026: Second-level cache disabled
2026-02-28 00:35:56 [restartedMain] INFO  o.s.o.j.p.SpringPersistenceUnitInfo - No LoadTimeWeaver setup: ignoring JPA class transformer
2026-02-28 00:35:57 [restartedMain] WARN  org.hibernate.orm.deprecation - HHH90000025: MySQLDialect does not need to be specified explicitly using 'hibernate.dialect' (remove the property setting and it will be selected by default)
2026-02-28 00:35:57 [restartedMain] INFO  o.hibernate.orm.connections.pooling - HHH10001005: Database info:
	Database JDBC URL [Connecting through datasource 'HikariDataSource (HikariPool-1)']
	Database driver: undefined/unknown
	Database version: 9.5
	Autocommit mode: undefined/unknown
	Isolation level: undefined/unknown
	Minimum pool size: undefined/unknown
	Maximum pool size: undefined/unknown
2026-02-28 00:35:57 [restartedMain] INFO  o.h.e.t.j.p.i.JtaPlatformInitiator - HHH000489: No JTA platform available (set 'hibernate.transaction.jta.platform' to enable JTA platform integration)
2026-02-28 00:35:58 [restartedMain] INFO  o.s.o.j.LocalContainerEntityManagerFactoryBean - Initialized JPA EntityManagerFactory for persistence unit 'default'
2026-02-28 00:35:59 [restartedMain] INFO  o.s.d.j.r.query.QueryEnhancerFactory - Hibernate is in classpath; If applicable, HQL parser will be used.
2026-02-28 00:36:00 [restartedMain] INFO  c.d.d.n.b.PromotionEmailBatchConfig - Initialized email batch thread pool with 4 threads
2026-02-28 00:36:00 [restartedMain] INFO  c.d.d.n.b.PromotionEmailBatchConfig - Performance: 4x faster than single-threaded
2026-02-28 00:36:00 [restartedMain] INFO  c.d.d.n.b.PromotionEmailBatchConfig - Estimated time for 1000 emails: 75 seconds
2026-02-28 00:36:00 [restartedMain] INFO  c.d.d.p.s.i.StripePaymentServiceImpl - Stripe API initialized successfully
2026-02-28 00:36:00 [restartedMain] WARN  o.s.b.a.o.j.JpaBaseConfiguration$JpaWebConfiguration - spring.jpa.open-in-view is enabled by default. Therefore, database queries may be performed during view rendering. Explicitly configure spring.jpa.open-in-view to disable this warning
2026-02-28 00:36:00 [restartedMain] INFO  o.s.s.c.a.a.c.InitializeAuthenticationProviderBeanManagerConfigurer$InitializeAuthenticationProviderManagerConfigurer - Global AuthenticationManager configured with AuthenticationProvider bean with name authenticationProvider
2026-02-28 00:36:00 [restartedMain] WARN  o.s.s.c.a.a.c.InitializeUserDetailsBeanManagerConfigurer$InitializeUserDetailsManagerConfigurer - Global AuthenticationManager configured with an AuthenticationProvider bean. UserDetailsService beans will not be used by Spring Security for automatically configuring username/password login. Consider removing the AuthenticationProvider bean. Alternatively, consider using the UserDetailsService in a manually instantiated DaoAuthenticationProvider. If the current configuration is intentional, to turn off this warning, increase the logging level of 'org.springframework.security.config.annotation.authentication.configuration.InitializeUserDetailsBeanManagerConfigurer' to ERROR
2026-02-28 00:36:00 [restartedMain] INFO  o.s.b.d.a.OptionalLiveReloadServer - LiveReload server is running on port 35729
2026-02-28 00:36:00 [restartedMain] INFO  o.s.m.s.b.SimpleBrokerMessageHandler - Starting...
2026-02-28 00:36:00 [restartedMain] INFO  o.s.m.s.b.SimpleBrokerMessageHandler - BrokerAvailabilityEvent[available=true, SimpleBrokerMessageHandler [org.springframework.messaging.simp.broker.DefaultSubscriptionRegistry@3435542f]]
2026-02-28 00:36:00 [restartedMain] INFO  o.s.m.s.b.SimpleBrokerMessageHandler - Started.
2026-02-28 00:36:00 [restartedMain] INFO  o.s.b.w.e.tomcat.TomcatWebServer - Tomcat started on port 8080 (http) with context path '/'
2026-02-28 00:36:00 [restartedMain] INFO  c.d.dineo.DineoApplication - Started DineoApplication in 7.141 seconds (process running for 7.296)
2026-02-28 00:37:00 [MessageBroker-1] INFO  o.s.w.s.c.WebSocketMessageBrokerStats - WebSocketSession[0 current WS(0)-HttpStream(0)-HttpPoll(0), 0 total, 0 closed abnormally (0 connect failure, 0 send limit, 0 transport error)], stompSubProtocol[processed CONNECT(0)-CONNECTED(0)-DISCONNECT(0)], stompBrokerRelay[null], inboundChannel[pool size = 0, active threads = 0, queued tasks = 0, completed tasks = 0], outboundChannel[pool size = 0, active threads = 0, queued tasks = 0, completed tasks = 0], sockJsScheduler[pool size = 3, active threads = 1, queued tasks = 2, completed tasks = 0]
2026-02-28 00:54:34 [SpringApplicationShutdownHook] INFO  o.s.b.w.e.tomcat.GracefulShutdown - Commencing graceful shutdown. Waiting for active requests to complete
2026-02-28 00:54:34 [tomcat-shutdown] INFO  o.s.b.w.e.tomcat.GracefulShutdown - Graceful shutdown complete
2026-02-28 00:54:34 [SpringApplicationShutdownHook] INFO  o.s.m.s.b.SimpleBrokerMessageHandler - Stopping...
2026-02-28 00:54:34 [SpringApplicationShutdownHook] INFO  o.s.m.s.b.SimpleBrokerMessageHandler - BrokerAvailabilityEvent[available=false, SimpleBrokerMessageHandler [org.springframework.messaging.simp.broker.DefaultSubscriptionRegistry@3435542f]]
2026-02-28 00:54:34 [SpringApplicationShutdownHook] INFO  o.s.m.s.b.SimpleBrokerMessageHandler - Stopped.
2026-02-28 00:54:34 [SpringApplicationShutdownHook] INFO  o.s.o.j.LocalContainerEntityManagerFactoryBean - Closing JPA EntityManagerFactory for persistence unit 'default'
2026-02-28 00:54:34 [SpringApplicationShutdownHook] INFO  com.zaxxer.hikari.HikariDataSource - HikariPool-1 - Shutdown initiated...
2026-02-28 00:54:34 [SpringApplicationShutdownHook] INFO  com.zaxxer.hikari.HikariDataSource - HikariPool-1 - Shutdown completed.
2026-02-28 00:54:40 [restartedMain] INFO  c.d.dineo.DineoApplication - Starting DineoApplication using Java 24.0.2 with PID 12218 (/Users/atouaninael/Desktop/personal/dineo project/backend/target/classes started by atouaninael in /Users/atouaninael/Desktop/personal/dineo project/backend)
2026-02-28 00:54:40 [restartedMain] INFO  c.d.dineo.DineoApplication - No active profile set, falling back to 1 default profile: "default"
2026-02-28 00:54:40 [restartedMain] INFO  o.s.b.d.e.DevToolsPropertyDefaultsPostProcessor - Devtools property defaults active! Set 'spring.devtools.add-properties' to 'false' to disable
2026-02-28 00:54:40 [restartedMain] INFO  o.s.b.d.e.DevToolsPropertyDefaultsPostProcessor - For additional web related logging consider setting the 'logging.level.web' property to 'DEBUG'
2026-02-28 00:54:40 [restartedMain] INFO  o.s.d.r.c.RepositoryConfigurationDelegate - Bootstrapping Spring Data JPA repositories in DEFAULT mode.
2026-02-28 00:54:40 [restartedMain] INFO  o.s.d.r.c.RepositoryConfigurationDelegate - Finished Spring Data repository scanning in 33 ms. Found 19 JPA repository interfaces.
2026-02-28 00:54:40 [restartedMain] INFO  o.s.b.w.e.tomcat.TomcatWebServer - Tomcat initialized with port 8080 (http)
2026-02-28 00:54:40 [restartedMain] INFO  o.a.catalina.core.StandardService - Starting service [Tomcat]
2026-02-28 00:54:40 [restartedMain] INFO  o.a.catalina.core.StandardEngine - Starting Servlet engine: [Apache Tomcat/10.1.43]
2026-02-28 00:54:40 [restartedMain] INFO  o.a.c.c.C.[Tomcat].[localhost].[/] - Initializing Spring embedded WebApplicationContext
2026-02-28 00:54:40 [restartedMain] INFO  o.s.b.w.s.c.ServletWebServerApplicationContext - Root WebApplicationContext: initialization completed in 496 ms
2026-02-28 00:54:40 [restartedMain] INFO  com.zaxxer.hikari.HikariDataSource - HikariPool-1 - Starting...
2026-02-28 00:54:41 [restartedMain] INFO  com.zaxxer.hikari.pool.HikariPool - HikariPool-1 - Added connection com.mysql.cj.jdbc.ConnectionImpl@53f26585
2026-02-28 00:54:41 [restartedMain] INFO  com.zaxxer.hikari.HikariDataSource - HikariPool-1 - Start completed.
2026-02-28 00:54:43 [restartedMain] INFO  o.h.jpa.internal.util.LogHelper - HHH000204: Processing PersistenceUnitInfo [name: default]
2026-02-28 00:54:43 [restartedMain] INFO  org.hibernate.Version - HHH000412: Hibernate ORM core version 6.6.22.Final
2026-02-28 00:54:43 [restartedMain] INFO  o.h.c.i.RegionFactoryInitiator - HHH000026: Second-level cache disabled
2026-02-28 00:54:43 [restartedMain] INFO  o.s.o.j.p.SpringPersistenceUnitInfo - No LoadTimeWeaver setup: ignoring JPA class transformer
2026-02-28 00:54:43 [restartedMain] WARN  org.hibernate.orm.deprecation - HHH90000025: MySQLDialect does not need to be specified explicitly using 'hibernate.dialect' (remove the property setting and it will be selected by default)
2026-02-28 00:54:43 [restartedMain] INFO  o.hibernate.orm.connections.pooling - HHH10001005: Database info:
	Database JDBC URL [Connecting through datasource 'HikariDataSource (HikariPool-1)']
	Database driver: undefined/unknown
	Database version: 9.5
	Autocommit mode: undefined/unknown
	Isolation level: undefined/unknown
	Minimum pool size: undefined/unknown
	Maximum pool size: undefined/unknown
2026-02-28 00:54:43 [restartedMain] INFO  o.h.e.t.j.p.i.JtaPlatformInitiator - HHH000489: No JTA platform available (set 'hibernate.transaction.jta.platform' to enable JTA platform integration)
2026-02-28 00:54:45 [restartedMain] INFO  o.s.o.j.LocalContainerEntityManagerFactoryBean - Initialized JPA EntityManagerFactory for persistence unit 'default'
2026-02-28 00:54:45 [restartedMain] INFO  o.s.d.j.r.query.QueryEnhancerFactory - Hibernate is in classpath; If applicable, HQL parser will be used.
2026-02-28 00:54:46 [restartedMain] INFO  c.d.d.n.b.PromotionEmailBatchConfig - Initialized email batch thread pool with 4 threads
2026-02-28 00:54:46 [restartedMain] INFO  c.d.d.n.b.PromotionEmailBatchConfig - Performance: 4x faster than single-threaded
2026-02-28 00:54:46 [restartedMain] INFO  c.d.d.n.b.PromotionEmailBatchConfig - Estimated time for 1000 emails: 75 seconds
2026-02-28 00:54:46 [restartedMain] INFO  c.d.d.p.s.i.StripePaymentServiceImpl - Stripe API initialized successfully
2026-02-28 00:54:46 [restartedMain] WARN  o.s.b.a.o.j.JpaBaseConfiguration$JpaWebConfiguration - spring.jpa.open-in-view is enabled by default. Therefore, database queries may be performed during view rendering. Explicitly configure spring.jpa.open-in-view to disable this warning
2026-02-28 00:54:46 [restartedMain] INFO  o.s.s.c.a.a.c.InitializeAuthenticationProviderBeanManagerConfigurer$InitializeAuthenticationProviderManagerConfigurer - Global AuthenticationManager configured with AuthenticationProvider bean with name authenticationProvider
2026-02-28 00:54:46 [restartedMain] WARN  o.s.s.c.a.a.c.InitializeUserDetailsBeanManagerConfigurer$InitializeUserDetailsManagerConfigurer - Global AuthenticationManager configured with an AuthenticationProvider bean. UserDetailsService beans will not be used by Spring Security for automatically configuring username/password login. Consider removing the AuthenticationProvider bean. Alternatively, consider using the UserDetailsService in a manually instantiated DaoAuthenticationProvider. If the current configuration is intentional, to turn off this warning, increase the logging level of 'org.springframework.security.config.annotation.authentication.configuration.InitializeUserDetailsBeanManagerConfigurer' to ERROR
2026-02-28 00:54:46 [restartedMain] INFO  o.s.b.d.a.OptionalLiveReloadServer - LiveReload server is running on port 35729
2026-02-28 00:54:46 [restartedMain] INFO  o.s.m.s.b.SimpleBrokerMessageHandler - Starting...
2026-02-28 00:54:46 [restartedMain] INFO  o.s.m.s.b.SimpleBrokerMessageHandler - BrokerAvailabilityEvent[available=true, SimpleBrokerMessageHandler [org.springframework.messaging.simp.broker.DefaultSubscriptionRegistry@a483585]]
2026-02-28 00:54:46 [restartedMain] INFO  o.s.m.s.b.SimpleBrokerMessageHandler - Started.
2026-02-28 00:54:46 [restartedMain] INFO  o.s.b.w.e.tomcat.TomcatWebServer - Tomcat started on port 8080 (http) with context path '/'
2026-02-28 00:54:46 [restartedMain] INFO  c.d.dineo.DineoApplication - Started DineoApplication in 7.05 seconds (process running for 7.17)
2026-02-28 00:55:46 [MessageBroker-1] INFO  o.s.w.s.c.WebSocketMessageBrokerStats - WebSocketSession[0 current WS(0)-HttpStream(0)-HttpPoll(0), 0 total, 0 closed abnormally (0 connect failure, 0 send limit, 0 transport error)], stompSubProtocol[processed CONNECT(0)-CONNECTED(0)-DISCONNECT(0)], stompBrokerRelay[null], inboundChannel[pool size = 0, active threads = 0, queued tasks = 0, completed tasks = 0], outboundChannel[pool size = 0, active threads = 0, queued tasks = 0, completed tasks = 0], sockJsScheduler[pool size = 3, active threads = 1, queued tasks = 2, completed tasks = 0]
2026-02-28 00:56:05 [http-nio-8080-exec-1] INFO  o.a.c.c.C.[Tomcat].[localhost].[/] - Initializing Spring DispatcherServlet 'dispatcherServlet'
2026-02-28 00:56:05 [http-nio-8080-exec-1] INFO  o.s.web.servlet.DispatcherServlet - Initializing Servlet 'dispatcherServlet'
2026-02-28 00:56:05 [http-nio-8080-exec-1] INFO  o.s.web.servlet.DispatcherServlet - Completed initialization in 1 ms
2026-02-28 00:56:05 [http-nio-8080-exec-2] INFO  c.d.d.a.c.PasswordlessAuthController - 🔑 Login request for phone: +21653700027
2026-02-28 00:56:06 [http-nio-8080-exec-2] INFO  c.d.d.a.service.OtpService - ✅ OTP generated for phone: +21653700027, type: LOGIN, expires at: 2026-02-28T01:11:06.206740
2026-02-28 00:56:06 [http-nio-8080-exec-2] INFO  c.d.dineo.sms.service.OvhSmsService - 📱 Attempting to send SMS to 1 recipient(s) from sender: MIAMLOCOM
2026-02-28 00:56:07 [http-nio-8080-exec-2] INFO  c.d.dineo.sms.service.OvhSmsService - 📥 OVH API response code: 200
2026-02-28 00:56:07 [http-nio-8080-exec-2] INFO  c.d.dineo.sms.service.OvhSmsService - ✅ SMS sent successfully: {"validReceivers":["+21653700027"],"tag":"7n1yrkdlujxo4xsh","ids":[753943334],"totalCreditsRemoved":4.8,"invalidReceivers":[]}
2026-02-28 00:56:07 [http-nio-8080-exec-2] INFO  c.d.d.a.service.OtpService - 📱 OTP SMS sent successfully to: +21653700027
2026-02-28 00:56:07 [http-nio-8080-exec-2] INFO  c.d.d.a.c.PasswordlessAuthController - ✅ Login OTP sent successfully to: +21653700027
2026-02-28 00:56:15 [http-nio-8080-exec-4] INFO  c.d.d.a.c.PasswordlessAuthController - 🔐 Verifying login OTP for phone: +21653700027
2026-02-28 00:56:15 [http-nio-8080-exec-4] INFO  c.d.d.a.service.OtpService - ✅ OTP verified successfully for phone: +21653700027, type: LOGIN
2026-02-28 00:56:15 [http-nio-8080-exec-4] INFO  c.d.d.a.c.PasswordlessAuthController - ✅ User role found: ADMIN for user: admin@admin.com
2026-02-28 00:56:15 [http-nio-8080-exec-4] INFO  c.d.d.a.c.PasswordlessAuthController - ✅ Login successful for user: admin@admin.com
2026-02-28 00:56:16 [http-nio-8080-exec-9] INFO  c.d.d.a.c.AdministrationController - Received request to get admin stats
2026-02-28 00:56:16 [http-nio-8080-exec-10] INFO  c.d.d.a.c.AdministrationController - Received request to get admin stats
2026-02-28 00:56:16 [http-nio-8080-exec-10] INFO  c.d.d.a.s.i.AdministrationServiceImpl - Fetching admin statistics
2026-02-28 00:56:16 [http-nio-8080-exec-9] INFO  c.d.d.a.s.i.AdministrationServiceImpl - Fetching admin statistics
2026-02-28 00:56:16 [http-nio-8080-exec-10] INFO  c.d.d.a.s.i.AdministrationServiceImpl - Admin statistics retrieved successfully
2026-02-28 00:56:16 [http-nio-8080-exec-9] INFO  c.d.d.a.s.i.AdministrationServiceImpl - Admin statistics retrieved successfully
2026-02-28 00:56:16 [http-nio-8080-exec-9] INFO  c.d.d.a.c.AdministrationController - Admin stats retrieved successfully by admin: b51a8609-05d1-4bf0-9127-724ba5826894
2026-02-28 00:56:16 [http-nio-8080-exec-10] INFO  c.d.d.a.c.AdministrationController - Admin stats retrieved successfully by admin: b51a8609-05d1-4bf0-9127-724ba5826894
2026-02-28 00:56:20 [http-nio-8080-exec-8] INFO  c.d.d.c.controller.ContactController - Received request to get all contact messages
2026-02-28 00:56:20 [http-nio-8080-exec-5] INFO  c.d.d.c.controller.ContactController - Received request to get all contact messages
2026-02-28 00:56:21 [http-nio-8080-exec-5] INFO  c.d.d.c.s.i.ContactMessageServiceImpl - Fetching contact messages - isViewed: null, startDate: null, endDate: null
2026-02-28 00:56:21 [http-nio-8080-exec-8] INFO  c.d.d.c.s.i.ContactMessageServiceImpl - Fetching contact messages - isViewed: null, startDate: null, endDate: null
2026-02-28 00:56:21 [http-nio-8080-exec-8] INFO  c.d.d.c.s.i.ContactMessageServiceImpl - Found 0 contact messages
2026-02-28 00:56:21 [http-nio-8080-exec-5] INFO  c.d.d.c.s.i.ContactMessageServiceImpl - Found 0 contact messages
2026-02-28 00:56:21 [http-nio-8080-exec-5] INFO  c.d.d.c.controller.ContactController - Retrieved 0 contact messages for admin: b51a8609-05d1-4bf0-9127-724ba5826894
2026-02-28 00:56:21 [http-nio-8080-exec-8] INFO  c.d.d.c.controller.ContactController - Retrieved 0 contact messages for admin: b51a8609-05d1-4bf0-9127-724ba5826894
2026-02-28 00:56:25 [http-nio-8080-exec-4] INFO  c.d.d.a.c.AdministrationController - Received request to get admin stats
2026-02-28 00:56:25 [http-nio-8080-exec-9] INFO  c.d.d.a.c.AdministrationController - Received request to get admin stats
2026-02-28 00:56:26 [http-nio-8080-exec-9] INFO  c.d.d.a.s.i.AdministrationServiceImpl - Fetching admin statistics
2026-02-28 00:56:26 [http-nio-8080-exec-4] INFO  c.d.d.a.s.i.AdministrationServiceImpl - Fetching admin statistics
2026-02-28 00:56:26 [http-nio-8080-exec-9] INFO  c.d.d.a.s.i.AdministrationServiceImpl - Admin statistics retrieved successfully
2026-02-28 00:56:26 [http-nio-8080-exec-4] INFO  c.d.d.a.s.i.AdministrationServiceImpl - Admin statistics retrieved successfully
2026-02-28 00:56:26 [http-nio-8080-exec-9] INFO  c.d.d.a.c.AdministrationController - Admin stats retrieved successfully by admin: b51a8609-05d1-4bf0-9127-724ba5826894
2026-02-28 00:56:26 [http-nio-8080-exec-4] INFO  c.d.d.a.c.AdministrationController - Admin stats retrieved successfully by admin: b51a8609-05d1-4bf0-9127-724ba5826894
2026-02-28 00:56:56 [http-nio-8080-exec-8] INFO  c.d.d.c.controller.ContactController - Received public contact form submission from: nael@gmail.com
2026-02-28 00:56:56 [http-nio-8080-exec-8] INFO  c.d.d.c.s.i.ContactMessageServiceImpl - Creating new contact message from: nael@gmail.com
2026-02-28 00:56:56 [http-nio-8080-exec-8] INFO  c.d.d.c.s.i.ContactMessageServiceImpl - Contact message created with ID: 61bdad8d-db92-4c73-965f-e81f310e1c7d
2026-02-28 00:56:57 [http-nio-8080-exec-8] INFO  c.d.d.c.controller.ContactController - Contact message created: 61bdad8d-db92-4c73-965f-e81f310e1c7d
2026-02-28 00:57:23 [http-nio-8080-exec-6] INFO  c.d.d.a.c.PasswordlessAuthController - 🔑 Login request for phone: +21653700027
2026-02-28 00:57:23 [http-nio-8080-exec-6] INFO  c.d.d.a.service.OtpService - ✅ OTP generated for phone: +21653700027, type: LOGIN, expires at: 2026-02-28T01:12:23.556083
2026-02-28 00:57:23 [http-nio-8080-exec-6] INFO  c.d.dineo.sms.service.OvhSmsService - 📱 Attempting to send SMS to 1 recipient(s) from sender: MIAMLOCOM
2026-02-28 00:57:24 [http-nio-8080-exec-6] INFO  c.d.dineo.sms.service.OvhSmsService - 📥 OVH API response code: 200
2026-02-28 00:57:24 [http-nio-8080-exec-6] INFO  c.d.dineo.sms.service.OvhSmsService - ✅ SMS sent successfully: {"ids":[753943356],"tag":"jfczr325wwnhm5yt","validReceivers":["+21653700027"],"totalCreditsRemoved":4.8,"invalidReceivers":[]}
2026-02-28 00:57:24 [http-nio-8080-exec-6] INFO  c.d.d.a.service.OtpService - 📱 OTP SMS sent successfully to: +21653700027
2026-02-28 00:57:24 [http-nio-8080-exec-6] INFO  c.d.d.a.c.PasswordlessAuthController - ✅ Login OTP sent successfully to: +21653700027
2026-02-28 00:57:28 [http-nio-8080-exec-3] INFO  c.d.d.a.c.PasswordlessAuthController - 🔐 Verifying login OTP for phone: +21653700027
2026-02-28 00:57:28 [http-nio-8080-exec-3] INFO  c.d.d.a.service.OtpService - ✅ OTP verified successfully for phone: +21653700027, type: LOGIN
2026-02-28 00:57:29 [http-nio-8080-exec-3] INFO  c.d.d.a.c.PasswordlessAuthController - ✅ User role found: ADMIN for user: admin@admin.com
2026-02-28 00:57:29 [http-nio-8080-exec-3] INFO  c.d.d.a.c.PasswordlessAuthController - ✅ Login successful for user: admin@admin.com
2026-02-28 00:57:29 [http-nio-8080-exec-7] INFO  c.d.d.a.c.AdministrationController - Received request to get admin stats
2026-02-28 00:57:29 [http-nio-8080-exec-2] INFO  c.d.d.a.c.AdministrationController - Received request to get admin stats
2026-02-28 00:57:29 [http-nio-8080-exec-7] INFO  c.d.d.a.s.i.AdministrationServiceImpl - Fetching admin statistics
2026-02-28 00:57:29 [http-nio-8080-exec-2] INFO  c.d.d.a.s.i.AdministrationServiceImpl - Fetching admin statistics
2026-02-28 00:57:30 [http-nio-8080-exec-7] INFO  c.d.d.a.s.i.AdministrationServiceImpl - Admin statistics retrieved successfully
2026-02-28 00:57:30 [http-nio-8080-exec-2] INFO  c.d.d.a.s.i.AdministrationServiceImpl - Admin statistics retrieved successfully
2026-02-28 00:57:30 [http-nio-8080-exec-2] INFO  c.d.d.a.c.AdministrationController - Admin stats retrieved successfully by admin: b51a8609-05d1-4bf0-9127-724ba5826894
2026-02-28 00:57:30 [http-nio-8080-exec-7] INFO  c.d.d.a.c.AdministrationController - Admin stats retrieved successfully by admin: b51a8609-05d1-4bf0-9127-724ba5826894
2026-02-28 01:00:00 [MessageBroker-2] INFO  c.d.d.a.service.OtpService - 🧹 Expired OTPs cleaned up successfully
2026-02-28 01:07:36 [http-nio-8080-exec-8] INFO  c.d.d.p.c.PublicPlatController - Public request to get categories (location: 36.86185455002388, 10.162940020008762, radius: 30.0km)
2026-02-28 01:07:36 [http-nio-8080-exec-6] INFO  c.d.d.p.c.PublicPlatController - Public search request - query: null, category: null, maxCookTime: null, minRating: null, sortBy: newest, sortOrder: desc, location: 36.86185455002388, 10.162940020008762, radius: 30.0km, page: 1, pageSize: 12
2026-02-28 01:07:36 [http-nio-8080-exec-6] INFO  c.d.d.p.c.PublicPlatController - Found 12 available plats in database
2026-02-28 01:07:36 [http-nio-8080-exec-8] INFO  c.d.d.p.c.PublicPlatController - Found 12 available plats before filtering
2026-02-28 01:07:37 [http-nio-8080-exec-8] INFO  c.d.dineo.common.util.GeocodingUtil - 📍 Parsed coordinates from address: [48.990280170713675, 2.0652013945627465]
2026-02-28 01:07:37 [http-nio-8080-exec-8] INFO  c.d.dineo.common.util.GeocodingUtil - ✅ Address is already coordinates: [48.990280170713675, 2.0652013945627465]
2026-02-28 01:07:37 [http-nio-8080-exec-6] INFO  c.d.d.p.c.PublicPlatController - 🔍 addDistanceToResponse called for plat: Noodels
2026-02-28 01:07:37 [http-nio-8080-exec-8] INFO  c.d.dineo.common.util.GeocodingUtil - 📍 Parsed coordinates from address: [48.990280170713675, 2.0652013945627465]
2026-02-28 01:07:37 [http-nio-8080-exec-8] INFO  c.d.dineo.common.util.GeocodingUtil - ✅ Address is already coordinates: [48.990280170713675, 2.0652013945627465]
2026-02-28 01:07:37 [http-nio-8080-exec-6] INFO  c.d.d.p.c.PublicPlatController - 📍 Geocoding address for chef 51438312-db03-469c-b476-e4511f8e8e67: 48.990280170713675, 2.0652013945627465
2026-02-28 01:07:37 [http-nio-8080-exec-6] INFO  c.d.dineo.common.util.GeocodingUtil - 📍 Parsed coordinates from address: [48.990280170713675, 2.0652013945627465]
2026-02-28 01:07:37 [http-nio-8080-exec-6] INFO  c.d.dineo.common.util.GeocodingUtil - ✅ Address is already coordinates: [48.990280170713675, 2.0652013945627465]
2026-02-28 01:07:37 [http-nio-8080-exec-6] INFO  c.d.d.p.c.PublicPlatController - ✅ Geocoded to: [48.990280170713675, 2.0652013945627465]
2026-02-28 01:07:37 [http-nio-8080-exec-6] INFO  c.d.d.p.c.PublicPlatController - ✅ Distance calculated for plat Noodels: 1499.1 km
2026-02-28 01:07:37 [http-nio-8080-exec-8] INFO  c.d.dineo.common.util.GeocodingUtil - 📍 Parsed coordinates from address: [36.86798171618947, 10.170494516278797]
2026-02-28 01:07:37 [http-nio-8080-exec-8] INFO  c.d.dineo.common.util.GeocodingUtil - ✅ Address is already coordinates: [36.86798171618947, 10.170494516278797]
2026-02-28 01:07:38 [http-nio-8080-exec-8] INFO  c.d.dineo.common.util.GeocodingUtil - 📍 Parsed coordinates from address: [48.990280170713675, 2.0652013945627465]
2026-02-28 01:07:38 [http-nio-8080-exec-8] INFO  c.d.dineo.common.util.GeocodingUtil - ✅ Address is already coordinates: [48.990280170713675, 2.0652013945627465]
2026-02-28 01:07:38 [http-nio-8080-exec-6] INFO  c.d.d.p.c.PublicPlatController - 🔍 addDistanceToResponse called for plat: Fricassé
2026-02-28 01:07:38 [http-nio-8080-exec-8] INFO  c.d.dineo.common.util.GeocodingUtil - 📍 Parsed coordinates from address: [48.990280170713675, 2.0652013945627465]
2026-02-28 01:07:38 [http-nio-8080-exec-8] INFO  c.d.dineo.common.util.GeocodingUtil - ✅ Address is already coordinates: [48.990280170713675, 2.0652013945627465]
2026-02-28 01:07:38 [http-nio-8080-exec-6] INFO  c.d.d.p.c.PublicPlatController - 📍 Geocoding address for chef 51438312-db03-469c-b476-e4511f8e8e67: 48.990280170713675, 2.0652013945627465
2026-02-28 01:07:38 [http-nio-8080-exec-6] INFO  c.d.dineo.common.util.GeocodingUtil - 📍 Parsed coordinates from address: [48.990280170713675, 2.0652013945627465]
2026-02-28 01:07:38 [http-nio-8080-exec-6] INFO  c.d.dineo.common.util.GeocodingUtil - ✅ Address is already coordinates: [48.990280170713675, 2.0652013945627465]
2026-02-28 01:07:38 [http-nio-8080-exec-6] INFO  c.d.d.p.c.PublicPlatController - ✅ Geocoded to: [48.990280170713675, 2.0652013945627465]
2026-02-28 01:07:38 [http-nio-8080-exec-6] INFO  c.d.d.p.c.PublicPlatController - ✅ Distance calculated for plat Fricassé: 1499.1 km
2026-02-28 01:07:38 [http-nio-8080-exec-8] INFO  c.d.dineo.common.util.GeocodingUtil - 📍 Parsed coordinates from address: [48.990280170713675, 2.0652013945627465]
2026-02-28 01:07:38 [http-nio-8080-exec-8] INFO  c.d.dineo.common.util.GeocodingUtil - ✅ Address is already coordinates: [48.990280170713675, 2.0652013945627465]
2026-02-28 01:07:38 [http-nio-8080-exec-8] INFO  c.d.dineo.common.util.GeocodingUtil - 📍 Parsed coordinates from address: [48.990280170713675, 2.0652013945627465]
2026-02-28 01:07:38 [http-nio-8080-exec-8] INFO  c.d.dineo.common.util.GeocodingUtil - ✅ Address is already coordinates: [48.990280170713675, 2.0652013945627465]
2026-02-28 01:07:39 [http-nio-8080-exec-8] INFO  c.d.dineo.common.util.GeocodingUtil - 📍 Parsed coordinates from address: [48.990280170713675, 2.0652013945627465]
2026-02-28 01:07:39 [http-nio-8080-exec-8] INFO  c.d.dineo.common.util.GeocodingUtil - ✅ Address is already coordinates: [48.990280170713675, 2.0652013945627465]
2026-02-28 01:07:39 [http-nio-8080-exec-6] INFO  c.d.d.p.c.PublicPlatController - 🔍 addDistanceToResponse called for plat: lasagne
2026-02-28 01:07:39 [http-nio-8080-exec-8] INFO  c.d.dineo.common.util.GeocodingUtil - 📍 Parsed coordinates from address: [48.990280170713675, 2.0652013945627465]
2026-02-28 01:07:39 [http-nio-8080-exec-8] INFO  c.d.dineo.common.util.GeocodingUtil - ✅ Address is already coordinates: [48.990280170713675, 2.0652013945627465]
2026-02-28 01:07:39 [http-nio-8080-exec-6] INFO  c.d.d.p.c.PublicPlatController - 📍 Geocoding address for chef 2b9ae655-331b-44dd-a316-505318613279: 36.86798171618947, 10.170494516278797
2026-02-28 01:07:39 [http-nio-8080-exec-6] INFO  c.d.dineo.common.util.GeocodingUtil - 📍 Parsed coordinates from address: [36.86798171618947, 10.170494516278797]
2026-02-28 01:07:39 [http-nio-8080-exec-6] INFO  c.d.dineo.common.util.GeocodingUtil - ✅ Address is already coordinates: [36.86798171618947, 10.170494516278797]
2026-02-28 01:07:39 [http-nio-8080-exec-6] INFO  c.d.d.p.c.PublicPlatController - ✅ Geocoded to: [36.86798171618947, 10.170494516278797]
2026-02-28 01:07:39 [http-nio-8080-exec-6] INFO  c.d.d.p.c.PublicPlatController - ✅ Distance calculated for plat lasagne: 1.0 km
2026-02-28 01:07:39 [http-nio-8080-exec-8] INFO  c.d.dineo.common.util.GeocodingUtil - 📍 Parsed coordinates from address: [48.990280170713675, 2.0652013945627465]
2026-02-28 01:07:39 [http-nio-8080-exec-8] INFO  c.d.dineo.common.util.GeocodingUtil - ✅ Address is already coordinates: [48.990280170713675, 2.0652013945627465]
2026-02-28 01:07:40 [http-nio-8080-exec-8] INFO  c.d.dineo.common.util.GeocodingUtil - 📍 Parsed coordinates from address: [48.990280170713675, 2.0652013945627465]
2026-02-28 01:07:40 [http-nio-8080-exec-8] INFO  c.d.dineo.common.util.GeocodingUtil - ✅ Address is already coordinates: [48.990280170713675, 2.0652013945627465]
2026-02-28 01:07:40 [http-nio-8080-exec-6] INFO  c.d.d.p.c.PublicPlatController - 🔍 addDistanceToResponse called for plat: Tacos
2026-02-28 01:07:40 [http-nio-8080-exec-8] INFO  c.d.dineo.common.util.GeocodingUtil - 📍 Parsed coordinates from address: [48.990280170713675, 2.0652013945627465]
2026-02-28 01:07:40 [http-nio-8080-exec-8] INFO  c.d.dineo.common.util.GeocodingUtil - ✅ Address is already coordinates: [48.990280170713675, 2.0652013945627465]
2026-02-28 01:07:40 [http-nio-8080-exec-8] INFO  c.d.d.p.c.PublicPlatController - After location filtering: 1 plats within 30.0km
2026-02-28 01:07:40 [http-nio-8080-exec-8] INFO  c.d.d.p.c.PublicPlatController - Found 2 unique categories from filtered plats
2026-02-28 01:07:40 [http-nio-8080-exec-6] INFO  c.d.d.p.c.PublicPlatController - 📍 Geocoding address for chef 51438312-db03-469c-b476-e4511f8e8e67: 48.990280170713675, 2.0652013945627465
2026-02-28 01:07:40 [http-nio-8080-exec-6] INFO  c.d.dineo.common.util.GeocodingUtil - 📍 Parsed coordinates from address: [48.990280170713675, 2.0652013945627465]
2026-02-28 01:07:40 [http-nio-8080-exec-6] INFO  c.d.dineo.common.util.GeocodingUtil - ✅ Address is already coordinates: [48.990280170713675, 2.0652013945627465]
2026-02-28 01:07:40 [http-nio-8080-exec-6] INFO  c.d.d.p.c.PublicPlatController - ✅ Geocoded to: [48.990280170713675, 2.0652013945627465]
2026-02-28 01:07:40 [http-nio-8080-exec-6] INFO  c.d.d.p.c.PublicPlatController - ✅ Distance calculated for plat Tacos: 1499.1 km
2026-02-28 01:07:41 [http-nio-8080-exec-6] INFO  c.d.d.p.c.PublicPlatController - 🔍 addDistanceToResponse called for plat: Tiramisu
2026-02-28 01:07:41 [http-nio-8080-exec-6] INFO  c.d.d.p.c.PublicPlatController - 📍 Geocoding address for chef 51438312-db03-469c-b476-e4511f8e8e67: 48.990280170713675, 2.0652013945627465
2026-02-28 01:07:41 [http-nio-8080-exec-6] INFO  c.d.dineo.common.util.GeocodingUtil - 📍 Parsed coordinates from address: [48.990280170713675, 2.0652013945627465]
2026-02-28 01:07:41 [http-nio-8080-exec-6] INFO  c.d.dineo.common.util.GeocodingUtil - ✅ Address is already coordinates: [48.990280170713675, 2.0652013945627465]
2026-02-28 01:07:41 [http-nio-8080-exec-6] INFO  c.d.d.p.c.PublicPlatController - ✅ Geocoded to: [48.990280170713675, 2.0652013945627465]
2026-02-28 01:07:41 [http-nio-8080-exec-6] INFO  c.d.d.p.c.PublicPlatController - ✅ Distance calculated for plat Tiramisu: 1499.1 km
2026-02-28 01:07:41 [http-nio-8080-exec-6] INFO  c.d.d.p.c.PublicPlatController - 🔍 addDistanceToResponse called for plat: Steak
2026-02-28 01:07:42 [http-nio-8080-exec-6] INFO  c.d.d.p.c.PublicPlatController - 📍 Geocoding address for chef 51438312-db03-469c-b476-e4511f8e8e67: 48.990280170713675, 2.0652013945627465
2026-02-28 01:07:42 [http-nio-8080-exec-6] INFO  c.d.dineo.common.util.GeocodingUtil - 📍 Parsed coordinates from address: [48.990280170713675, 2.0652013945627465]
2026-02-28 01:07:42 [http-nio-8080-exec-6] INFO  c.d.dineo.common.util.GeocodingUtil - ✅ Address is already coordinates: [48.990280170713675, 2.0652013945627465]
2026-02-28 01:07:42 [http-nio-8080-exec-6] INFO  c.d.d.p.c.PublicPlatController - ✅ Geocoded to: [48.990280170713675, 2.0652013945627465]
2026-02-28 01:07:42 [http-nio-8080-exec-6] INFO  c.d.d.p.c.PublicPlatController - ✅ Distance calculated for plat Steak: 1499.1 km
2026-02-28 01:07:42 [http-nio-8080-exec-6] INFO  c.d.d.p.c.PublicPlatController - 🔍 addDistanceToResponse called for plat: Kouskous tunisien
2026-02-28 01:07:43 [http-nio-8080-exec-6] INFO  c.d.d.p.c.PublicPlatController - 📍 Geocoding address for chef 51438312-db03-469c-b476-e4511f8e8e67: 48.990280170713675, 2.0652013945627465
2026-02-28 01:07:43 [http-nio-8080-exec-6] INFO  c.d.dineo.common.util.GeocodingUtil - 📍 Parsed coordinates from address: [48.990280170713675, 2.0652013945627465]
2026-02-28 01:07:43 [http-nio-8080-exec-6] INFO  c.d.dineo.common.util.GeocodingUtil - ✅ Address is already coordinates: [48.990280170713675, 2.0652013945627465]
2026-02-28 01:07:43 [http-nio-8080-exec-6] INFO  c.d.d.p.c.PublicPlatController - ✅ Geocoded to: [48.990280170713675, 2.0652013945627465]
2026-02-28 01:07:43 [http-nio-8080-exec-6] INFO  c.d.d.p.c.PublicPlatController - ✅ Distance calculated for plat Kouskous tunisien: 1499.1 km
2026-02-28 01:07:43 [http-nio-8080-exec-6] INFO  c.d.d.p.c.PublicPlatController - 🔍 addDistanceToResponse called for plat: Sushi
2026-02-28 01:07:44 [http-nio-8080-exec-6] INFO  c.d.d.p.c.PublicPlatController - 📍 Geocoding address for chef 51438312-db03-469c-b476-e4511f8e8e67: 48.990280170713675, 2.0652013945627465
2026-02-28 01:07:44 [http-nio-8080-exec-6] INFO  c.d.dineo.common.util.GeocodingUtil - 📍 Parsed coordinates from address: [48.990280170713675, 2.0652013945627465]
2026-02-28 01:07:44 [http-nio-8080-exec-6] INFO  c.d.dineo.common.util.GeocodingUtil - ✅ Address is already coordinates: [48.990280170713675, 2.0652013945627465]
2026-02-28 01:07:44 [http-nio-8080-exec-6] INFO  c.d.d.p.c.PublicPlatController - ✅ Geocoded to: [48.990280170713675, 2.0652013945627465]
2026-02-28 01:07:44 [http-nio-8080-exec-6] INFO  c.d.d.p.c.PublicPlatController - ✅ Distance calculated for plat Sushi: 1499.1 km
2026-02-28 01:07:44 [http-nio-8080-exec-6] INFO  c.d.d.p.c.PublicPlatController - 🔍 addDistanceToResponse called for plat: Salade César
2026-02-28 01:07:45 [http-nio-8080-exec-6] INFO  c.d.d.p.c.PublicPlatController - 📍 Geocoding address for chef 51438312-db03-469c-b476-e4511f8e8e67: 48.990280170713675, 2.0652013945627465
2026-02-28 01:07:45 [http-nio-8080-exec-6] INFO  c.d.dineo.common.util.GeocodingUtil - 📍 Parsed coordinates from address: [48.990280170713675, 2.0652013945627465]
2026-02-28 01:07:45 [http-nio-8080-exec-6] INFO  c.d.dineo.common.util.GeocodingUtil - ✅ Address is already coordinates: [48.990280170713675, 2.0652013945627465]
2026-02-28 01:07:45 [http-nio-8080-exec-6] INFO  c.d.d.p.c.PublicPlatController - ✅ Geocoded to: [48.990280170713675, 2.0652013945627465]
2026-02-28 01:07:45 [http-nio-8080-exec-6] INFO  c.d.d.p.c.PublicPlatController - ✅ Distance calculated for plat Salade César: 1499.1 km
2026-02-28 01:07:45 [http-nio-8080-exec-6] INFO  c.d.d.p.c.PublicPlatController - 🔍 addDistanceToResponse called for plat: Pizza
2026-02-28 01:07:45 [http-nio-8080-exec-6] INFO  c.d.d.p.c.PublicPlatController - 📍 Geocoding address for chef 51438312-db03-469c-b476-e4511f8e8e67: 48.990280170713675, 2.0652013945627465
2026-02-28 01:07:45 [http-nio-8080-exec-6] INFO  c.d.dineo.common.util.GeocodingUtil - 📍 Parsed coordinates from address: [48.990280170713675, 2.0652013945627465]
2026-02-28 01:07:45 [http-nio-8080-exec-6] INFO  c.d.dineo.common.util.GeocodingUtil - ✅ Address is already coordinates: [48.990280170713675, 2.0652013945627465]
2026-02-28 01:07:45 [http-nio-8080-exec-6] INFO  c.d.d.p.c.PublicPlatController - ✅ Geocoded to: [48.990280170713675, 2.0652013945627465]
2026-02-28 01:07:45 [http-nio-8080-exec-6] INFO  c.d.d.p.c.PublicPlatController - ✅ Distance calculated for plat Pizza: 1499.1 km
2026-02-28 01:07:46 [http-nio-8080-exec-6] INFO  c.d.d.p.c.PublicPlatController - 🔍 addDistanceToResponse called for plat: Plat fruit de mer
2026-02-28 01:07:46 [http-nio-8080-exec-6] INFO  c.d.d.p.c.PublicPlatController - 📍 Geocoding address for chef 51438312-db03-469c-b476-e4511f8e8e67: 48.990280170713675, 2.0652013945627465
2026-02-28 01:07:46 [http-nio-8080-exec-6] INFO  c.d.dineo.common.util.GeocodingUtil - 📍 Parsed coordinates from address: [48.990280170713675, 2.0652013945627465]
2026-02-28 01:07:46 [http-nio-8080-exec-6] INFO  c.d.dineo.common.util.GeocodingUtil - ✅ Address is already coordinates: [48.990280170713675, 2.0652013945627465]
2026-02-28 01:07:46 [http-nio-8080-exec-6] INFO  c.d.d.p.c.PublicPlatController - ✅ Geocoded to: [48.990280170713675, 2.0652013945627465]
2026-02-28 01:07:46 [http-nio-8080-exec-6] INFO  c.d.d.p.c.PublicPlatController - ✅ Distance calculated for plat Plat fruit de mer: 1499.1 km
2026-02-28 01:07:47 [http-nio-8080-exec-6] INFO  c.d.d.p.c.PublicPlatController - 🔍 addDistanceToResponse called for plat: Par-là
2026-02-28 01:07:47 [http-nio-8080-exec-6] INFO  c.d.d.p.c.PublicPlatController - 📍 Geocoding address for chef 51438312-db03-469c-b476-e4511f8e8e67: 48.990280170713675, 2.0652013945627465
2026-02-28 01:07:47 [http-nio-8080-exec-6] INFO  c.d.dineo.common.util.GeocodingUtil - 📍 Parsed coordinates from address: [48.990280170713675, 2.0652013945627465]
2026-02-28 01:07:47 [http-nio-8080-exec-6] INFO  c.d.dineo.common.util.GeocodingUtil - ✅ Address is already coordinates: [48.990280170713675, 2.0652013945627465]
2026-02-28 01:07:47 [http-nio-8080-exec-6] INFO  c.d.d.p.c.PublicPlatController - ✅ Geocoded to: [48.990280170713675, 2.0652013945627465]
2026-02-28 01:07:47 [http-nio-8080-exec-6] INFO  c.d.d.p.c.PublicPlatController - ✅ Distance calculated for plat Par-là: 1499.1 km
2026-02-28 01:07:47 [http-nio-8080-exec-6] INFO  c.d.d.p.c.PublicPlatController - After all filters: 1 plats remaining
2026-02-28 01:07:47 [http-nio-8080-exec-6] INFO  c.d.d.p.c.PublicPlatController - Search returned 1 total results, page 1/1
2026-02-28 01:08:04 [http-nio-8080-exec-5] INFO  c.d.d.p.c.PublicPlatController - Public request to get categories (location: 36.86185454999906, 10.16294001999966, radius: 30.0km)
2026-02-28 01:08:04 [http-nio-8080-exec-9] INFO  c.d.d.p.c.PublicPlatController - Public search request - query: null, category: null, maxCookTime: null, minRating: null, sortBy: newest, sortOrder: desc, location: 36.86185454999906, 10.16294001999966, radius: 30.0km, page: 1, pageSize: 12
2026-02-28 01:08:04 [http-nio-8080-exec-5] INFO  c.d.d.p.c.PublicPlatController - Found 12 available plats before filtering
2026-02-28 01:08:04 [http-nio-8080-exec-9] INFO  c.d.d.p.c.PublicPlatController - Found 12 available plats in database
2026-02-28 01:08:04 [http-nio-8080-exec-5] INFO  c.d.dineo.common.util.GeocodingUtil - 📍 Parsed coordinates from address: [48.990280170713675, 2.0652013945627465]
2026-02-28 01:08:04 [http-nio-8080-exec-5] INFO  c.d.dineo.common.util.GeocodingUtil - ✅ Address is already coordinates: [48.990280170713675, 2.0652013945627465]
2026-02-28 01:08:04 [http-nio-8080-exec-5] INFO  c.d.dineo.common.util.GeocodingUtil - 📍 Parsed coordinates from address: [48.990280170713675, 2.0652013945627465]
2026-02-28 01:08:04 [http-nio-8080-exec-5] INFO  c.d.dineo.common.util.GeocodingUtil - ✅ Address is already coordinates: [48.990280170713675, 2.0652013945627465]
2026-02-28 01:08:04 [http-nio-8080-exec-9] INFO  c.d.d.p.c.PublicPlatController - 🔍 addDistanceToResponse called for plat: Noodels
2026-02-28 01:08:05 [http-nio-8080-exec-5] INFO  c.d.dineo.common.util.GeocodingUtil - 📍 Parsed coordinates from address: [36.86798171618947, 10.170494516278797]
2026-02-28 01:08:05 [http-nio-8080-exec-5] INFO  c.d.dineo.common.util.GeocodingUtil - ✅ Address is already coordinates: [36.86798171618947, 10.170494516278797]
2026-02-28 01:08:05 [http-nio-8080-exec-9] INFO  c.d.d.p.c.PublicPlatController - 📍 Geocoding address for chef 51438312-db03-469c-b476-e4511f8e8e67: 48.990280170713675, 2.0652013945627465
2026-02-28 01:08:05 [http-nio-8080-exec-9] INFO  c.d.dineo.common.util.GeocodingUtil - 📍 Parsed coordinates from address: [48.990280170713675, 2.0652013945627465]
2026-02-28 01:08:05 [http-nio-8080-exec-9] INFO  c.d.dineo.common.util.GeocodingUtil - ✅ Address is already coordinates: [48.990280170713675, 2.0652013945627465]
2026-02-28 01:08:05 [http-nio-8080-exec-9] INFO  c.d.d.p.c.PublicPlatController - ✅ Geocoded to: [48.990280170713675, 2.0652013945627465]
2026-02-28 01:08:05 [http-nio-8080-exec-9] INFO  c.d.d.p.c.PublicPlatController - ✅ Distance calculated for plat Noodels: 1499.1 km
2026-02-28 01:08:05 [http-nio-8080-exec-5] INFO  c.d.dineo.common.util.GeocodingUtil - 📍 Parsed coordinates from address: [48.990280170713675, 2.0652013945627465]
2026-02-28 01:08:05 [http-nio-8080-exec-5] INFO  c.d.dineo.common.util.GeocodingUtil - ✅ Address is already coordinates: [48.990280170713675, 2.0652013945627465]
2026-02-28 01:08:05 [http-nio-8080-exec-5] INFO  c.d.dineo.common.util.GeocodingUtil - 📍 Parsed coordinates from address: [48.990280170713675, 2.0652013945627465]
2026-02-28 01:08:05 [http-nio-8080-exec-5] INFO  c.d.dineo.common.util.GeocodingUtil - ✅ Address is already coordinates: [48.990280170713675, 2.0652013945627465]
2026-02-28 01:08:05 [http-nio-8080-exec-9] INFO  c.d.d.p.c.PublicPlatController - 🔍 addDistanceToResponse called for plat: Fricassé
2026-02-28 01:08:06 [http-nio-8080-exec-5] INFO  c.d.dineo.common.util.GeocodingUtil - 📍 Parsed coordinates from address: [48.990280170713675, 2.0652013945627465]
2026-02-28 01:08:06 [http-nio-8080-exec-5] INFO  c.d.dineo.common.util.GeocodingUtil - ✅ Address is already coordinates: [48.990280170713675, 2.0652013945627465]
2026-02-28 01:08:06 [http-nio-8080-exec-9] INFO  c.d.d.p.c.PublicPlatController - 📍 Geocoding address for chef 51438312-db03-469c-b476-e4511f8e8e67: 48.990280170713675, 2.0652013945627465
2026-02-28 01:08:06 [http-nio-8080-exec-9] INFO  c.d.dineo.common.util.GeocodingUtil - 📍 Parsed coordinates from address: [48.990280170713675, 2.0652013945627465]
2026-02-28 01:08:06 [http-nio-8080-exec-9] INFO  c.d.dineo.common.util.GeocodingUtil - ✅ Address is already coordinates: [48.990280170713675, 2.0652013945627465]
2026-02-28 01:08:06 [http-nio-8080-exec-9] INFO  c.d.d.p.c.PublicPlatController - ✅ Geocoded to: [48.990280170713675, 2.0652013945627465]
2026-02-28 01:08:06 [http-nio-8080-exec-9] INFO  c.d.d.p.c.PublicPlatController - ✅ Distance calculated for plat Fricassé: 1499.1 km
2026-02-28 01:08:06 [http-nio-8080-exec-5] INFO  c.d.dineo.common.util.GeocodingUtil - 📍 Parsed coordinates from address: [48.990280170713675, 2.0652013945627465]
2026-02-28 01:08:06 [http-nio-8080-exec-5] INFO  c.d.dineo.common.util.GeocodingUtil - ✅ Address is already coordinates: [48.990280170713675, 2.0652013945627465]
2026-02-28 01:08:06 [http-nio-8080-exec-5] INFO  c.d.dineo.common.util.GeocodingUtil - 📍 Parsed coordinates from address: [48.990280170713675, 2.0652013945627465]
2026-02-28 01:08:06 [http-nio-8080-exec-5] INFO  c.d.dineo.common.util.GeocodingUtil - ✅ Address is already coordinates: [48.990280170713675, 2.0652013945627465]
2026-02-28 01:08:06 [http-nio-8080-exec-9] INFO  c.d.d.p.c.PublicPlatController - 🔍 addDistanceToResponse called for plat: lasagne
2026-02-28 01:08:06 [http-nio-8080-exec-5] INFO  c.d.dineo.common.util.GeocodingUtil - 📍 Parsed coordinates from address: [48.990280170713675, 2.0652013945627465]
2026-02-28 01:08:06 [http-nio-8080-exec-5] INFO  c.d.dineo.common.util.GeocodingUtil - ✅ Address is already coordinates: [48.990280170713675, 2.0652013945627465]
2026-02-28 01:08:07 [http-nio-8080-exec-9] INFO  c.d.d.p.c.PublicPlatController - 📍 Geocoding address for chef 2b9ae655-331b-44dd-a316-505318613279: 36.86798171618947, 10.170494516278797
2026-02-28 01:08:07 [http-nio-8080-exec-9] INFO  c.d.dineo.common.util.GeocodingUtil - 📍 Parsed coordinates from address: [36.86798171618947, 10.170494516278797]
2026-02-28 01:08:07 [http-nio-8080-exec-9] INFO  c.d.dineo.common.util.GeocodingUtil - ✅ Address is already coordinates: [36.86798171618947, 10.170494516278797]
2026-02-28 01:08:07 [http-nio-8080-exec-9] INFO  c.d.d.p.c.PublicPlatController - ✅ Geocoded to: [36.86798171618947, 10.170494516278797]
2026-02-28 01:08:07 [http-nio-8080-exec-9] INFO  c.d.d.p.c.PublicPlatController - ✅ Distance calculated for plat lasagne: 1.0 km
2026-02-28 01:08:07 [http-nio-8080-exec-5] INFO  c.d.dineo.common.util.GeocodingUtil - 📍 Parsed coordinates from address: [48.990280170713675, 2.0652013945627465]
2026-02-28 01:08:07 [http-nio-8080-exec-5] INFO  c.d.dineo.common.util.GeocodingUtil - ✅ Address is already coordinates: [48.990280170713675, 2.0652013945627465]
2026-02-28 01:08:07 [http-nio-8080-exec-5] INFO  c.d.dineo.common.util.GeocodingUtil - 📍 Parsed coordinates from address: [48.990280170713675, 2.0652013945627465]
2026-02-28 01:08:07 [http-nio-8080-exec-5] INFO  c.d.dineo.common.util.GeocodingUtil - ✅ Address is already coordinates: [48.990280170713675, 2.0652013945627465]
2026-02-28 01:08:07 [http-nio-8080-exec-9] INFO  c.d.d.p.c.PublicPlatController - 🔍 addDistanceToResponse called for plat: Tacos
2026-02-28 01:08:07 [http-nio-8080-exec-5] INFO  c.d.dineo.common.util.GeocodingUtil - 📍 Parsed coordinates from address: [48.990280170713675, 2.0652013945627465]
2026-02-28 01:08:07 [http-nio-8080-exec-5] INFO  c.d.dineo.common.util.GeocodingUtil - ✅ Address is already coordinates: [48.990280170713675, 2.0652013945627465]
2026-02-28 01:08:07 [http-nio-8080-exec-5] INFO  c.d.d.p.c.PublicPlatController - After location filtering: 1 plats within 30.0km
2026-02-28 01:08:07 [http-nio-8080-exec-5] INFO  c.d.d.p.c.PublicPlatController - Found 2 unique categories from filtered plats
2026-02-28 01:08:07 [http-nio-8080-exec-9] INFO  c.d.d.p.c.PublicPlatController - 📍 Geocoding address for chef 51438312-db03-469c-b476-e4511f8e8e67: 48.990280170713675, 2.0652013945627465
2026-02-28 01:08:07 [http-nio-8080-exec-9] INFO  c.d.dineo.common.util.GeocodingUtil - 📍 Parsed coordinates from address: [48.990280170713675, 2.0652013945627465]
2026-02-28 01:08:07 [http-nio-8080-exec-9] INFO  c.d.dineo.common.util.GeocodingUtil - ✅ Address is already coordinates: [48.990280170713675, 2.0652013945627465]
2026-02-28 01:08:07 [http-nio-8080-exec-9] INFO  c.d.d.p.c.PublicPlatController - ✅ Geocoded to: [48.990280170713675, 2.0652013945627465]
2026-02-28 01:08:07 [http-nio-8080-exec-9] INFO  c.d.d.p.c.PublicPlatController - ✅ Distance calculated for plat Tacos: 1499.1 km
2026-02-28 01:08:08 [http-nio-8080-exec-9] INFO  c.d.d.p.c.PublicPlatController - 🔍 addDistanceToResponse called for plat: Tiramisu
2026-02-28 01:08:08 [http-nio-8080-exec-9] INFO  c.d.d.p.c.PublicPlatController - 📍 Geocoding address for chef 51438312-db03-469c-b476-e4511f8e8e67: 48.990280170713675, 2.0652013945627465
2026-02-28 01:08:08 [http-nio-8080-exec-9] INFO  c.d.dineo.common.util.GeocodingUtil - 📍 Parsed coordinates from address: [48.990280170713675, 2.0652013945627465]
2026-02-28 01:08:08 [http-nio-8080-exec-9] INFO  c.d.dineo.common.util.GeocodingUtil - ✅ Address is already coordinates: [48.990280170713675, 2.0652013945627465]
2026-02-28 01:08:08 [http-nio-8080-exec-9] INFO  c.d.d.p.c.PublicPlatController - ✅ Geocoded to: [48.990280170713675, 2.0652013945627465]
2026-02-28 01:08:08 [http-nio-8080-exec-9] INFO  c.d.d.p.c.PublicPlatController - ✅ Distance calculated for plat Tiramisu: 1499.1 km
2026-02-28 01:08:09 [http-nio-8080-exec-9] INFO  c.d.d.p.c.PublicPlatController - 🔍 addDistanceToResponse called for plat: Steak
2026-02-28 01:08:09 [http-nio-8080-exec-9] INFO  c.d.d.p.c.PublicPlatController - 📍 Geocoding address for chef 51438312-db03-469c-b476-e4511f8e8e67: 48.990280170713675, 2.0652013945627465
2026-02-28 01:08:09 [http-nio-8080-exec-9] INFO  c.d.dineo.common.util.GeocodingUtil - 📍 Parsed coordinates from address: [48.990280170713675, 2.0652013945627465]
2026-02-28 01:08:09 [http-nio-8080-exec-9] INFO  c.d.dineo.common.util.GeocodingUtil - ✅ Address is already coordinates: [48.990280170713675, 2.0652013945627465]
2026-02-28 01:08:09 [http-nio-8080-exec-9] INFO  c.d.d.p.c.PublicPlatController - ✅ Geocoded to: [48.990280170713675, 2.0652013945627465]
2026-02-28 01:08:09 [http-nio-8080-exec-9] INFO  c.d.d.p.c.PublicPlatController - ✅ Distance calculated for plat Steak: 1499.1 km
2026-02-28 01:08:10 [http-nio-8080-exec-9] INFO  c.d.d.p.c.PublicPlatController - 🔍 addDistanceToResponse called for plat: Kouskous tunisien
2026-02-28 01:08:10 [http-nio-8080-exec-2] INFO  c.d.d.p.c.PublicPlatController - Public search request - query: null, category: null, maxCookTime: null, minRating: null, sortBy: newest, sortOrder: desc, location: 36.86185454999906, 10.16294001999966, radius: 30.0km, page: 1, pageSize: 12
2026-02-28 01:08:10 [http-nio-8080-exec-9] INFO  c.d.d.p.c.PublicPlatController - 📍 Geocoding address for chef 51438312-db03-469c-b476-e4511f8e8e67: 48.990280170713675, 2.0652013945627465
2026-02-28 01:08:10 [http-nio-8080-exec-9] INFO  c.d.dineo.common.util.GeocodingUtil - 📍 Parsed coordinates from address: [48.990280170713675, 2.0652013945627465]
2026-02-28 01:08:10 [http-nio-8080-exec-9] INFO  c.d.dineo.common.util.GeocodingUtil - ✅ Address is already coordinates: [48.990280170713675, 2.0652013945627465]
2026-02-28 01:08:10 [http-nio-8080-exec-9] INFO  c.d.d.p.c.PublicPlatController - ✅ Geocoded to: [48.990280170713675, 2.0652013945627465]
2026-02-28 01:08:10 [http-nio-8080-exec-9] INFO  c.d.d.p.c.PublicPlatController - ✅ Distance calculated for plat Kouskous tunisien: 1499.1 km
2026-02-28 01:08:10 [http-nio-8080-exec-2] INFO  c.d.d.p.c.PublicPlatController - Found 12 available plats in database
2026-02-28 01:08:11 [http-nio-8080-exec-9] INFO  c.d.d.p.c.PublicPlatController - 🔍 addDistanceToResponse called for plat: Sushi
2026-02-28 01:08:11 [http-nio-8080-exec-2] INFO  c.d.d.p.c.PublicPlatController - 🔍 addDistanceToResponse called for plat: Noodels
2026-02-28 01:08:11 [http-nio-8080-exec-9] INFO  c.d.d.p.c.PublicPlatController - 📍 Geocoding address for chef 51438312-db03-469c-b476-e4511f8e8e67: 48.990280170713675, 2.0652013945627465
2026-02-28 01:08:11 [http-nio-8080-exec-9] INFO  c.d.dineo.common.util.GeocodingUtil - 📍 Parsed coordinates from address: [48.990280170713675, 2.0652013945627465]
2026-02-28 01:08:11 [http-nio-8080-exec-9] INFO  c.d.dineo.common.util.GeocodingUtil - ✅ Address is already coordinates: [48.990280170713675, 2.0652013945627465]
2026-02-28 01:08:11 [http-nio-8080-exec-9] INFO  c.d.d.p.c.PublicPlatController - ✅ Geocoded to: [48.990280170713675, 2.0652013945627465]
2026-02-28 01:08:11 [http-nio-8080-exec-9] INFO  c.d.d.p.c.PublicPlatController - ✅ Distance calculated for plat Sushi: 1499.1 km
2026-02-28 01:08:11 [http-nio-8080-exec-2] INFO  c.d.d.p.c.PublicPlatController - 📍 Geocoding address for chef 51438312-db03-469c-b476-e4511f8e8e67: 48.990280170713675, 2.0652013945627465
2026-02-28 01:08:11 [http-nio-8080-exec-2] INFO  c.d.dineo.common.util.GeocodingUtil - 📍 Parsed coordinates from address: [48.990280170713675, 2.0652013945627465]
2026-02-28 01:08:11 [http-nio-8080-exec-2] INFO  c.d.dineo.common.util.GeocodingUtil - ✅ Address is already coordinates: [48.990280170713675, 2.0652013945627465]
2026-02-28 01:08:11 [http-nio-8080-exec-2] INFO  c.d.d.p.c.PublicPlatController - ✅ Geocoded to: [48.990280170713675, 2.0652013945627465]
2026-02-28 01:08:11 [http-nio-8080-exec-2] INFO  c.d.d.p.c.PublicPlatController - ✅ Distance calculated for plat Noodels: 1499.1 km
2026-02-28 01:08:12 [http-nio-8080-exec-9] INFO  c.d.d.p.c.PublicPlatController - 🔍 addDistanceToResponse called for plat: Salade César
2026-02-28 01:08:12 [http-nio-8080-exec-2] INFO  c.d.d.p.c.PublicPlatController - 🔍 addDistanceToResponse called for plat: Fricassé
2026-02-28 01:08:12 [http-nio-8080-exec-9] INFO  c.d.d.p.c.PublicPlatController - 📍 Geocoding address for chef 51438312-db03-469c-b476-e4511f8e8e67: 48.990280170713675, 2.0652013945627465
2026-02-28 01:08:12 [http-nio-8080-exec-9] INFO  c.d.dineo.common.util.GeocodingUtil - 📍 Parsed coordinates from address: [48.990280170713675, 2.0652013945627465]
2026-02-28 01:08:12 [http-nio-8080-exec-9] INFO  c.d.dineo.common.util.GeocodingUtil - ✅ Address is already coordinates: [48.990280170713675, 2.0652013945627465]
2026-02-28 01:08:12 [http-nio-8080-exec-9] INFO  c.d.d.p.c.PublicPlatController - ✅ Geocoded to: [48.990280170713675, 2.0652013945627465]
2026-02-28 01:08:12 [http-nio-8080-exec-9] INFO  c.d.d.p.c.PublicPlatController - ✅ Distance calculated for plat Salade César: 1499.1 km
2026-02-28 01:08:12 [http-nio-8080-exec-2] INFO  c.d.d.p.c.PublicPlatController - 📍 Geocoding address for chef 51438312-db03-469c-b476-e4511f8e8e67: 48.990280170713675, 2.0652013945627465
2026-02-28 01:08:12 [http-nio-8080-exec-2] INFO  c.d.dineo.common.util.GeocodingUtil - 📍 Parsed coordinates from address: [48.990280170713675, 2.0652013945627465]
2026-02-28 01:08:12 [http-nio-8080-exec-2] INFO  c.d.dineo.common.util.GeocodingUtil - ✅ Address is already coordinates: [48.990280170713675, 2.0652013945627465]
2026-02-28 01:08:12 [http-nio-8080-exec-2] INFO  c.d.d.p.c.PublicPlatController - ✅ Geocoded to: [48.990280170713675, 2.0652013945627465]
2026-02-28 01:08:12 [http-nio-8080-exec-2] INFO  c.d.d.p.c.PublicPlatController - ✅ Distance calculated for plat Fricassé: 1499.1 km
2026-02-28 01:08:12 [http-nio-8080-exec-9] INFO  c.d.d.p.c.PublicPlatController - 🔍 addDistanceToResponse called for plat: Pizza
2026-02-28 01:08:13 [http-nio-8080-exec-2] INFO  c.d.d.p.c.PublicPlatController - 🔍 addDistanceToResponse called for plat: lasagne
2026-02-28 01:08:13 [http-nio-8080-exec-9] INFO  c.d.d.p.c.PublicPlatController - 📍 Geocoding address for chef 51438312-db03-469c-b476-e4511f8e8e67: 48.990280170713675, 2.0652013945627465
2026-02-28 01:08:13 [http-nio-8080-exec-9] INFO  c.d.dineo.common.util.GeocodingUtil - 📍 Parsed coordinates from address: [48.990280170713675, 2.0652013945627465]
2026-02-28 01:08:13 [http-nio-8080-exec-9] INFO  c.d.dineo.common.util.GeocodingUtil - ✅ Address is already coordinates: [48.990280170713675, 2.0652013945627465]
2026-02-28 01:08:13 [http-nio-8080-exec-9] INFO  c.d.d.p.c.PublicPlatController - ✅ Geocoded to: [48.990280170713675, 2.0652013945627465]
2026-02-28 01:08:13 [http-nio-8080-exec-9] INFO  c.d.d.p.c.PublicPlatController - ✅ Distance calculated for plat Pizza: 1499.1 km
2026-02-28 01:08:13 [http-nio-8080-exec-2] INFO  c.d.d.p.c.PublicPlatController - 📍 Geocoding address for chef 2b9ae655-331b-44dd-a316-505318613279: 36.86798171618947, 10.170494516278797
2026-02-28 01:08:13 [http-nio-8080-exec-2] INFO  c.d.dineo.common.util.GeocodingUtil - 📍 Parsed coordinates from address: [36.86798171618947, 10.170494516278797]
2026-02-28 01:08:13 [http-nio-8080-exec-2] INFO  c.d.dineo.common.util.GeocodingUtil - ✅ Address is already coordinates: [36.86798171618947, 10.170494516278797]
2026-02-28 01:08:13 [http-nio-8080-exec-2] INFO  c.d.d.p.c.PublicPlatController - ✅ Geocoded to: [36.86798171618947, 10.170494516278797]
2026-02-28 01:08:13 [http-nio-8080-exec-2] INFO  c.d.d.p.c.PublicPlatController - ✅ Distance calculated for plat lasagne: 1.0 km
2026-02-28 01:08:13 [http-nio-8080-exec-9] INFO  c.d.d.p.c.PublicPlatController - 🔍 addDistanceToResponse called for plat: Plat fruit de mer
2026-02-28 01:08:13 [http-nio-8080-exec-2] INFO  c.d.d.p.c.PublicPlatController - 🔍 addDistanceToResponse called for plat: Tacos
2026-02-28 01:08:14 [http-nio-8080-exec-9] INFO  c.d.d.p.c.PublicPlatController - 📍 Geocoding address for chef 51438312-db03-469c-b476-e4511f8e8e67: 48.990280170713675, 2.0652013945627465
2026-02-28 01:08:14 [http-nio-8080-exec-9] INFO  c.d.dineo.common.util.GeocodingUtil - 📍 Parsed coordinates from address: [48.990280170713675, 2.0652013945627465]
2026-02-28 01:08:14 [http-nio-8080-exec-9] INFO  c.d.dineo.common.util.GeocodingUtil - ✅ Address is already coordinates: [48.990280170713675, 2.0652013945627465]
2026-02-28 01:08:14 [http-nio-8080-exec-9] INFO  c.d.d.p.c.PublicPlatController - ✅ Geocoded to: [48.990280170713675, 2.0652013945627465]
2026-02-28 01:08:14 [http-nio-8080-exec-9] INFO  c.d.d.p.c.PublicPlatController - ✅ Distance calculated for plat Plat fruit de mer: 1499.1 km
2026-02-28 01:08:14 [http-nio-8080-exec-2] INFO  c.d.d.p.c.PublicPlatController - 📍 Geocoding address for chef 51438312-db03-469c-b476-e4511f8e8e67: 48.990280170713675, 2.0652013945627465
2026-02-28 01:08:14 [http-nio-8080-exec-2] INFO  c.d.dineo.common.util.GeocodingUtil - 📍 Parsed coordinates from address: [48.990280170713675, 2.0652013945627465]
2026-02-28 01:08:14 [http-nio-8080-exec-2] INFO  c.d.dineo.common.util.GeocodingUtil - ✅ Address is already coordinates: [48.990280170713675, 2.0652013945627465]
2026-02-28 01:08:14 [http-nio-8080-exec-2] INFO  c.d.d.p.c.PublicPlatController - ✅ Geocoded to: [48.990280170713675, 2.0652013945627465]
2026-02-28 01:08:14 [http-nio-8080-exec-2] INFO  c.d.d.p.c.PublicPlatController - ✅ Distance calculated for plat Tacos: 1499.1 km
2026-02-28 01:08:14 [http-nio-8080-exec-9] INFO  c.d.d.p.c.PublicPlatController - 🔍 addDistanceToResponse called for plat: Par-là
2026-02-28 01:08:14 [http-nio-8080-exec-2] INFO  c.d.d.p.c.PublicPlatController - 🔍 addDistanceToResponse called for plat: Tiramisu
2026-02-28 01:08:14 [http-nio-8080-exec-9] INFO  c.d.d.p.c.PublicPlatController - 📍 Geocoding address for chef 51438312-db03-469c-b476-e4511f8e8e67: 48.990280170713675, 2.0652013945627465
2026-02-28 01:08:14 [http-nio-8080-exec-9] INFO  c.d.dineo.common.util.GeocodingUtil - 📍 Parsed coordinates from address: [48.990280170713675, 2.0652013945627465]
2026-02-28 01:08:14 [http-nio-8080-exec-9] INFO  c.d.dineo.common.util.GeocodingUtil - ✅ Address is already coordinates: [48.990280170713675, 2.0652013945627465]
2026-02-28 01:08:14 [http-nio-8080-exec-9] INFO  c.d.d.p.c.PublicPlatController - ✅ Geocoded to: [48.990280170713675, 2.0652013945627465]
2026-02-28 01:08:14 [http-nio-8080-exec-9] INFO  c.d.d.p.c.PublicPlatController - ✅ Distance calculated for plat Par-là: 1499.1 km
2026-02-28 01:08:14 [http-nio-8080-exec-9] INFO  c.d.d.p.c.PublicPlatController - After all filters: 1 plats remaining
2026-02-28 01:08:14 [http-nio-8080-exec-9] INFO  c.d.d.p.c.PublicPlatController - Search returned 1 total results, page 1/1
2026-02-28 01:08:15 [http-nio-8080-exec-2] INFO  c.d.d.p.c.PublicPlatController - 📍 Geocoding address for chef 51438312-db03-469c-b476-e4511f8e8e67: 48.990280170713675, 2.0652013945627465
2026-02-28 01:08:15 [http-nio-8080-exec-2] INFO  c.d.dineo.common.util.GeocodingUtil - 📍 Parsed coordinates from address: [48.990280170713675, 2.0652013945627465]
2026-02-28 01:08:15 [http-nio-8080-exec-2] INFO  c.d.dineo.common.util.GeocodingUtil - ✅ Address is already coordinates: [48.990280170713675, 2.0652013945627465]
2026-02-28 01:08:15 [http-nio-8080-exec-2] INFO  c.d.d.p.c.PublicPlatController - ✅ Geocoded to: [48.990280170713675, 2.0652013945627465]
2026-02-28 01:08:15 [http-nio-8080-exec-2] INFO  c.d.d.p.c.PublicPlatController - ✅ Distance calculated for plat Tiramisu: 1499.1 km
2026-02-28 01:08:15 [http-nio-8080-exec-2] INFO  c.d.d.p.c.PublicPlatController - 🔍 addDistanceToResponse called for plat: Steak
2026-02-28 01:08:16 [http-nio-8080-exec-2] INFO  c.d.d.p.c.PublicPlatController - 📍 Geocoding address for chef 51438312-db03-469c-b476-e4511f8e8e67: 48.990280170713675, 2.0652013945627465
2026-02-28 01:08:16 [http-nio-8080-exec-2] INFO  c.d.dineo.common.util.GeocodingUtil - 📍 Parsed coordinates from address: [48.990280170713675, 2.0652013945627465]
2026-02-28 01:08:16 [http-nio-8080-exec-2] INFO  c.d.dineo.common.util.GeocodingUtil - ✅ Address is already coordinates: [48.990280170713675, 2.0652013945627465]
2026-02-28 01:08:16 [http-nio-8080-exec-2] INFO  c.d.d.p.c.PublicPlatController - ✅ Geocoded to: [48.990280170713675, 2.0652013945627465]
2026-02-28 01:08:16 [http-nio-8080-exec-2] INFO  c.d.d.p.c.PublicPlatController - ✅ Distance calculated for plat Steak: 1499.1 km
2026-02-28 01:08:16 [http-nio-8080-exec-2] INFO  c.d.d.p.c.PublicPlatController - 🔍 addDistanceToResponse called for plat: Kouskous tunisien
2026-02-28 01:08:16 [http-nio-8080-exec-2] INFO  c.d.d.p.c.PublicPlatController - 📍 Geocoding address for chef 51438312-db03-469c-b476-e4511f8e8e67: 48.990280170713675, 2.0652013945627465
2026-02-28 01:08:16 [http-nio-8080-exec-2] INFO  c.d.dineo.common.util.GeocodingUtil - 📍 Parsed coordinates from address: [48.990280170713675, 2.0652013945627465]
2026-02-28 01:08:16 [http-nio-8080-exec-2] INFO  c.d.dineo.common.util.GeocodingUtil - ✅ Address is already coordinates: [48.990280170713675, 2.0652013945627465]
2026-02-28 01:08:16 [http-nio-8080-exec-2] INFO  c.d.d.p.c.PublicPlatController - ✅ Geocoded to: [48.990280170713675, 2.0652013945627465]
2026-02-28 01:08:16 [http-nio-8080-exec-2] INFO  c.d.d.p.c.PublicPlatController - ✅ Distance calculated for plat Kouskous tunisien: 1499.1 km
2026-02-28 01:08:17 [http-nio-8080-exec-2] INFO  c.d.d.p.c.PublicPlatController - 🔍 addDistanceToResponse called for plat: Sushi
2026-02-28 01:08:17 [http-nio-8080-exec-2] INFO  c.d.d.p.c.PublicPlatController - 📍 Geocoding address for chef 51438312-db03-469c-b476-e4511f8e8e67: 48.990280170713675, 2.0652013945627465
2026-02-28 01:08:17 [http-nio-8080-exec-2] INFO  c.d.dineo.common.util.GeocodingUtil - 📍 Parsed coordinates from address: [48.990280170713675, 2.0652013945627465]
2026-02-28 01:08:17 [http-nio-8080-exec-2] INFO  c.d.dineo.common.util.GeocodingUtil - ✅ Address is already coordinates: [48.990280170713675, 2.0652013945627465]
2026-02-28 01:08:17 [http-nio-8080-exec-2] INFO  c.d.d.p.c.PublicPlatController - ✅ Geocoded to: [48.990280170713675, 2.0652013945627465]
2026-02-28 01:08:17 [http-nio-8080-exec-2] INFO  c.d.d.p.c.PublicPlatController - ✅ Distance calculated for plat Sushi: 1499.1 km
2026-02-28 01:08:18 [http-nio-8080-exec-2] INFO  c.d.d.p.c.PublicPlatController - 🔍 addDistanceToResponse called for plat: Salade César
2026-02-28 01:08:18 [http-nio-8080-exec-2] INFO  c.d.d.p.c.PublicPlatController - 📍 Geocoding address for chef 51438312-db03-469c-b476-e4511f8e8e67: 48.990280170713675, 2.0652013945627465
2026-02-28 01:08:18 [http-nio-8080-exec-2] INFO  c.d.dineo.common.util.GeocodingUtil - 📍 Parsed coordinates from address: [48.990280170713675, 2.0652013945627465]
2026-02-28 01:08:18 [http-nio-8080-exec-2] INFO  c.d.dineo.common.util.GeocodingUtil - ✅ Address is already coordinates: [48.990280170713675, 2.0652013945627465]
2026-02-28 01:08:18 [http-nio-8080-exec-2] INFO  c.d.d.p.c.PublicPlatController - ✅ Geocoded to: [48.990280170713675, 2.0652013945627465]
2026-02-28 01:08:18 [http-nio-8080-exec-2] INFO  c.d.d.p.c.PublicPlatController - ✅ Distance calculated for plat Salade César: 1499.1 km
2026-02-28 01:08:19 [http-nio-8080-exec-2] INFO  c.d.d.p.c.PublicPlatController - 🔍 addDistanceToResponse called for plat: Pizza
2026-02-28 01:08:19 [http-nio-8080-exec-2] INFO  c.d.d.p.c.PublicPlatController - 📍 Geocoding address for chef 51438312-db03-469c-b476-e4511f8e8e67: 48.990280170713675, 2.0652013945627465
2026-02-28 01:08:19 [http-nio-8080-exec-2] INFO  c.d.dineo.common.util.GeocodingUtil - 📍 Parsed coordinates from address: [48.990280170713675, 2.0652013945627465]
2026-02-28 01:08:19 [http-nio-8080-exec-2] INFO  c.d.dineo.common.util.GeocodingUtil - ✅ Address is already coordinates: [48.990280170713675, 2.0652013945627465]
2026-02-28 01:08:19 [http-nio-8080-exec-2] INFO  c.d.d.p.c.PublicPlatController - ✅ Geocoded to: [48.990280170713675, 2.0652013945627465]
2026-02-28 01:08:19 [http-nio-8080-exec-2] INFO  c.d.d.p.c.PublicPlatController - ✅ Distance calculated for plat Pizza: 1499.1 km
2026-02-28 01:08:19 [http-nio-8080-exec-2] INFO  c.d.d.p.c.PublicPlatController - 🔍 addDistanceToResponse called for plat: Plat fruit de mer
2026-02-28 01:08:20 [http-nio-8080-exec-2] INFO  c.d.d.p.c.PublicPlatController - 📍 Geocoding address for chef 51438312-db03-469c-b476-e4511f8e8e67: 48.990280170713675, 2.0652013945627465
2026-02-28 01:08:20 [http-nio-8080-exec-2] INFO  c.d.dineo.common.util.GeocodingUtil - 📍 Parsed coordinates from address: [48.990280170713675, 2.0652013945627465]
2026-02-28 01:08:20 [http-nio-8080-exec-2] INFO  c.d.dineo.common.util.GeocodingUtil - ✅ Address is already coordinates: [48.990280170713675, 2.0652013945627465]
2026-02-28 01:08:20 [http-nio-8080-exec-2] INFO  c.d.d.p.c.PublicPlatController - ✅ Geocoded to: [48.990280170713675, 2.0652013945627465]
2026-02-28 01:08:20 [http-nio-8080-exec-2] INFO  c.d.d.p.c.PublicPlatController - ✅ Distance calculated for plat Plat fruit de mer: 1499.1 km
2026-02-28 01:08:20 [http-nio-8080-exec-2] INFO  c.d.d.p.c.PublicPlatController - 🔍 addDistanceToResponse called for plat: Par-là
2026-02-28 01:08:21 [http-nio-8080-exec-2] INFO  c.d.d.p.c.PublicPlatController - 📍 Geocoding address for chef 51438312-db03-469c-b476-e4511f8e8e67: 48.990280170713675, 2.0652013945627465
2026-02-28 01:08:21 [http-nio-8080-exec-2] INFO  c.d.dineo.common.util.GeocodingUtil - 📍 Parsed coordinates from address: [48.990280170713675, 2.0652013945627465]
2026-02-28 01:08:21 [http-nio-8080-exec-2] INFO  c.d.dineo.common.util.GeocodingUtil - ✅ Address is already coordinates: [48.990280170713675, 2.0652013945627465]
2026-02-28 01:08:21 [http-nio-8080-exec-2] INFO  c.d.d.p.c.PublicPlatController - ✅ Geocoded to: [48.990280170713675, 2.0652013945627465]
2026-02-28 01:08:21 [http-nio-8080-exec-2] INFO  c.d.d.p.c.PublicPlatController - ✅ Distance calculated for plat Par-là: 1499.1 km
2026-02-28 01:08:21 [http-nio-8080-exec-2] INFO  c.d.d.p.c.PublicPlatController - After all filters: 1 plats remaining
2026-02-28 01:08:21 [http-nio-8080-exec-2] INFO  c.d.d.p.c.PublicPlatController - Search returned 1 total results, page 1/1
2026-02-28 01:08:52 [http-nio-8080-exec-7] INFO  c.d.d.p.c.PublicPlatController - Public request to get categories (location: 36.86185455000039, 10.162940020000146, radius: 30.0km)
2026-02-28 01:08:52 [http-nio-8080-exec-10] INFO  c.d.d.p.c.PublicPlatController - Public search request - query: null, category: null, maxCookTime: null, minRating: null, sortBy: newest, sortOrder: desc, location: 36.86185455000039, 10.162940020000146, radius: 30.0km, page: 1, pageSize: 12
2026-02-28 01:08:52 [http-nio-8080-exec-7] INFO  c.d.d.p.c.PublicPlatController - Found 12 available plats before filtering
2026-02-28 01:08:52 [http-nio-8080-exec-10] INFO  c.d.d.p.c.PublicPlatController - Found 12 available plats in database
2026-02-28 01:08:53 [http-nio-8080-exec-7] INFO  c.d.dineo.common.util.GeocodingUtil - 📍 Parsed coordinates from address: [48.990280170713675, 2.0652013945627465]
2026-02-28 01:08:53 [http-nio-8080-exec-7] INFO  c.d.dineo.common.util.GeocodingUtil - ✅ Address is already coordinates: [48.990280170713675, 2.0652013945627465]
2026-02-28 01:08:53 [http-nio-8080-exec-7] INFO  c.d.dineo.common.util.GeocodingUtil - 📍 Parsed coordinates from address: [48.990280170713675, 2.0652013945627465]
2026-02-28 01:08:53 [http-nio-8080-exec-7] INFO  c.d.dineo.common.util.GeocodingUtil - ✅ Address is already coordinates: [48.990280170713675, 2.0652013945627465]
2026-02-28 01:08:53 [http-nio-8080-exec-10] INFO  c.d.d.p.c.PublicPlatController - 🔍 addDistanceToResponse called for plat: Noodels
2026-02-28 01:08:53 [http-nio-8080-exec-10] INFO  c.d.d.p.c.PublicPlatController - 📍 Geocoding address for chef 51438312-db03-469c-b476-e4511f8e8e67: 48.990280170713675, 2.0652013945627465
2026-02-28 01:08:53 [http-nio-8080-exec-10] INFO  c.d.dineo.common.util.GeocodingUtil - 📍 Parsed coordinates from address: [48.990280170713675, 2.0652013945627465]
2026-02-28 01:08:53 [http-nio-8080-exec-10] INFO  c.d.dineo.common.util.GeocodingUtil - ✅ Address is already coordinates: [48.990280170713675, 2.0652013945627465]
2026-02-28 01:08:53 [http-nio-8080-exec-10] INFO  c.d.d.p.c.PublicPlatController - ✅ Geocoded to: [48.990280170713675, 2.0652013945627465]
2026-02-28 01:08:53 [http-nio-8080-exec-10] INFO  c.d.d.p.c.PublicPlatController - ✅ Distance calculated for plat Noodels: 1499.1 km
2026-02-28 01:08:53 [http-nio-8080-exec-7] INFO  c.d.dineo.common.util.GeocodingUtil - 📍 Parsed coordinates from address: [36.86798171618947, 10.170494516278797]
2026-02-28 01:08:53 [http-nio-8080-exec-7] INFO  c.d.dineo.common.util.GeocodingUtil - ✅ Address is already coordinates: [36.86798171618947, 10.170494516278797]
2026-02-28 01:08:54 [http-nio-8080-exec-7] INFO  c.d.dineo.common.util.GeocodingUtil - 📍 Parsed coordinates from address: [48.990280170713675, 2.0652013945627465]
2026-02-28 01:08:54 [http-nio-8080-exec-7] INFO  c.d.dineo.common.util.GeocodingUtil - ✅ Address is already coordinates: [48.990280170713675, 2.0652013945627465]
2026-02-28 01:08:54 [http-nio-8080-exec-10] INFO  c.d.d.p.c.PublicPlatController - 🔍 addDistanceToResponse called for plat: Fricassé
2026-02-28 01:08:54 [http-nio-8080-exec-7] INFO  c.d.dineo.common.util.GeocodingUtil - 📍 Parsed coordinates from address: [48.990280170713675, 2.0652013945627465]
2026-02-28 01:08:54 [http-nio-8080-exec-7] INFO  c.d.dineo.common.util.GeocodingUtil - ✅ Address is already coordinates: [48.990280170713675, 2.0652013945627465]
2026-02-28 01:08:54 [http-nio-8080-exec-10] INFO  c.d.d.p.c.PublicPlatController - 📍 Geocoding address for chef 51438312-db03-469c-b476-e4511f8e8e67: 48.990280170713675, 2.0652013945627465
2026-02-28 01:08:54 [http-nio-8080-exec-10] INFO  c.d.dineo.common.util.GeocodingUtil - 📍 Parsed coordinates from address: [48.990280170713675, 2.0652013945627465]
2026-02-28 01:08:54 [http-nio-8080-exec-10] INFO  c.d.dineo.common.util.GeocodingUtil - ✅ Address is already coordinates: [48.990280170713675, 2.0652013945627465]
2026-02-28 01:08:54 [http-nio-8080-exec-10] INFO  c.d.d.p.c.PublicPlatController - ✅ Geocoded to: [48.990280170713675, 2.0652013945627465]
2026-02-28 01:08:54 [http-nio-8080-exec-10] INFO  c.d.d.p.c.PublicPlatController - ✅ Distance calculated for plat Fricassé: 1499.1 km
2026-02-28 01:08:54 [http-nio-8080-exec-7] INFO  c.d.dineo.common.util.GeocodingUtil - 📍 Parsed coordinates from address: [48.990280170713675, 2.0652013945627465]
2026-02-28 01:08:54 [http-nio-8080-exec-7] INFO  c.d.dineo.common.util.GeocodingUtil - ✅ Address is already coordinates: [48.990280170713675, 2.0652013945627465]
2026-02-28 01:08:54 [http-nio-8080-exec-7] INFO  c.d.dineo.common.util.GeocodingUtil - 📍 Parsed coordinates from address: [48.990280170713675, 2.0652013945627465]
2026-02-28 01:08:54 [http-nio-8080-exec-7] INFO  c.d.dineo.common.util.GeocodingUtil - ✅ Address is already coordinates: [48.990280170713675, 2.0652013945627465]
2026-02-28 01:08:55 [http-nio-8080-exec-7] INFO  c.d.dineo.common.util.GeocodingUtil - 📍 Parsed coordinates from address: [48.990280170713675, 2.0652013945627465]
2026-02-28 01:08:55 [http-nio-8080-exec-7] INFO  c.d.dineo.common.util.GeocodingUtil - ✅ Address is already coordinates: [48.990280170713675, 2.0652013945627465]
2026-02-28 01:08:55 [http-nio-8080-exec-10] INFO  c.d.d.p.c.PublicPlatController - 🔍 addDistanceToResponse called for plat: lasagne
2026-02-28 01:08:55 [http-nio-8080-exec-7] INFO  c.d.dineo.common.util.GeocodingUtil - 📍 Parsed coordinates from address: [48.990280170713675, 2.0652013945627465]
2026-02-28 01:08:55 [http-nio-8080-exec-7] INFO  c.d.dineo.common.util.GeocodingUtil - ✅ Address is already coordinates: [48.990280170713675, 2.0652013945627465]
2026-02-28 01:08:55 [http-nio-8080-exec-10] INFO  c.d.d.p.c.PublicPlatController - 📍 Geocoding address for chef 2b9ae655-331b-44dd-a316-505318613279: 36.86798171618947, 10.170494516278797
2026-02-28 01:08:55 [http-nio-8080-exec-10] INFO  c.d.dineo.common.util.GeocodingUtil - 📍 Parsed coordinates from address: [36.86798171618947, 10.170494516278797]
2026-02-28 01:08:55 [http-nio-8080-exec-10] INFO  c.d.dineo.common.util.GeocodingUtil - ✅ Address is already coordinates: [36.86798171618947, 10.170494516278797]
2026-02-28 01:08:55 [http-nio-8080-exec-10] INFO  c.d.d.p.c.PublicPlatController - ✅ Geocoded to: [36.86798171618947, 10.170494516278797]
2026-02-28 01:08:55 [http-nio-8080-exec-10] INFO  c.d.d.p.c.PublicPlatController - ✅ Distance calculated for plat lasagne: 1.0 km
2026-02-28 01:08:55 [http-nio-8080-exec-7] INFO  c.d.dineo.common.util.GeocodingUtil - 📍 Parsed coordinates from address: [48.990280170713675, 2.0652013945627465]
2026-02-28 01:08:55 [http-nio-8080-exec-7] INFO  c.d.dineo.common.util.GeocodingUtil - ✅ Address is already coordinates: [48.990280170713675, 2.0652013945627465]
2026-02-28 01:08:56 [http-nio-8080-exec-7] INFO  c.d.dineo.common.util.GeocodingUtil - 📍 Parsed coordinates from address: [48.990280170713675, 2.0652013945627465]
2026-02-28 01:08:56 [http-nio-8080-exec-7] INFO  c.d.dineo.common.util.GeocodingUtil - ✅ Address is already coordinates: [48.990280170713675, 2.0652013945627465]
2026-02-28 01:08:56 [http-nio-8080-exec-10] INFO  c.d.d.p.c.PublicPlatController - 🔍 addDistanceToResponse called for plat: Tacos
2026-02-28 01:08:56 [http-nio-8080-exec-7] INFO  c.d.dineo.common.util.GeocodingUtil - 📍 Parsed coordinates from address: [48.990280170713675, 2.0652013945627465]
2026-02-28 01:08:56 [http-nio-8080-exec-7] INFO  c.d.dineo.common.util.GeocodingUtil - ✅ Address is already coordinates: [48.990280170713675, 2.0652013945627465]
2026-02-28 01:08:56 [http-nio-8080-exec-7] INFO  c.d.d.p.c.PublicPlatController - After location filtering: 1 plats within 30.0km
2026-02-28 01:08:56 [http-nio-8080-exec-10] INFO  c.d.d.p.c.PublicPlatController - 📍 Geocoding address for chef 51438312-db03-469c-b476-e4511f8e8e67: 48.990280170713675, 2.0652013945627465
2026-02-28 01:08:56 [http-nio-8080-exec-10] INFO  c.d.dineo.common.util.GeocodingUtil - 📍 Parsed coordinates from address: [48.990280170713675, 2.0652013945627465]
2026-02-28 01:08:56 [http-nio-8080-exec-10] INFO  c.d.dineo.common.util.GeocodingUtil - ✅ Address is already coordinates: [48.990280170713675, 2.0652013945627465]
2026-02-28 01:08:56 [http-nio-8080-exec-10] INFO  c.d.d.p.c.PublicPlatController - ✅ Geocoded to: [48.990280170713675, 2.0652013945627465]
2026-02-28 01:08:56 [http-nio-8080-exec-10] INFO  c.d.d.p.c.PublicPlatController - ✅ Distance calculated for plat Tacos: 1499.1 km
2026-02-28 01:08:56 [http-nio-8080-exec-7] INFO  c.d.d.p.c.PublicPlatController - Found 2 unique categories from filtered plats
2026-02-28 01:08:56 [http-nio-8080-exec-10] INFO  c.d.d.p.c.PublicPlatController - 🔍 addDistanceToResponse called for plat: Tiramisu
2026-02-28 01:08:57 [http-nio-8080-exec-10] INFO  c.d.d.p.c.PublicPlatController - 📍 Geocoding address for chef 51438312-db03-469c-b476-e4511f8e8e67: 48.990280170713675, 2.0652013945627465
2026-02-28 01:08:57 [http-nio-8080-exec-10] INFO  c.d.dineo.common.util.GeocodingUtil - 📍 Parsed coordinates from address: [48.990280170713675, 2.0652013945627465]
2026-02-28 01:08:57 [http-nio-8080-exec-10] INFO  c.d.dineo.common.util.GeocodingUtil - ✅ Address is already coordinates: [48.990280170713675, 2.0652013945627465]
2026-02-28 01:08:57 [http-nio-8080-exec-10] INFO  c.d.d.p.c.PublicPlatController - ✅ Geocoded to: [48.990280170713675, 2.0652013945627465]
2026-02-28 01:08:57 [http-nio-8080-exec-10] INFO  c.d.d.p.c.PublicPlatController - ✅ Distance calculated for plat Tiramisu: 1499.1 km
2026-02-28 01:08:57 [http-nio-8080-exec-10] INFO  c.d.d.p.c.PublicPlatController - 🔍 addDistanceToResponse called for plat: Steak
2026-02-28 01:08:58 [http-nio-8080-exec-10] INFO  c.d.d.p.c.PublicPlatController - 📍 Geocoding address for chef 51438312-db03-469c-b476-e4511f8e8e67: 48.990280170713675, 2.0652013945627465
2026-02-28 01:08:58 [http-nio-8080-exec-10] INFO  c.d.dineo.common.util.GeocodingUtil - 📍 Parsed coordinates from address: [48.990280170713675, 2.0652013945627465]
2026-02-28 01:08:58 [http-nio-8080-exec-10] INFO  c.d.dineo.common.util.GeocodingUtil - ✅ Address is already coordinates: [48.990280170713675, 2.0652013945627465]
2026-02-28 01:08:58 [http-nio-8080-exec-10] INFO  c.d.d.p.c.PublicPlatController - ✅ Geocoded to: [48.990280170713675, 2.0652013945627465]
2026-02-28 01:08:58 [http-nio-8080-exec-10] INFO  c.d.d.p.c.PublicPlatController - ✅ Distance calculated for plat Steak: 1499.1 km
2026-02-28 01:08:58 [http-nio-8080-exec-10] INFO  c.d.d.p.c.PublicPlatController - 🔍 addDistanceToResponse called for plat: Kouskous tunisien
2026-02-28 01:08:58 [http-nio-8080-exec-10] INFO  c.d.d.p.c.PublicPlatController - 📍 Geocoding address for chef 51438312-db03-469c-b476-e4511f8e8e67: 48.990280170713675, 2.0652013945627465
2026-02-28 01:08:58 [http-nio-8080-exec-10] INFO  c.d.dineo.common.util.GeocodingUtil - 📍 Parsed coordinates from address: [48.990280170713675, 2.0652013945627465]
2026-02-28 01:08:58 [http-nio-8080-exec-10] INFO  c.d.dineo.common.util.GeocodingUtil - ✅ Address is already coordinates: [48.990280170713675, 2.0652013945627465]
2026-02-28 01:08:58 [http-nio-8080-exec-10] INFO  c.d.d.p.c.PublicPlatController - ✅ Geocoded to: [48.990280170713675, 2.0652013945627465]
2026-02-28 01:08:58 [http-nio-8080-exec-10] INFO  c.d.d.p.c.PublicPlatController - ✅ Distance calculated for plat Kouskous tunisien: 1499.1 km
2026-02-28 01:08:59 [http-nio-8080-exec-10] INFO  c.d.d.p.c.PublicPlatController - 🔍 addDistanceToResponse called for plat: Sushi
2026-02-28 01:08:59 [http-nio-8080-exec-10] INFO  c.d.d.p.c.PublicPlatController - 📍 Geocoding address for chef 51438312-db03-469c-b476-e4511f8e8e67: 48.990280170713675, 2.0652013945627465
2026-02-28 01:08:59 [http-nio-8080-exec-10] INFO  c.d.dineo.common.util.GeocodingUtil - 📍 Parsed coordinates from address: [48.990280170713675, 2.0652013945627465]
2026-02-28 01:08:59 [http-nio-8080-exec-10] INFO  c.d.dineo.common.util.GeocodingUtil - ✅ Address is already coordinates: [48.990280170713675, 2.0652013945627465]
2026-02-28 01:08:59 [http-nio-8080-exec-10] INFO  c.d.d.p.c.PublicPlatController - ✅ Geocoded to: [48.990280170713675, 2.0652013945627465]
2026-02-28 01:08:59 [http-nio-8080-exec-10] INFO  c.d.d.p.c.PublicPlatController - ✅ Distance calculated for plat Sushi: 1499.1 km
2026-02-28 01:09:00 [http-nio-8080-exec-10] INFO  c.d.d.p.c.PublicPlatController - 🔍 addDistanceToResponse called for plat: Salade César
2026-02-28 01:09:00 [http-nio-8080-exec-10] INFO  c.d.d.p.c.PublicPlatController - 📍 Geocoding address for chef 51438312-db03-469c-b476-e4511f8e8e67: 48.990280170713675, 2.0652013945627465
2026-02-28 01:09:00 [http-nio-8080-exec-10] INFO  c.d.dineo.common.util.GeocodingUtil - 📍 Parsed coordinates from address: [48.990280170713675, 2.0652013945627465]
2026-02-28 01:09:00 [http-nio-8080-exec-10] INFO  c.d.dineo.common.util.GeocodingUtil - ✅ Address is already coordinates: [48.990280170713675, 2.0652013945627465]
2026-02-28 01:09:00 [http-nio-8080-exec-10] INFO  c.d.d.p.c.PublicPlatController - ✅ Geocoded to: [48.990280170713675, 2.0652013945627465]
2026-02-28 01:09:00 [http-nio-8080-exec-10] INFO  c.d.d.p.c.PublicPlatController - ✅ Distance calculated for plat Salade César: 1499.1 km
2026-02-28 01:09:01 [http-nio-8080-exec-10] INFO  c.d.d.p.c.PublicPlatController - 🔍 addDistanceToResponse called for plat: Pizza
2026-02-28 01:09:01 [http-nio-8080-exec-10] INFO  c.d.d.p.c.PublicPlatController - 📍 Geocoding address for chef 51438312-db03-469c-b476-e4511f8e8e67: 48.990280170713675, 2.0652013945627465
2026-02-28 01:09:01 [http-nio-8080-exec-10] INFO  c.d.dineo.common.util.GeocodingUtil - 📍 Parsed coordinates from address: [48.990280170713675, 2.0652013945627465]
2026-02-28 01:09:01 [http-nio-8080-exec-10] INFO  c.d.dineo.common.util.GeocodingUtil - ✅ Address is already coordinates: [48.990280170713675, 2.0652013945627465]
2026-02-28 01:09:01 [http-nio-8080-exec-10] INFO  c.d.d.p.c.PublicPlatController - ✅ Geocoded to: [48.990280170713675, 2.0652013945627465]
2026-02-28 01:09:01 [http-nio-8080-exec-10] INFO  c.d.d.p.c.PublicPlatController - ✅ Distance calculated for plat Pizza: 1499.1 km
2026-02-28 01:09:01 [http-nio-8080-exec-10] INFO  c.d.d.p.c.PublicPlatController - 🔍 addDistanceToResponse called for plat: Plat fruit de mer
2026-02-28 01:09:02 [http-nio-8080-exec-10] INFO  c.d.d.p.c.PublicPlatController - 📍 Geocoding address for chef 51438312-db03-469c-b476-e4511f8e8e67: 48.990280170713675, 2.0652013945627465
2026-02-28 01:09:02 [http-nio-8080-exec-10] INFO  c.d.dineo.common.util.GeocodingUtil - 📍 Parsed coordinates from address: [48.990280170713675, 2.0652013945627465]
2026-02-28 01:09:02 [http-nio-8080-exec-10] INFO  c.d.dineo.common.util.GeocodingUtil - ✅ Address is already coordinates: [48.990280170713675, 2.0652013945627465]
2026-02-28 01:09:02 [http-nio-8080-exec-10] INFO  c.d.d.p.c.PublicPlatController - ✅ Geocoded to: [48.990280170713675, 2.0652013945627465]
2026-02-28 01:09:02 [http-nio-8080-exec-10] INFO  c.d.d.p.c.PublicPlatController - ✅ Distance calculated for plat Plat fruit de mer: 1499.1 km
2026-02-28 01:09:02 [http-nio-8080-exec-10] INFO  c.d.d.p.c.PublicPlatController - 🔍 addDistanceToResponse called for plat: Par-là
2026-02-28 01:09:02 [http-nio-8080-exec-10] INFO  c.d.d.p.c.PublicPlatController - 📍 Geocoding address for chef 51438312-db03-469c-b476-e4511f8e8e67: 48.990280170713675, 2.0652013945627465
2026-02-28 01:09:02 [http-nio-8080-exec-10] INFO  c.d.dineo.common.util.GeocodingUtil - 📍 Parsed coordinates from address: [48.990280170713675, 2.0652013945627465]
2026-02-28 01:09:02 [http-nio-8080-exec-10] INFO  c.d.dineo.common.util.GeocodingUtil - ✅ Address is already coordinates: [48.990280170713675, 2.0652013945627465]
2026-02-28 01:09:02 [http-nio-8080-exec-10] INFO  c.d.d.p.c.PublicPlatController - ✅ Geocoded to: [48.990280170713675, 2.0652013945627465]
2026-02-28 01:09:02 [http-nio-8080-exec-10] INFO  c.d.d.p.c.PublicPlatController - ✅ Distance calculated for plat Par-là: 1499.1 km
2026-02-28 01:09:02 [http-nio-8080-exec-10] INFO  c.d.d.p.c.PublicPlatController - After all filters: 1 plats remaining
2026-02-28 01:09:02 [http-nio-8080-exec-10] INFO  c.d.d.p.c.PublicPlatController - Search returned 1 total results, page 1/1
2026-02-28 01:10:18 [http-nio-8080-exec-8] INFO  c.d.d.p.c.PublicPlatController - Public search request - query: null, category: null, maxCookTime: null, minRating: null, sortBy: newest, sortOrder: desc, location: 36.86185454999997, 10.162940019999994, radius: 30.0km, page: 1, pageSize: 12
2026-02-28 01:10:18 [http-nio-8080-exec-1] INFO  c.d.d.p.c.PublicPlatController - Public request to get categories (location: 36.86185454999997, 10.162940019999994, radius: 30.0km)
2026-02-28 01:10:18 [http-nio-8080-exec-8] INFO  c.d.d.p.c.PublicPlatController - Found 12 available plats in database
2026-02-28 01:10:18 [http-nio-8080-exec-1] INFO  c.d.d.p.c.PublicPlatController - Found 12 available plats before filtering
2026-02-28 01:10:19 [http-nio-8080-exec-1] INFO  c.d.dineo.common.util.GeocodingUtil - 📍 Parsed coordinates from address: [48.990280170713675, 2.0652013945627465]
2026-02-28 01:10:19 [http-nio-8080-exec-1] INFO  c.d.dineo.common.util.GeocodingUtil - ✅ Address is already coordinates: [48.990280170713675, 2.0652013945627465]
2026-02-28 01:10:19 [http-nio-8080-exec-1] INFO  c.d.dineo.common.util.GeocodingUtil - 📍 Parsed coordinates from address: [48.990280170713675, 2.0652013945627465]
2026-02-28 01:10:19 [http-nio-8080-exec-1] INFO  c.d.dineo.common.util.GeocodingUtil - ✅ Address is already coordinates: [48.990280170713675, 2.0652013945627465]
2026-02-28 01:10:19 [http-nio-8080-exec-8] INFO  c.d.d.p.c.PublicPlatController - 🔍 addDistanceToResponse called for plat: Noodels
2026-02-28 01:10:19 [http-nio-8080-exec-1] INFO  c.d.dineo.common.util.GeocodingUtil - 📍 Parsed coordinates from address: [36.86798171618947, 10.170494516278797]
2026-02-28 01:10:19 [http-nio-8080-exec-1] INFO  c.d.dineo.common.util.GeocodingUtil - ✅ Address is already coordinates: [36.86798171618947, 10.170494516278797]
2026-02-28 01:10:19 [http-nio-8080-exec-8] INFO  c.d.d.p.c.PublicPlatController - 📍 Geocoding address for chef 51438312-db03-469c-b476-e4511f8e8e67: 48.990280170713675, 2.0652013945627465
2026-02-28 01:10:19 [http-nio-8080-exec-8] INFO  c.d.dineo.common.util.GeocodingUtil - 📍 Parsed coordinates from address: [48.990280170713675, 2.0652013945627465]
2026-02-28 01:10:19 [http-nio-8080-exec-8] INFO  c.d.dineo.common.util.GeocodingUtil - ✅ Address is already coordinates: [48.990280170713675, 2.0652013945627465]
2026-02-28 01:10:19 [http-nio-8080-exec-8] INFO  c.d.d.p.c.PublicPlatController - ✅ Geocoded to: [48.990280170713675, 2.0652013945627465]
2026-02-28 01:10:19 [http-nio-8080-exec-8] INFO  c.d.d.p.c.PublicPlatController - ✅ Distance calculated for plat Noodels: 1499.1 km
2026-02-28 01:10:19 [http-nio-8080-exec-1] INFO  c.d.dineo.common.util.GeocodingUtil - 📍 Parsed coordinates from address: [48.990280170713675, 2.0652013945627465]
2026-02-28 01:10:19 [http-nio-8080-exec-1] INFO  c.d.dineo.common.util.GeocodingUtil - ✅ Address is already coordinates: [48.990280170713675, 2.0652013945627465]
2026-02-28 01:10:20 [http-nio-8080-exec-1] INFO  c.d.dineo.common.util.GeocodingUtil - 📍 Parsed coordinates from address: [48.990280170713675, 2.0652013945627465]
2026-02-28 01:10:20 [http-nio-8080-exec-1] INFO  c.d.dineo.common.util.GeocodingUtil - ✅ Address is already coordinates: [48.990280170713675, 2.0652013945627465]
2026-02-28 01:10:20 [http-nio-8080-exec-8] INFO  c.d.d.p.c.PublicPlatController - 🔍 addDistanceToResponse called for plat: Fricassé
2026-02-28 01:10:20 [http-nio-8080-exec-1] INFO  c.d.dineo.common.util.GeocodingUtil - 📍 Parsed coordinates from address: [48.990280170713675, 2.0652013945627465]
2026-02-28 01:10:20 [http-nio-8080-exec-1] INFO  c.d.dineo.common.util.GeocodingUtil - ✅ Address is already coordinates: [48.990280170713675, 2.0652013945627465]
2026-02-28 01:10:20 [http-nio-8080-exec-8] INFO  c.d.d.p.c.PublicPlatController - 📍 Geocoding address for chef 51438312-db03-469c-b476-e4511f8e8e67: 48.990280170713675, 2.0652013945627465
2026-02-28 01:10:20 [http-nio-8080-exec-8] INFO  c.d.dineo.common.util.GeocodingUtil - 📍 Parsed coordinates from address: [48.990280170713675, 2.0652013945627465]
2026-02-28 01:10:20 [http-nio-8080-exec-8] INFO  c.d.dineo.common.util.GeocodingUtil - ✅ Address is already coordinates: [48.990280170713675, 2.0652013945627465]
2026-02-28 01:10:20 [http-nio-8080-exec-8] INFO  c.d.d.p.c.PublicPlatController - ✅ Geocoded to: [48.990280170713675, 2.0652013945627465]
2026-02-28 01:10:20 [http-nio-8080-exec-8] INFO  c.d.d.p.c.PublicPlatController - ✅ Distance calculated for plat Fricassé: 1499.1 km
2026-02-28 01:10:20 [http-nio-8080-exec-1] INFO  c.d.dineo.common.util.GeocodingUtil - 📍 Parsed coordinates from address: [48.990280170713675, 2.0652013945627465]
2026-02-28 01:10:20 [http-nio-8080-exec-1] INFO  c.d.dineo.common.util.GeocodingUtil - ✅ Address is already coordinates: [48.990280170713675, 2.0652013945627465]
2026-02-28 01:10:21 [http-nio-8080-exec-1] INFO  c.d.dineo.common.util.GeocodingUtil - 📍 Parsed coordinates from address: [48.990280170713675, 2.0652013945627465]
2026-02-28 01:10:21 [http-nio-8080-exec-1] INFO  c.d.dineo.common.util.GeocodingUtil - ✅ Address is already coordinates: [48.990280170713675, 2.0652013945627465]
2026-02-28 01:10:21 [http-nio-8080-exec-8] INFO  c.d.d.p.c.PublicPlatController - 🔍 addDistanceToResponse called for plat: lasagne
2026-02-28 01:10:21 [http-nio-8080-exec-1] INFO  c.d.dineo.common.util.GeocodingUtil - 📍 Parsed coordinates from address: [48.990280170713675, 2.0652013945627465]
2026-02-28 01:10:21 [http-nio-8080-exec-1] INFO  c.d.dineo.common.util.GeocodingUtil - ✅ Address is already coordinates: [48.990280170713675, 2.0652013945627465]
2026-02-28 01:10:21 [http-nio-8080-exec-8] INFO  c.d.d.p.c.PublicPlatController - 📍 Geocoding address for chef 2b9ae655-331b-44dd-a316-505318613279: 36.86798171618947, 10.170494516278797
2026-02-28 01:10:21 [http-nio-8080-exec-8] INFO  c.d.dineo.common.util.GeocodingUtil - 📍 Parsed coordinates from address: [36.86798171618947, 10.170494516278797]
2026-02-28 01:10:21 [http-nio-8080-exec-8] INFO  c.d.dineo.common.util.GeocodingUtil - ✅ Address is already coordinates: [36.86798171618947, 10.170494516278797]
2026-02-28 01:10:21 [http-nio-8080-exec-8] INFO  c.d.d.p.c.PublicPlatController - ✅ Geocoded to: [36.86798171618947, 10.170494516278797]
2026-02-28 01:10:21 [http-nio-8080-exec-8] INFO  c.d.d.p.c.PublicPlatController - ✅ Distance calculated for plat lasagne: 1.0 km
2026-02-28 01:10:21 [http-nio-8080-exec-1] INFO  c.d.dineo.common.util.GeocodingUtil - 📍 Parsed coordinates from address: [48.990280170713675, 2.0652013945627465]
2026-02-28 01:10:21 [http-nio-8080-exec-1] INFO  c.d.dineo.common.util.GeocodingUtil - ✅ Address is already coordinates: [48.990280170713675, 2.0652013945627465]
2026-02-28 01:10:21 [http-nio-8080-exec-1] INFO  c.d.dineo.common.util.GeocodingUtil - 📍 Parsed coordinates from address: [48.990280170713675, 2.0652013945627465]
2026-02-28 01:10:21 [http-nio-8080-exec-1] INFO  c.d.dineo.common.util.GeocodingUtil - ✅ Address is already coordinates: [48.990280170713675, 2.0652013945627465]
2026-02-28 01:10:21 [http-nio-8080-exec-8] INFO  c.d.d.p.c.PublicPlatController - 🔍 addDistanceToResponse called for plat: Tacos
2026-02-28 01:10:22 [http-nio-8080-exec-1] INFO  c.d.dineo.common.util.GeocodingUtil - 📍 Parsed coordinates from address: [48.990280170713675, 2.0652013945627465]
2026-02-28 01:10:22 [http-nio-8080-exec-1] INFO  c.d.dineo.common.util.GeocodingUtil - ✅ Address is already coordinates: [48.990280170713675, 2.0652013945627465]
2026-02-28 01:10:22 [http-nio-8080-exec-1] INFO  c.d.d.p.c.PublicPlatController - After location filtering: 1 plats within 30.0km
2026-02-28 01:10:22 [http-nio-8080-exec-1] INFO  c.d.d.p.c.PublicPlatController - Found 2 unique categories from filtered plats
2026-02-28 01:10:22 [http-nio-8080-exec-8] INFO  c.d.d.p.c.PublicPlatController - 📍 Geocoding address for chef 51438312-db03-469c-b476-e4511f8e8e67: 48.990280170713675, 2.0652013945627465
2026-02-28 01:10:22 [http-nio-8080-exec-8] INFO  c.d.dineo.common.util.GeocodingUtil - 📍 Parsed coordinates from address: [48.990280170713675, 2.0652013945627465]
2026-02-28 01:10:22 [http-nio-8080-exec-8] INFO  c.d.dineo.common.util.GeocodingUtil - ✅ Address is already coordinates: [48.990280170713675, 2.0652013945627465]
2026-02-28 01:10:22 [http-nio-8080-exec-8] INFO  c.d.d.p.c.PublicPlatController - ✅ Geocoded to: [48.990280170713675, 2.0652013945627465]
2026-02-28 01:10:22 [http-nio-8080-exec-8] INFO  c.d.d.p.c.PublicPlatController - ✅ Distance calculated for plat Tacos: 1499.1 km
2026-02-28 01:10:22 [http-nio-8080-exec-8] INFO  c.d.d.p.c.PublicPlatController - 🔍 addDistanceToResponse called for plat: Tiramisu
2026-02-28 01:10:23 [http-nio-8080-exec-8] INFO  c.d.d.p.c.PublicPlatController - 📍 Geocoding address for chef 51438312-db03-469c-b476-e4511f8e8e67: 48.990280170713675, 2.0652013945627465
2026-02-28 01:10:23 [http-nio-8080-exec-8] INFO  c.d.dineo.common.util.GeocodingUtil - 📍 Parsed coordinates from address: [48.990280170713675, 2.0652013945627465]
2026-02-28 01:10:23 [http-nio-8080-exec-8] INFO  c.d.dineo.common.util.GeocodingUtil - ✅ Address is already coordinates: [48.990280170713675, 2.0652013945627465]
2026-02-28 01:10:23 [http-nio-8080-exec-8] INFO  c.d.d.p.c.PublicPlatController - ✅ Geocoded to: [48.990280170713675, 2.0652013945627465]
2026-02-28 01:10:23 [http-nio-8080-exec-8] INFO  c.d.d.p.c.PublicPlatController - ✅ Distance calculated for plat Tiramisu: 1499.1 km
2026-02-28 01:10:23 [http-nio-8080-exec-8] INFO  c.d.d.p.c.PublicPlatController - 🔍 addDistanceToResponse called for plat: Steak
2026-02-28 01:10:23 [http-nio-8080-exec-8] INFO  c.d.d.p.c.PublicPlatController - 📍 Geocoding address for chef 51438312-db03-469c-b476-e4511f8e8e67: 48.990280170713675, 2.0652013945627465
2026-02-28 01:10:23 [http-nio-8080-exec-8] INFO  c.d.dineo.common.util.GeocodingUtil - 📍 Parsed coordinates from address: [48.990280170713675, 2.0652013945627465]
2026-02-28 01:10:23 [http-nio-8080-exec-8] INFO  c.d.dineo.common.util.GeocodingUtil - ✅ Address is already coordinates: [48.990280170713675, 2.0652013945627465]
2026-02-28 01:10:23 [http-nio-8080-exec-8] INFO  c.d.d.p.c.PublicPlatController - ✅ Geocoded to: [48.990280170713675, 2.0652013945627465]
2026-02-28 01:10:23 [http-nio-8080-exec-8] INFO  c.d.d.p.c.PublicPlatController - ✅ Distance calculated for plat Steak: 1499.1 km
2026-02-28 01:10:24 [http-nio-8080-exec-8] INFO  c.d.d.p.c.PublicPlatController - 🔍 addDistanceToResponse called for plat: Kouskous tunisien
2026-02-28 01:10:24 [http-nio-8080-exec-8] INFO  c.d.d.p.c.PublicPlatController - 📍 Geocoding address for chef 51438312-db03-469c-b476-e4511f8e8e67: 48.990280170713675, 2.0652013945627465
2026-02-28 01:10:24 [http-nio-8080-exec-8] INFO  c.d.dineo.common.util.GeocodingUtil - 📍 Parsed coordinates from address: [48.990280170713675, 2.0652013945627465]
2026-02-28 01:10:24 [http-nio-8080-exec-8] INFO  c.d.dineo.common.util.GeocodingUtil - ✅ Address is already coordinates: [48.990280170713675, 2.0652013945627465]
2026-02-28 01:10:24 [http-nio-8080-exec-8] INFO  c.d.d.p.c.PublicPlatController - ✅ Geocoded to: [48.990280170713675, 2.0652013945627465]
2026-02-28 01:10:24 [http-nio-8080-exec-8] INFO  c.d.d.p.c.PublicPlatController - ✅ Distance calculated for plat Kouskous tunisien: 1499.1 km
2026-02-28 01:10:25 [http-nio-8080-exec-8] INFO  c.d.d.p.c.PublicPlatController - 🔍 addDistanceToResponse called for plat: Sushi
2026-02-28 01:10:25 [http-nio-8080-exec-8] INFO  c.d.d.p.c.PublicPlatController - 📍 Geocoding address for chef 51438312-db03-469c-b476-e4511f8e8e67: 48.990280170713675, 2.0652013945627465
2026-02-28 01:10:25 [http-nio-8080-exec-8] INFO  c.d.dineo.common.util.GeocodingUtil - 📍 Parsed coordinates from address: [48.990280170713675, 2.0652013945627465]
2026-02-28 01:10:25 [http-nio-8080-exec-8] INFO  c.d.dineo.common.util.GeocodingUtil - ✅ Address is already coordinates: [48.990280170713675, 2.0652013945627465]
2026-02-28 01:10:25 [http-nio-8080-exec-8] INFO  c.d.d.p.c.PublicPlatController - ✅ Geocoded to: [48.990280170713675, 2.0652013945627465]
2026-02-28 01:10:25 [http-nio-8080-exec-8] INFO  c.d.d.p.c.PublicPlatController - ✅ Distance calculated for plat Sushi: 1499.1 km
2026-02-28 01:10:26 [http-nio-8080-exec-8] INFO  c.d.d.p.c.PublicPlatController - 🔍 addDistanceToResponse called for plat: Salade César
2026-02-28 01:10:26 [http-nio-8080-exec-8] INFO  c.d.d.p.c.PublicPlatController - 📍 Geocoding address for chef 51438312-db03-469c-b476-e4511f8e8e67: 48.990280170713675, 2.0652013945627465
2026-02-28 01:10:26 [http-nio-8080-exec-8] INFO  c.d.dineo.common.util.GeocodingUtil - 📍 Parsed coordinates from address: [48.990280170713675, 2.0652013945627465]
2026-02-28 01:10:26 [http-nio-8080-exec-8] INFO  c.d.dineo.common.util.GeocodingUtil - ✅ Address is already coordinates: [48.990280170713675, 2.0652013945627465]
2026-02-28 01:10:26 [http-nio-8080-exec-8] INFO  c.d.d.p.c.PublicPlatController - ✅ Geocoded to: [48.990280170713675, 2.0652013945627465]
2026-02-28 01:10:26 [http-nio-8080-exec-8] INFO  c.d.d.p.c.PublicPlatController - ✅ Distance calculated for plat Salade César: 1499.1 km
2026-02-28 01:10:27 [http-nio-8080-exec-8] INFO  c.d.d.p.c.PublicPlatController - 🔍 addDistanceToResponse called for plat: Pizza
2026-02-28 01:10:27 [http-nio-8080-exec-8] INFO  c.d.d.p.c.PublicPlatController - 📍 Geocoding address for chef 51438312-db03-469c-b476-e4511f8e8e67: 48.990280170713675, 2.0652013945627465
2026-02-28 01:10:27 [http-nio-8080-exec-8] INFO  c.d.dineo.common.util.GeocodingUtil - 📍 Parsed coordinates from address: [48.990280170713675, 2.0652013945627465]
2026-02-28 01:10:27 [http-nio-8080-exec-8] INFO  c.d.dineo.common.util.GeocodingUtil - ✅ Address is already coordinates: [48.990280170713675, 2.0652013945627465]
2026-02-28 01:10:27 [http-nio-8080-exec-8] INFO  c.d.d.p.c.PublicPlatController - ✅ Geocoded to: [48.990280170713675, 2.0652013945627465]
2026-02-28 01:10:27 [http-nio-8080-exec-8] INFO  c.d.d.p.c.PublicPlatController - ✅ Distance calculated for plat Pizza: 1499.1 km
2026-02-28 01:10:27 [http-nio-8080-exec-8] INFO  c.d.d.p.c.PublicPlatController - 🔍 addDistanceToResponse called for plat: Plat fruit de mer
2026-02-28 01:10:28 [http-nio-8080-exec-8] INFO  c.d.d.p.c.PublicPlatController - 📍 Geocoding address for chef 51438312-db03-469c-b476-e4511f8e8e67: 48.990280170713675, 2.0652013945627465
2026-02-28 01:10:28 [http-nio-8080-exec-8] INFO  c.d.dineo.common.util.GeocodingUtil - 📍 Parsed coordinates from address: [48.990280170713675, 2.0652013945627465]
2026-02-28 01:10:28 [http-nio-8080-exec-8] INFO  c.d.dineo.common.util.GeocodingUtil - ✅ Address is already coordinates: [48.990280170713675, 2.0652013945627465]
2026-02-28 01:10:28 [http-nio-8080-exec-8] INFO  c.d.d.p.c.PublicPlatController - ✅ Geocoded to: [48.990280170713675, 2.0652013945627465]
2026-02-28 01:10:28 [http-nio-8080-exec-8] INFO  c.d.d.p.c.PublicPlatController - ✅ Distance calculated for plat Plat fruit de mer: 1499.1 km
2026-02-28 01:10:28 [http-nio-8080-exec-8] INFO  c.d.d.p.c.PublicPlatController - 🔍 addDistanceToResponse called for plat: Par-là
2026-02-28 01:10:29 [http-nio-8080-exec-8] INFO  c.d.d.p.c.PublicPlatController - 📍 Geocoding address for chef 51438312-db03-469c-b476-e4511f8e8e67: 48.990280170713675, 2.0652013945627465
2026-02-28 01:10:29 [http-nio-8080-exec-8] INFO  c.d.dineo.common.util.GeocodingUtil - 📍 Parsed coordinates from address: [48.990280170713675, 2.0652013945627465]
2026-02-28 01:10:29 [http-nio-8080-exec-8] INFO  c.d.dineo.common.util.GeocodingUtil - ✅ Address is already coordinates: [48.990280170713675, 2.0652013945627465]
2026-02-28 01:10:29 [http-nio-8080-exec-8] INFO  c.d.d.p.c.PublicPlatController - ✅ Geocoded to: [48.990280170713675, 2.0652013945627465]
2026-02-28 01:10:29 [http-nio-8080-exec-8] INFO  c.d.d.p.c.PublicPlatController - ✅ Distance calculated for plat Par-là: 1499.1 km
2026-02-28 01:10:29 [http-nio-8080-exec-8] INFO  c.d.d.p.c.PublicPlatController - After all filters: 1 plats remaining
2026-02-28 01:10:29 [http-nio-8080-exec-8] INFO  c.d.d.p.c.PublicPlatController - Search returned 1 total results, page 1/1
2026-02-28 01:10:43 [http-nio-8080-exec-6] INFO  c.d.d.p.c.PublicPlatController - Public request to get categories (location: 36.86185454999997, 10.162940019999994, radius: 30.0km)
2026-02-28 01:10:43 [http-nio-8080-exec-2] INFO  c.d.d.p.c.PublicPlatController - Public search request - query: null, category: null, maxCookTime: null, minRating: null, sortBy: newest, sortOrder: desc, location: 36.86185454999997, 10.162940019999994, radius: 30.0km, page: 1, pageSize: 12
2026-02-28 01:10:43 [http-nio-8080-exec-9] INFO  c.d.d.p.c.PublicPlatController - Public request to get categories (location: 36.86185454999997, 10.162940019999994, radius: 30.0km)
2026-02-28 01:10:43 [http-nio-8080-exec-5] INFO  c.d.d.p.c.PublicPlatController - Public search request - query: null, category: null, maxCookTime: null, minRating: null, sortBy: newest, sortOrder: desc, location: 36.86185454999997, 10.162940019999994, radius: 30.0km, page: 1, pageSize: 12
2026-02-28 01:10:43 [http-nio-8080-exec-5] INFO  c.d.d.p.c.PublicPlatController - Found 12 available plats in database
2026-02-28 01:10:43 [http-nio-8080-exec-9] INFO  c.d.d.p.c.PublicPlatController - Found 12 available plats before filtering
2026-02-28 01:10:43 [http-nio-8080-exec-2] INFO  c.d.d.p.c.PublicPlatController - Found 12 available plats in database
2026-02-28 01:10:43 [http-nio-8080-exec-6] INFO  c.d.d.p.c.PublicPlatController - Found 12 available plats before filtering
2026-02-28 01:10:43 [http-nio-8080-exec-9] INFO  c.d.dineo.common.util.GeocodingUtil - 📍 Parsed coordinates from address: [48.990280170713675, 2.0652013945627465]
2026-02-28 01:10:43 [http-nio-8080-exec-9] INFO  c.d.dineo.common.util.GeocodingUtil - ✅ Address is already coordinates: [48.990280170713675, 2.0652013945627465]
2026-02-28 01:10:43 [http-nio-8080-exec-6] INFO  c.d.dineo.common.util.GeocodingUtil - 📍 Parsed coordinates from address: [48.990280170713675, 2.0652013945627465]
2026-02-28 01:10:43 [http-nio-8080-exec-6] INFO  c.d.dineo.common.util.GeocodingUtil - ✅ Address is already coordinates: [48.990280170713675, 2.0652013945627465]
2026-02-28 01:10:44 [http-nio-8080-exec-6] INFO  c.d.dineo.common.util.GeocodingUtil - 📍 Parsed coordinates from address: [48.990280170713675, 2.0652013945627465]
2026-02-28 01:10:44 [http-nio-8080-exec-6] INFO  c.d.dineo.common.util.GeocodingUtil - ✅ Address is already coordinates: [48.990280170713675, 2.0652013945627465]
2026-02-28 01:10:44 [http-nio-8080-exec-9] INFO  c.d.dineo.common.util.GeocodingUtil - 📍 Parsed coordinates from address: [48.990280170713675, 2.0652013945627465]
2026-02-28 01:10:44 [http-nio-8080-exec-9] INFO  c.d.dineo.common.util.GeocodingUtil - ✅ Address is already coordinates: [48.990280170713675, 2.0652013945627465]
2026-02-28 01:10:44 [http-nio-8080-exec-2] INFO  c.d.d.p.c.PublicPlatController - 🔍 addDistanceToResponse called for plat: Noodels
2026-02-28 01:10:44 [http-nio-8080-exec-5] INFO  c.d.d.p.c.PublicPlatController - 🔍 addDistanceToResponse called for plat: Noodels
2026-02-28 01:10:44 [http-nio-8080-exec-6] INFO  c.d.dineo.common.util.GeocodingUtil - 📍 Parsed coordinates from address: [36.86798171618947, 10.170494516278797]
2026-02-28 01:10:44 [http-nio-8080-exec-6] INFO  c.d.dineo.common.util.GeocodingUtil - ✅ Address is already coordinates: [36.86798171618947, 10.170494516278797]
2026-02-28 01:10:44 [http-nio-8080-exec-2] INFO  c.d.d.p.c.PublicPlatController - 📍 Geocoding address for chef 51438312-db03-469c-b476-e4511f8e8e67: 48.990280170713675, 2.0652013945627465
2026-02-28 01:10:44 [http-nio-8080-exec-9] INFO  c.d.dineo.common.util.GeocodingUtil - 📍 Parsed coordinates from address: [36.86798171618947, 10.170494516278797]
2026-02-28 01:10:44 [http-nio-8080-exec-5] INFO  c.d.d.p.c.PublicPlatController - 📍 Geocoding address for chef 51438312-db03-469c-b476-e4511f8e8e67: 48.990280170713675, 2.0652013945627465
2026-02-28 01:10:44 [http-nio-8080-exec-2] INFO  c.d.dineo.common.util.GeocodingUtil - 📍 Parsed coordinates from address: [48.990280170713675, 2.0652013945627465]
2026-02-28 01:10:44 [http-nio-8080-exec-9] INFO  c.d.dineo.common.util.GeocodingUtil - ✅ Address is already coordinates: [36.86798171618947, 10.170494516278797]
2026-02-28 01:10:44 [http-nio-8080-exec-2] INFO  c.d.dineo.common.util.GeocodingUtil - ✅ Address is already coordinates: [48.990280170713675, 2.0652013945627465]
2026-02-28 01:10:44 [http-nio-8080-exec-2] INFO  c.d.d.p.c.PublicPlatController - ✅ Geocoded to: [48.990280170713675, 2.0652013945627465]
2026-02-28 01:10:44 [http-nio-8080-exec-5] INFO  c.d.dineo.common.util.GeocodingUtil - 📍 Parsed coordinates from address: [48.990280170713675, 2.0652013945627465]
2026-02-28 01:10:44 [http-nio-8080-exec-2] INFO  c.d.d.p.c.PublicPlatController - ✅ Distance calculated for plat Noodels: 1499.1 km
2026-02-28 01:10:44 [http-nio-8080-exec-5] INFO  c.d.dineo.common.util.GeocodingUtil - ✅ Address is already coordinates: [48.990280170713675, 2.0652013945627465]
2026-02-28 01:10:44 [http-nio-8080-exec-5] INFO  c.d.d.p.c.PublicPlatController - ✅ Geocoded to: [48.990280170713675, 2.0652013945627465]
2026-02-28 01:10:44 [http-nio-8080-exec-5] INFO  c.d.d.p.c.PublicPlatController - ✅ Distance calculated for plat Noodels: 1499.1 km
2026-02-28 01:10:44 [http-nio-8080-exec-6] INFO  c.d.dineo.common.util.GeocodingUtil - 📍 Parsed coordinates from address: [48.990280170713675, 2.0652013945627465]
2026-02-28 01:10:44 [http-nio-8080-exec-6] INFO  c.d.dineo.common.util.GeocodingUtil - ✅ Address is already coordinates: [48.990280170713675, 2.0652013945627465]
2026-02-28 01:10:44 [http-nio-8080-exec-9] INFO  c.d.dineo.common.util.GeocodingUtil - 📍 Parsed coordinates from address: [48.990280170713675, 2.0652013945627465]
2026-02-28 01:10:44 [http-nio-8080-exec-9] INFO  c.d.dineo.common.util.GeocodingUtil - ✅ Address is already coordinates: [48.990280170713675, 2.0652013945627465]
2026-02-28 01:10:45 [http-nio-8080-exec-6] INFO  c.d.dineo.common.util.GeocodingUtil - 📍 Parsed coordinates from address: [48.990280170713675, 2.0652013945627465]
2026-02-28 01:10:45 [http-nio-8080-exec-6] INFO  c.d.dineo.common.util.GeocodingUtil - ✅ Address is already coordinates: [48.990280170713675, 2.0652013945627465]
2026-02-28 01:10:45 [http-nio-8080-exec-9] INFO  c.d.dineo.common.util.GeocodingUtil - 📍 Parsed coordinates from address: [48.990280170713675, 2.0652013945627465]
2026-02-28 01:10:45 [http-nio-8080-exec-9] INFO  c.d.dineo.common.util.GeocodingUtil - ✅ Address is already coordinates: [48.990280170713675, 2.0652013945627465]
2026-02-28 01:10:45 [http-nio-8080-exec-5] INFO  c.d.d.p.c.PublicPlatController - 🔍 addDistanceToResponse called for plat: Fricassé
2026-02-28 01:10:45 [http-nio-8080-exec-2] INFO  c.d.d.p.c.PublicPlatController - 🔍 addDistanceToResponse called for plat: Fricassé
2026-02-28 01:10:45 [http-nio-8080-exec-6] INFO  c.d.dineo.common.util.GeocodingUtil - 📍 Parsed coordinates from address: [48.990280170713675, 2.0652013945627465]
2026-02-28 01:10:45 [http-nio-8080-exec-6] INFO  c.d.dineo.common.util.GeocodingUtil - ✅ Address is already coordinates: [48.990280170713675, 2.0652013945627465]
2026-02-28 01:10:45 [http-nio-8080-exec-9] INFO  c.d.dineo.common.util.GeocodingUtil - 📍 Parsed coordinates from address: [48.990280170713675, 2.0652013945627465]
2026-02-28 01:10:45 [http-nio-8080-exec-9] INFO  c.d.dineo.common.util.GeocodingUtil - ✅ Address is already coordinates: [48.990280170713675, 2.0652013945627465]
2026-02-28 01:10:45 [http-nio-8080-exec-5] INFO  c.d.d.p.c.PublicPlatController - 📍 Geocoding address for chef 51438312-db03-469c-b476-e4511f8e8e67: 48.990280170713675, 2.0652013945627465
2026-02-28 01:10:45 [http-nio-8080-exec-5] INFO  c.d.dineo.common.util.GeocodingUtil - 📍 Parsed coordinates from address: [48.990280170713675, 2.0652013945627465]
2026-02-28 01:10:45 [http-nio-8080-exec-5] INFO  c.d.dineo.common.util.GeocodingUtil - ✅ Address is already coordinates: [48.990280170713675, 2.0652013945627465]
2026-02-28 01:10:45 [http-nio-8080-exec-5] INFO  c.d.d.p.c.PublicPlatController - ✅ Geocoded to: [48.990280170713675, 2.0652013945627465]
2026-02-28 01:10:45 [http-nio-8080-exec-5] INFO  c.d.d.p.c.PublicPlatController - ✅ Distance calculated for plat Fricassé: 1499.1 km
2026-02-28 01:10:45 [http-nio-8080-exec-2] INFO  c.d.d.p.c.PublicPlatController - 📍 Geocoding address for chef 51438312-db03-469c-b476-e4511f8e8e67: 48.990280170713675, 2.0652013945627465
2026-02-28 01:10:45 [http-nio-8080-exec-2] INFO  c.d.dineo.common.util.GeocodingUtil - 📍 Parsed coordinates from address: [48.990280170713675, 2.0652013945627465]
2026-02-28 01:10:45 [http-nio-8080-exec-2] INFO  c.d.dineo.common.util.GeocodingUtil - ✅ Address is already coordinates: [48.990280170713675, 2.0652013945627465]
2026-02-28 01:10:45 [http-nio-8080-exec-2] INFO  c.d.d.p.c.PublicPlatController - ✅ Geocoded to: [48.990280170713675, 2.0652013945627465]
2026-02-28 01:10:45 [http-nio-8080-exec-2] INFO  c.d.d.p.c.PublicPlatController - ✅ Distance calculated for plat Fricassé: 1499.1 km
2026-02-28 01:10:45 [http-nio-8080-exec-6] INFO  c.d.dineo.common.util.GeocodingUtil - 📍 Parsed coordinates from address: [48.990280170713675, 2.0652013945627465]
2026-02-28 01:10:45 [http-nio-8080-exec-6] INFO  c.d.dineo.common.util.GeocodingUtil - ✅ Address is already coordinates: [48.990280170713675, 2.0652013945627465]
2026-02-28 01:10:45 [http-nio-8080-exec-9] INFO  c.d.dineo.common.util.GeocodingUtil - 📍 Parsed coordinates from address: [48.990280170713675, 2.0652013945627465]
2026-02-28 01:10:45 [http-nio-8080-exec-9] INFO  c.d.dineo.common.util.GeocodingUtil - ✅ Address is already coordinates: [48.990280170713675, 2.0652013945627465]
2026-02-28 01:10:46 [http-nio-8080-exec-6] INFO  c.d.dineo.common.util.GeocodingUtil - 📍 Parsed coordinates from address: [48.990280170713675, 2.0652013945627465]
2026-02-28 01:10:46 [http-nio-8080-exec-6] INFO  c.d.dineo.common.util.GeocodingUtil - ✅ Address is already coordinates: [48.990280170713675, 2.0652013945627465]
2026-02-28 01:10:46 [http-nio-8080-exec-9] INFO  c.d.dineo.common.util.GeocodingUtil - 📍 Parsed coordinates from address: [48.990280170713675, 2.0652013945627465]
2026-02-28 01:10:46 [http-nio-8080-exec-9] INFO  c.d.dineo.common.util.GeocodingUtil - ✅ Address is already coordinates: [48.990280170713675, 2.0652013945627465]
2026-02-28 01:10:46 [http-nio-8080-exec-5] INFO  c.d.d.p.c.PublicPlatController - 🔍 addDistanceToResponse called for plat: lasagne
2026-02-28 01:10:46 [http-nio-8080-exec-2] INFO  c.d.d.p.c.PublicPlatController - 🔍 addDistanceToResponse called for plat: lasagne
2026-02-28 01:10:46 [http-nio-8080-exec-6] INFO  c.d.dineo.common.util.GeocodingUtil - 📍 Parsed coordinates from address: [48.990280170713675, 2.0652013945627465]
2026-02-28 01:10:46 [http-nio-8080-exec-6] INFO  c.d.dineo.common.util.GeocodingUtil - ✅ Address is already coordinates: [48.990280170713675, 2.0652013945627465]
2026-02-28 01:10:46 [http-nio-8080-exec-9] INFO  c.d.dineo.common.util.GeocodingUtil - 📍 Parsed coordinates from address: [48.990280170713675, 2.0652013945627465]
2026-02-28 01:10:46 [http-nio-8080-exec-9] INFO  c.d.dineo.common.util.GeocodingUtil - ✅ Address is already coordinates: [48.990280170713675, 2.0652013945627465]
2026-02-28 01:10:46 [http-nio-8080-exec-5] INFO  c.d.d.p.c.PublicPlatController - 📍 Geocoding address for chef 2b9ae655-331b-44dd-a316-505318613279: 36.86798171618947, 10.170494516278797
2026-02-28 01:10:46 [http-nio-8080-exec-2] INFO  c.d.d.p.c.PublicPlatController - 📍 Geocoding address for chef 2b9ae655-331b-44dd-a316-505318613279: 36.86798171618947, 10.170494516278797
2026-02-28 01:10:46 [http-nio-8080-exec-2] INFO  c.d.dineo.common.util.GeocodingUtil - 📍 Parsed coordinates from address: [36.86798171618947, 10.170494516278797]
2026-02-28 01:10:46 [http-nio-8080-exec-5] INFO  c.d.dineo.common.util.GeocodingUtil - 📍 Parsed coordinates from address: [36.86798171618947, 10.170494516278797]
2026-02-28 01:10:46 [http-nio-8080-exec-5] INFO  c.d.dineo.common.util.GeocodingUtil - ✅ Address is already coordinates: [36.86798171618947, 10.170494516278797]
2026-02-28 01:10:46 [http-nio-8080-exec-2] INFO  c.d.dineo.common.util.GeocodingUtil - ✅ Address is already coordinates: [36.86798171618947, 10.170494516278797]
2026-02-28 01:10:46 [http-nio-8080-exec-5] INFO  c.d.d.p.c.PublicPlatController - ✅ Geocoded to: [36.86798171618947, 10.170494516278797]
2026-02-28 01:10:46 [http-nio-8080-exec-2] INFO  c.d.d.p.c.PublicPlatController - ✅ Geocoded to: [36.86798171618947, 10.170494516278797]
2026-02-28 01:10:46 [http-nio-8080-exec-2] INFO  c.d.d.p.c.PublicPlatController - ✅ Distance calculated for plat lasagne: 1.0 km
2026-02-28 01:10:46 [http-nio-8080-exec-5] INFO  c.d.d.p.c.PublicPlatController - ✅ Distance calculated for plat lasagne: 1.0 km
2026-02-28 01:10:46 [http-nio-8080-exec-9] INFO  c.d.dineo.common.util.GeocodingUtil - 📍 Parsed coordinates from address: [48.990280170713675, 2.0652013945627465]
2026-02-28 01:10:46 [http-nio-8080-exec-6] INFO  c.d.dineo.common.util.GeocodingUtil - 📍 Parsed coordinates from address: [48.990280170713675, 2.0652013945627465]
2026-02-28 01:10:46 [http-nio-8080-exec-9] INFO  c.d.dineo.common.util.GeocodingUtil - ✅ Address is already coordinates: [48.990280170713675, 2.0652013945627465]
2026-02-28 01:10:46 [http-nio-8080-exec-6] INFO  c.d.dineo.common.util.GeocodingUtil - ✅ Address is already coordinates: [48.990280170713675, 2.0652013945627465]
2026-02-28 01:10:46 [http-nio-8080-exec-9] INFO  c.d.dineo.common.util.GeocodingUtil - 📍 Parsed coordinates from address: [48.990280170713675, 2.0652013945627465]
2026-02-28 01:10:46 [http-nio-8080-exec-6] INFO  c.d.dineo.common.util.GeocodingUtil - 📍 Parsed coordinates from address: [48.990280170713675, 2.0652013945627465]
2026-02-28 01:10:46 [http-nio-8080-exec-6] INFO  c.d.dineo.common.util.GeocodingUtil - ✅ Address is already coordinates: [48.990280170713675, 2.0652013945627465]
2026-02-28 01:10:46 [http-nio-8080-exec-9] INFO  c.d.dineo.common.util.GeocodingUtil - ✅ Address is already coordinates: [48.990280170713675, 2.0652013945627465]
2026-02-28 01:10:47 [http-nio-8080-exec-5] INFO  c.d.d.p.c.PublicPlatController - 🔍 addDistanceToResponse called for plat: Tacos
2026-02-28 01:10:47 [http-nio-8080-exec-2] INFO  c.d.d.p.c.PublicPlatController - 🔍 addDistanceToResponse called for plat: Tacos
2026-02-28 01:10:47 [http-nio-8080-exec-6] INFO  c.d.dineo.common.util.GeocodingUtil - 📍 Parsed coordinates from address: [48.990280170713675, 2.0652013945627465]
2026-02-28 01:10:47 [http-nio-8080-exec-9] INFO  c.d.dineo.common.util.GeocodingUtil - 📍 Parsed coordinates from address: [48.990280170713675, 2.0652013945627465]
2026-02-28 01:10:47 [http-nio-8080-exec-6] INFO  c.d.dineo.common.util.GeocodingUtil - ✅ Address is already coordinates: [48.990280170713675, 2.0652013945627465]
2026-02-28 01:10:47 [http-nio-8080-exec-9] INFO  c.d.dineo.common.util.GeocodingUtil - ✅ Address is already coordinates: [48.990280170713675, 2.0652013945627465]
2026-02-28 01:10:47 [http-nio-8080-exec-6] INFO  c.d.d.p.c.PublicPlatController - After location filtering: 1 plats within 30.0km
2026-02-28 01:10:47 [http-nio-8080-exec-9] INFO  c.d.d.p.c.PublicPlatController - After location filtering: 1 plats within 30.0km
2026-02-28 01:10:47 [http-nio-8080-exec-9] INFO  c.d.d.p.c.PublicPlatController - Found 2 unique categories from filtered plats
2026-02-28 01:10:47 [http-nio-8080-exec-6] INFO  c.d.d.p.c.PublicPlatController - Found 2 unique categories from filtered plats
2026-02-28 01:10:47 [http-nio-8080-exec-5] INFO  c.d.d.p.c.PublicPlatController - 📍 Geocoding address for chef 51438312-db03-469c-b476-e4511f8e8e67: 48.990280170713675, 2.0652013945627465
2026-02-28 01:10:47 [http-nio-8080-exec-5] INFO  c.d.dineo.common.util.GeocodingUtil - 📍 Parsed coordinates from address: [48.990280170713675, 2.0652013945627465]
2026-02-28 01:10:47 [http-nio-8080-exec-5] INFO  c.d.dineo.common.util.GeocodingUtil - ✅ Address is already coordinates: [48.990280170713675, 2.0652013945627465]
2026-02-28 01:10:47 [http-nio-8080-exec-5] INFO  c.d.d.p.c.PublicPlatController - ✅ Geocoded to: [48.990280170713675, 2.0652013945627465]
2026-02-28 01:10:47 [http-nio-8080-exec-5] INFO  c.d.d.p.c.PublicPlatController - ✅ Distance calculated for plat Tacos: 1499.1 km
2026-02-28 01:10:47 [http-nio-8080-exec-2] INFO  c.d.d.p.c.PublicPlatController - 📍 Geocoding address for chef 51438312-db03-469c-b476-e4511f8e8e67: 48.990280170713675, 2.0652013945627465
2026-02-28 01:10:47 [http-nio-8080-exec-2] INFO  c.d.dineo.common.util.GeocodingUtil - 📍 Parsed coordinates from address: [48.990280170713675, 2.0652013945627465]
2026-02-28 01:10:47 [http-nio-8080-exec-2] INFO  c.d.dineo.common.util.GeocodingUtil - ✅ Address is already coordinates: [48.990280170713675, 2.0652013945627465]
2026-02-28 01:10:47 [http-nio-8080-exec-2] INFO  c.d.d.p.c.PublicPlatController - ✅ Geocoded to: [48.990280170713675, 2.0652013945627465]
2026-02-28 01:10:47 [http-nio-8080-exec-2] INFO  c.d.d.p.c.PublicPlatController - ✅ Distance calculated for plat Tacos: 1499.1 km
2026-02-28 01:10:47 [http-nio-8080-exec-5] INFO  c.d.d.p.c.PublicPlatController - 🔍 addDistanceToResponse called for plat: Tiramisu
2026-02-28 01:10:48 [http-nio-8080-exec-2] INFO  c.d.d.p.c.PublicPlatController - 🔍 addDistanceToResponse called for plat: Tiramisu
2026-02-28 01:10:48 [http-nio-8080-exec-5] INFO  c.d.d.p.c.PublicPlatController - 📍 Geocoding address for chef 51438312-db03-469c-b476-e4511f8e8e67: 48.990280170713675, 2.0652013945627465
2026-02-28 01:10:48 [http-nio-8080-exec-5] INFO  c.d.dineo.common.util.GeocodingUtil - 📍 Parsed coordinates from address: [48.990280170713675, 2.0652013945627465]
2026-02-28 01:10:48 [http-nio-8080-exec-5] INFO  c.d.dineo.common.util.GeocodingUtil - ✅ Address is already coordinates: [48.990280170713675, 2.0652013945627465]
2026-02-28 01:10:48 [http-nio-8080-exec-5] INFO  c.d.d.p.c.PublicPlatController - ✅ Geocoded to: [48.990280170713675, 2.0652013945627465]
2026-02-28 01:10:48 [http-nio-8080-exec-5] INFO  c.d.d.p.c.PublicPlatController - ✅ Distance calculated for plat Tiramisu: 1499.1 km
2026-02-28 01:10:48 [http-nio-8080-exec-2] INFO  c.d.d.p.c.PublicPlatController - 📍 Geocoding address for chef 51438312-db03-469c-b476-e4511f8e8e67: 48.990280170713675, 2.0652013945627465
2026-02-28 01:10:48 [http-nio-8080-exec-2] INFO  c.d.dineo.common.util.GeocodingUtil - 📍 Parsed coordinates from address: [48.990280170713675, 2.0652013945627465]
2026-02-28 01:10:48 [http-nio-8080-exec-2] INFO  c.d.dineo.common.util.GeocodingUtil - ✅ Address is already coordinates: [48.990280170713675, 2.0652013945627465]
2026-02-28 01:10:48 [http-nio-8080-exec-2] INFO  c.d.d.p.c.PublicPlatController - ✅ Geocoded to: [48.990280170713675, 2.0652013945627465]
2026-02-28 01:10:48 [http-nio-8080-exec-2] INFO  c.d.d.p.c.PublicPlatController - ✅ Distance calculated for plat Tiramisu: 1499.1 km
2026-02-28 01:10:48 [http-nio-8080-exec-5] INFO  c.d.d.p.c.PublicPlatController - 🔍 addDistanceToResponse called for plat: Steak
2026-02-28 01:10:48 [http-nio-8080-exec-2] INFO  c.d.d.p.c.PublicPlatController - 🔍 addDistanceToResponse called for plat: Steak
2026-02-28 01:10:49 [http-nio-8080-exec-5] INFO  c.d.d.p.c.PublicPlatController - 📍 Geocoding address for chef 51438312-db03-469c-b476-e4511f8e8e67: 48.990280170713675, 2.0652013945627465
2026-02-28 01:10:49 [http-nio-8080-exec-5] INFO  c.d.dineo.common.util.GeocodingUtil - 📍 Parsed coordinates from address: [48.990280170713675, 2.0652013945627465]
2026-02-28 01:10:49 [http-nio-8080-exec-5] INFO  c.d.dineo.common.util.GeocodingUtil - ✅ Address is already coordinates: [48.990280170713675, 2.0652013945627465]
2026-02-28 01:10:49 [http-nio-8080-exec-5] INFO  c.d.d.p.c.PublicPlatController - ✅ Geocoded to: [48.990280170713675, 2.0652013945627465]
2026-02-28 01:10:49 [http-nio-8080-exec-5] INFO  c.d.d.p.c.PublicPlatController - ✅ Distance calculated for plat Steak: 1499.1 km
2026-02-28 01:10:49 [http-nio-8080-exec-2] INFO  c.d.d.p.c.PublicPlatController - 📍 Geocoding address for chef 51438312-db03-469c-b476-e4511f8e8e67: 48.990280170713675, 2.0652013945627465
2026-02-28 01:10:49 [http-nio-8080-exec-2] INFO  c.d.dineo.common.util.GeocodingUtil - 📍 Parsed coordinates from address: [48.990280170713675, 2.0652013945627465]
2026-02-28 01:10:49 [http-nio-8080-exec-2] INFO  c.d.dineo.common.util.GeocodingUtil - ✅ Address is already coordinates: [48.990280170713675, 2.0652013945627465]
2026-02-28 01:10:49 [http-nio-8080-exec-2] INFO  c.d.d.p.c.PublicPlatController - ✅ Geocoded to: [48.990280170713675, 2.0652013945627465]
2026-02-28 01:10:49 [http-nio-8080-exec-2] INFO  c.d.d.p.c.PublicPlatController - ✅ Distance calculated for plat Steak: 1499.1 km
2026-02-28 01:10:49 [http-nio-8080-exec-5] INFO  c.d.d.p.c.PublicPlatController - 🔍 addDistanceToResponse called for plat: Kouskous tunisien
2026-02-28 01:10:49 [http-nio-8080-exec-2] INFO  c.d.d.p.c.PublicPlatController - 🔍 addDistanceToResponse called for plat: Kouskous tunisien
2026-02-28 01:10:50 [http-nio-8080-exec-5] INFO  c.d.d.p.c.PublicPlatController - 📍 Geocoding address for chef 51438312-db03-469c-b476-e4511f8e8e67: 48.990280170713675, 2.0652013945627465
2026-02-28 01:10:50 [http-nio-8080-exec-2] INFO  c.d.d.p.c.PublicPlatController - 📍 Geocoding address for chef 51438312-db03-469c-b476-e4511f8e8e67: 48.990280170713675, 2.0652013945627465
2026-02-28 01:10:50 [http-nio-8080-exec-5] INFO  c.d.dineo.common.util.GeocodingUtil - 📍 Parsed coordinates from address: [48.990280170713675, 2.0652013945627465]
2026-02-28 01:10:50 [http-nio-8080-exec-2] INFO  c.d.dineo.common.util.GeocodingUtil - 📍 Parsed coordinates from address: [48.990280170713675, 2.0652013945627465]
2026-02-28 01:10:50 [http-nio-8080-exec-5] INFO  c.d.dineo.common.util.GeocodingUtil - ✅ Address is already coordinates: [48.990280170713675, 2.0652013945627465]
2026-02-28 01:10:50 [http-nio-8080-exec-2] INFO  c.d.dineo.common.util.GeocodingUtil - ✅ Address is already coordinates: [48.990280170713675, 2.0652013945627465]
2026-02-28 01:10:50 [http-nio-8080-exec-5] INFO  c.d.d.p.c.PublicPlatController - ✅ Geocoded to: [48.990280170713675, 2.0652013945627465]
2026-02-28 01:10:50 [http-nio-8080-exec-2] INFO  c.d.d.p.c.PublicPlatController - ✅ Geocoded to: [48.990280170713675, 2.0652013945627465]
2026-02-28 01:10:50 [http-nio-8080-exec-5] INFO  c.d.d.p.c.PublicPlatController - ✅ Distance calculated for plat Kouskous tunisien: 1499.1 km
2026-02-28 01:10:50 [http-nio-8080-exec-2] INFO  c.d.d.p.c.PublicPlatController - ✅ Distance calculated for plat Kouskous tunisien: 1499.1 km
2026-02-28 01:10:50 [http-nio-8080-exec-5] INFO  c.d.d.p.c.PublicPlatController - 🔍 addDistanceToResponse called for plat: Sushi
2026-02-28 01:10:50 [http-nio-8080-exec-2] INFO  c.d.d.p.c.PublicPlatController - 🔍 addDistanceToResponse called for plat: Sushi
2026-02-28 01:10:50 [http-nio-8080-exec-5] INFO  c.d.d.p.c.PublicPlatController - 📍 Geocoding address for chef 51438312-db03-469c-b476-e4511f8e8e67: 48.990280170713675, 2.0652013945627465
2026-02-28 01:10:50 [http-nio-8080-exec-5] INFO  c.d.dineo.common.util.GeocodingUtil - 📍 Parsed coordinates from address: [48.990280170713675, 2.0652013945627465]
2026-02-28 01:10:50 [http-nio-8080-exec-5] INFO  c.d.dineo.common.util.GeocodingUtil - ✅ Address is already coordinates: [48.990280170713675, 2.0652013945627465]
2026-02-28 01:10:50 [http-nio-8080-exec-5] INFO  c.d.d.p.c.PublicPlatController - ✅ Geocoded to: [48.990280170713675, 2.0652013945627465]
2026-02-28 01:10:50 [http-nio-8080-exec-5] INFO  c.d.d.p.c.PublicPlatController - ✅ Distance calculated for plat Sushi: 1499.1 km
2026-02-28 01:10:50 [http-nio-8080-exec-2] INFO  c.d.d.p.c.PublicPlatController - 📍 Geocoding address for chef 51438312-db03-469c-b476-e4511f8e8e67: 48.990280170713675, 2.0652013945627465
2026-02-28 01:10:50 [http-nio-8080-exec-2] INFO  c.d.dineo.common.util.GeocodingUtil - 📍 Parsed coordinates from address: [48.990280170713675, 2.0652013945627465]
2026-02-28 01:10:50 [http-nio-8080-exec-2] INFO  c.d.dineo.common.util.GeocodingUtil - ✅ Address is already coordinates: [48.990280170713675, 2.0652013945627465]
2026-02-28 01:10:50 [http-nio-8080-exec-2] INFO  c.d.d.p.c.PublicPlatController - ✅ Geocoded to: [48.990280170713675, 2.0652013945627465]
2026-02-28 01:10:50 [http-nio-8080-exec-2] INFO  c.d.d.p.c.PublicPlatController - ✅ Distance calculated for plat Sushi: 1499.1 km
2026-02-28 01:10:51 [http-nio-8080-exec-5] INFO  c.d.d.p.c.PublicPlatController - 🔍 addDistanceToResponse called for plat: Salade César
2026-02-28 01:10:51 [http-nio-8080-exec-2] INFO  c.d.d.p.c.PublicPlatController - 🔍 addDistanceToResponse called for plat: Salade César
2026-02-28 01:10:51 [http-nio-8080-exec-2] INFO  c.d.d.p.c.PublicPlatController - 📍 Geocoding address for chef 51438312-db03-469c-b476-e4511f8e8e67: 48.990280170713675, 2.0652013945627465
2026-02-28 01:10:51 [http-nio-8080-exec-2] INFO  c.d.dineo.common.util.GeocodingUtil - 📍 Parsed coordinates from address: [48.990280170713675, 2.0652013945627465]
2026-02-28 01:10:51 [http-nio-8080-exec-2] INFO  c.d.dineo.common.util.GeocodingUtil - ✅ Address is already coordinates: [48.990280170713675, 2.0652013945627465]
2026-02-28 01:10:51 [http-nio-8080-exec-2] INFO  c.d.d.p.c.PublicPlatController - ✅ Geocoded to: [48.990280170713675, 2.0652013945627465]
2026-02-28 01:10:51 [http-nio-8080-exec-2] INFO  c.d.d.p.c.PublicPlatController - ✅ Distance calculated for plat Salade César: 1499.1 km
2026-02-28 01:10:51 [http-nio-8080-exec-5] INFO  c.d.d.p.c.PublicPlatController - 📍 Geocoding address for chef 51438312-db03-469c-b476-e4511f8e8e67: 48.990280170713675, 2.0652013945627465
2026-02-28 01:10:51 [http-nio-8080-exec-5] INFO  c.d.dineo.common.util.GeocodingUtil - 📍 Parsed coordinates from address: [48.990280170713675, 2.0652013945627465]
2026-02-28 01:10:51 [http-nio-8080-exec-5] INFO  c.d.dineo.common.util.GeocodingUtil - ✅ Address is already coordinates: [48.990280170713675, 2.0652013945627465]
2026-02-28 01:10:51 [http-nio-8080-exec-5] INFO  c.d.d.p.c.PublicPlatController - ✅ Geocoded to: [48.990280170713675, 2.0652013945627465]
2026-02-28 01:10:51 [http-nio-8080-exec-5] INFO  c.d.d.p.c.PublicPlatController - ✅ Distance calculated for plat Salade César: 1499.1 km
2026-02-28 01:10:52 [http-nio-8080-exec-2] INFO  c.d.d.p.c.PublicPlatController - 🔍 addDistanceToResponse called for plat: Pizza
2026-02-28 01:10:52 [http-nio-8080-exec-5] INFO  c.d.d.p.c.PublicPlatController - 🔍 addDistanceToResponse called for plat: Pizza
2026-02-28 01:10:52 [http-nio-8080-exec-2] INFO  c.d.d.p.c.PublicPlatController - 📍 Geocoding address for chef 51438312-db03-469c-b476-e4511f8e8e67: 48.990280170713675, 2.0652013945627465
2026-02-28 01:10:52 [http-nio-8080-exec-2] INFO  c.d.dineo.common.util.GeocodingUtil - 📍 Parsed coordinates from address: [48.990280170713675, 2.0652013945627465]
2026-02-28 01:10:52 [http-nio-8080-exec-2] INFO  c.d.dineo.common.util.GeocodingUtil - ✅ Address is already coordinates: [48.990280170713675, 2.0652013945627465]
2026-02-28 01:10:52 [http-nio-8080-exec-2] INFO  c.d.d.p.c.PublicPlatController - ✅ Geocoded to: [48.990280170713675, 2.0652013945627465]
2026-02-28 01:10:52 [http-nio-8080-exec-2] INFO  c.d.d.p.c.PublicPlatController - ✅ Distance calculated for plat Pizza: 1499.1 km
2026-02-28 01:10:52 [http-nio-8080-exec-5] INFO  c.d.d.p.c.PublicPlatController - 📍 Geocoding address for chef 51438312-db03-469c-b476-e4511f8e8e67: 48.990280170713675, 2.0652013945627465
2026-02-28 01:10:52 [http-nio-8080-exec-5] INFO  c.d.dineo.common.util.GeocodingUtil - 📍 Parsed coordinates from address: [48.990280170713675, 2.0652013945627465]
2026-02-28 01:10:52 [http-nio-8080-exec-5] INFO  c.d.dineo.common.util.GeocodingUtil - ✅ Address is already coordinates: [48.990280170713675, 2.0652013945627465]
2026-02-28 01:10:52 [http-nio-8080-exec-5] INFO  c.d.d.p.c.PublicPlatController - ✅ Geocoded to: [48.990280170713675, 2.0652013945627465]
2026-02-28 01:10:52 [http-nio-8080-exec-5] INFO  c.d.d.p.c.PublicPlatController - ✅ Distance calculated for plat Pizza: 1499.1 km
2026-02-28 01:10:53 [http-nio-8080-exec-2] INFO  c.d.d.p.c.PublicPlatController - 🔍 addDistanceToResponse called for plat: Plat fruit de mer
2026-02-28 01:10:53 [http-nio-8080-exec-5] INFO  c.d.d.p.c.PublicPlatController - 🔍 addDistanceToResponse called for plat: Plat fruit de mer
2026-02-28 01:10:53 [http-nio-8080-exec-2] INFO  c.d.d.p.c.PublicPlatController - 📍 Geocoding address for chef 51438312-db03-469c-b476-e4511f8e8e67: 48.990280170713675, 2.0652013945627465
2026-02-28 01:10:53 [http-nio-8080-exec-2] INFO  c.d.dineo.common.util.GeocodingUtil - 📍 Parsed coordinates from address: [48.990280170713675, 2.0652013945627465]
2026-02-28 01:10:53 [http-nio-8080-exec-2] INFO  c.d.dineo.common.util.GeocodingUtil - ✅ Address is already coordinates: [48.990280170713675, 2.0652013945627465]
2026-02-28 01:10:53 [http-nio-8080-exec-2] INFO  c.d.d.p.c.PublicPlatController - ✅ Geocoded to: [48.990280170713675, 2.0652013945627465]
2026-02-28 01:10:53 [http-nio-8080-exec-2] INFO  c.d.d.p.c.PublicPlatController - ✅ Distance calculated for plat Plat fruit de mer: 1499.1 km
2026-02-28 01:10:53 [http-nio-8080-exec-5] INFO  c.d.d.p.c.PublicPlatController - 📍 Geocoding address for chef 51438312-db03-469c-b476-e4511f8e8e67: 48.990280170713675, 2.0652013945627465
2026-02-28 01:10:53 [http-nio-8080-exec-5] INFO  c.d.dineo.common.util.GeocodingUtil - 📍 Parsed coordinates from address: [48.990280170713675, 2.0652013945627465]
2026-02-28 01:10:53 [http-nio-8080-exec-5] INFO  c.d.dineo.common.util.GeocodingUtil - ✅ Address is already coordinates: [48.990280170713675, 2.0652013945627465]
2026-02-28 01:10:53 [http-nio-8080-exec-5] INFO  c.d.d.p.c.PublicPlatController - ✅ Geocoded to: [48.990280170713675, 2.0652013945627465]
2026-02-28 01:10:53 [http-nio-8080-exec-5] INFO  c.d.d.p.c.PublicPlatController - ✅ Distance calculated for plat Plat fruit de mer: 1499.1 km
2026-02-28 01:10:54 [http-nio-8080-exec-2] INFO  c.d.d.p.c.PublicPlatController - 🔍 addDistanceToResponse called for plat: Par-là
2026-02-28 01:10:54 [http-nio-8080-exec-5] INFO  c.d.d.p.c.PublicPlatController - 🔍 addDistanceToResponse called for plat: Par-là
2026-02-28 01:10:54 [http-nio-8080-exec-2] INFO  c.d.d.p.c.PublicPlatController - 📍 Geocoding address for chef 51438312-db03-469c-b476-e4511f8e8e67: 48.990280170713675, 2.0652013945627465
2026-02-28 01:10:54 [http-nio-8080-exec-2] INFO  c.d.dineo.common.util.GeocodingUtil - 📍 Parsed coordinates from address: [48.990280170713675, 2.0652013945627465]
2026-02-28 01:10:54 [http-nio-8080-exec-2] INFO  c.d.dineo.common.util.GeocodingUtil - ✅ Address is already coordinates: [48.990280170713675, 2.0652013945627465]
2026-02-28 01:10:54 [http-nio-8080-exec-2] INFO  c.d.d.p.c.PublicPlatController - ✅ Geocoded to: [48.990280170713675, 2.0652013945627465]
2026-02-28 01:10:54 [http-nio-8080-exec-2] INFO  c.d.d.p.c.PublicPlatController - ✅ Distance calculated for plat Par-là: 1499.1 km
2026-02-28 01:10:54 [http-nio-8080-exec-2] INFO  c.d.d.p.c.PublicPlatController - After all filters: 1 plats remaining
2026-02-28 01:10:54 [http-nio-8080-exec-2] INFO  c.d.d.p.c.PublicPlatController - Search returned 1 total results, page 1/1
2026-02-28 01:10:54 [http-nio-8080-exec-5] INFO  c.d.d.p.c.PublicPlatController - 📍 Geocoding address for chef 51438312-db03-469c-b476-e4511f8e8e67: 48.990280170713675, 2.0652013945627465
2026-02-28 01:10:54 [http-nio-8080-exec-5] INFO  c.d.dineo.common.util.GeocodingUtil - 📍 Parsed coordinates from address: [48.990280170713675, 2.0652013945627465]
2026-02-28 01:10:54 [http-nio-8080-exec-5] INFO  c.d.dineo.common.util.GeocodingUtil - ✅ Address is already coordinates: [48.990280170713675, 2.0652013945627465]
2026-02-28 01:10:54 [http-nio-8080-exec-5] INFO  c.d.d.p.c.PublicPlatController - ✅ Geocoded to: [48.990280170713675, 2.0652013945627465]
2026-02-28 01:10:54 [http-nio-8080-exec-5] INFO  c.d.d.p.c.PublicPlatController - ✅ Distance calculated for plat Par-là: 1499.1 km
2026-02-28 01:10:54 [http-nio-8080-exec-5] INFO  c.d.d.p.c.PublicPlatController - After all filters: 1 plats remaining
2026-02-28 01:10:54 [http-nio-8080-exec-5] INFO  c.d.d.p.c.PublicPlatController - Search returned 1 total results, page 1/1
2026-02-28 01:11:03 [http-nio-8080-exec-7] INFO  c.d.d.p.c.PublicPlatController - Public request to get categories (location: 36.86185454999997, 10.162940019999994, radius: 30.0km)
2026-02-28 01:11:03 [http-nio-8080-exec-10] INFO  c.d.d.p.c.PublicPlatController - Public search request - query: null, category: null, maxCookTime: null, minRating: null, sortBy: newest, sortOrder: desc, location: 36.86185454999997, 10.162940019999994, radius: 30.0km, page: 1, pageSize: 12
2026-02-28 01:11:03 [http-nio-8080-exec-3] INFO  c.d.d.p.c.PublicPlatController - Public request to get categories (location: 36.86185454999997, 10.162940019999994, radius: 30.0km)
2026-02-28 01:11:03 [http-nio-8080-exec-4] INFO  c.d.d.p.c.PublicPlatController - Public search request - query: null, category: null, maxCookTime: null, minRating: null, sortBy: newest, sortOrder: desc, location: 36.86185454999997, 10.162940019999994, radius: 30.0km, page: 1, pageSize: 12
2026-02-28 01:11:03 [http-nio-8080-exec-7] INFO  c.d.d.p.c.PublicPlatController - Found 12 available plats before filtering
2026-02-28 01:11:03 [http-nio-8080-exec-4] INFO  c.d.d.p.c.PublicPlatController - Found 12 available plats in database
2026-02-28 01:11:03 [http-nio-8080-exec-10] INFO  c.d.d.p.c.PublicPlatController - Found 12 available plats in database
2026-02-28 01:11:03 [http-nio-8080-exec-3] INFO  c.d.d.p.c.PublicPlatController - Found 12 available plats before filtering
2026-02-28 01:11:03 [http-nio-8080-exec-7] INFO  c.d.dineo.common.util.GeocodingUtil - 📍 Parsed coordinates from address: [48.990280170713675, 2.0652013945627465]
2026-02-28 01:11:03 [http-nio-8080-exec-7] INFO  c.d.dineo.common.util.GeocodingUtil - ✅ Address is already coordinates: [48.990280170713675, 2.0652013945627465]
2026-02-28 01:11:03 [http-nio-8080-exec-3] INFO  c.d.dineo.common.util.GeocodingUtil - 📍 Parsed coordinates from address: [48.990280170713675, 2.0652013945627465]
2026-02-28 01:11:03 [http-nio-8080-exec-3] INFO  c.d.dineo.common.util.GeocodingUtil - ✅ Address is already coordinates: [48.990280170713675, 2.0652013945627465]
2026-02-28 01:11:04 [http-nio-8080-exec-7] INFO  c.d.dineo.common.util.GeocodingUtil - 📍 Parsed coordinates from address: [48.990280170713675, 2.0652013945627465]
2026-02-28 01:11:04 [http-nio-8080-exec-7] INFO  c.d.dineo.common.util.GeocodingUtil - ✅ Address is already coordinates: [48.990280170713675, 2.0652013945627465]
2026-02-28 01:11:04 [http-nio-8080-exec-4] INFO  c.d.d.p.c.PublicPlatController - 🔍 addDistanceToResponse called for plat: Noodels
2026-02-28 01:11:04 [http-nio-8080-exec-3] INFO  c.d.dineo.common.util.GeocodingUtil - 📍 Parsed coordinates from address: [48.990280170713675, 2.0652013945627465]
2026-02-28 01:11:04 [http-nio-8080-exec-3] INFO  c.d.dineo.common.util.GeocodingUtil - ✅ Address is already coordinates: [48.990280170713675, 2.0652013945627465]
2026-02-28 01:11:04 [http-nio-8080-exec-10] INFO  c.d.d.p.c.PublicPlatController - 🔍 addDistanceToResponse called for plat: Noodels
2026-02-28 01:11:04 [http-nio-8080-exec-4] INFO  c.d.d.p.c.PublicPlatController - 📍 Geocoding address for chef 51438312-db03-469c-b476-e4511f8e8e67: 48.990280170713675, 2.0652013945627465
2026-02-28 01:11:04 [http-nio-8080-exec-4] INFO  c.d.dineo.common.util.GeocodingUtil - 📍 Parsed coordinates from address: [48.990280170713675, 2.0652013945627465]
2026-02-28 01:11:04 [http-nio-8080-exec-4] INFO  c.d.dineo.common.util.GeocodingUtil - ✅ Address is already coordinates: [48.990280170713675, 2.0652013945627465]
2026-02-28 01:11:04 [http-nio-8080-exec-4] INFO  c.d.d.p.c.PublicPlatController - ✅ Geocoded to: [48.990280170713675, 2.0652013945627465]
2026-02-28 01:11:04 [http-nio-8080-exec-4] INFO  c.d.d.p.c.PublicPlatController - ✅ Distance calculated for plat Noodels: 1499.1 km
2026-02-28 01:11:04 [http-nio-8080-exec-10] INFO  c.d.d.p.c.PublicPlatController - 📍 Geocoding address for chef 51438312-db03-469c-b476-e4511f8e8e67: 48.990280170713675, 2.0652013945627465
2026-02-28 01:11:04 [http-nio-8080-exec-7] INFO  c.d.dineo.common.util.GeocodingUtil - 📍 Parsed coordinates from address: [36.86798171618947, 10.170494516278797]
2026-02-28 01:11:04 [http-nio-8080-exec-10] INFO  c.d.dineo.common.util.GeocodingUtil - 📍 Parsed coordinates from address: [48.990280170713675, 2.0652013945627465]
2026-02-28 01:11:04 [http-nio-8080-exec-7] INFO  c.d.dineo.common.util.GeocodingUtil - ✅ Address is already coordinates: [36.86798171618947, 10.170494516278797]
2026-02-28 01:11:04 [http-nio-8080-exec-10] INFO  c.d.dineo.common.util.GeocodingUtil - ✅ Address is already coordinates: [48.990280170713675, 2.0652013945627465]
2026-02-28 01:11:04 [http-nio-8080-exec-10] INFO  c.d.d.p.c.PublicPlatController - ✅ Geocoded to: [48.990280170713675, 2.0652013945627465]
2026-02-28 01:11:04 [http-nio-8080-exec-10] INFO  c.d.d.p.c.PublicPlatController - ✅ Distance calculated for plat Noodels: 1499.1 km
2026-02-28 01:11:04 [http-nio-8080-exec-3] INFO  c.d.dineo.common.util.GeocodingUtil - 📍 Parsed coordinates from address: [36.86798171618947, 10.170494516278797]
2026-02-28 01:11:04 [http-nio-8080-exec-3] INFO  c.d.dineo.common.util.GeocodingUtil - ✅ Address is already coordinates: [36.86798171618947, 10.170494516278797]
2026-02-28 01:11:04 [http-nio-8080-exec-7] INFO  c.d.dineo.common.util.GeocodingUtil - 📍 Parsed coordinates from address: [48.990280170713675, 2.0652013945627465]
2026-02-28 01:11:04 [http-nio-8080-exec-7] INFO  c.d.dineo.common.util.GeocodingUtil - ✅ Address is already coordinates: [48.990280170713675, 2.0652013945627465]
2026-02-28 01:11:04 [http-nio-8080-exec-3] INFO  c.d.dineo.common.util.GeocodingUtil - 📍 Parsed coordinates from address: [48.990280170713675, 2.0652013945627465]
2026-02-28 01:11:04 [http-nio-8080-exec-3] INFO  c.d.dineo.common.util.GeocodingUtil - ✅ Address is already coordinates: [48.990280170713675, 2.0652013945627465]
2026-02-28 01:11:04 [http-nio-8080-exec-4] INFO  c.d.d.p.c.PublicPlatController - 🔍 addDistanceToResponse called for plat: Fricassé
2026-02-28 01:11:04 [http-nio-8080-exec-7] INFO  c.d.dineo.common.util.GeocodingUtil - 📍 Parsed coordinates from address: [48.990280170713675, 2.0652013945627465]
2026-02-28 01:11:04 [http-nio-8080-exec-7] INFO  c.d.dineo.common.util.GeocodingUtil - ✅ Address is already coordinates: [48.990280170713675, 2.0652013945627465]
2026-02-28 01:11:04 [http-nio-8080-exec-10] INFO  c.d.d.p.c.PublicPlatController - 🔍 addDistanceToResponse called for plat: Fricassé
2026-02-28 01:11:05 [http-nio-8080-exec-3] INFO  c.d.dineo.common.util.GeocodingUtil - 📍 Parsed coordinates from address: [48.990280170713675, 2.0652013945627465]
2026-02-28 01:11:05 [http-nio-8080-exec-3] INFO  c.d.dineo.common.util.GeocodingUtil - ✅ Address is already coordinates: [48.990280170713675, 2.0652013945627465]
2026-02-28 01:11:05 [http-nio-8080-exec-10] INFO  c.d.d.p.c.PublicPlatController - 📍 Geocoding address for chef 51438312-db03-469c-b476-e4511f8e8e67: 48.990280170713675, 2.0652013945627465
2026-02-28 01:11:05 [http-nio-8080-exec-4] INFO  c.d.d.p.c.PublicPlatController - 📍 Geocoding address for chef 51438312-db03-469c-b476-e4511f8e8e67: 48.990280170713675, 2.0652013945627465
2026-02-28 01:11:05 [http-nio-8080-exec-7] INFO  c.d.dineo.common.util.GeocodingUtil - 📍 Parsed coordinates from address: [48.990280170713675, 2.0652013945627465]
2026-02-28 01:11:05 [http-nio-8080-exec-10] INFO  c.d.dineo.common.util.GeocodingUtil - 📍 Parsed coordinates from address: [48.990280170713675, 2.0652013945627465]
2026-02-28 01:11:05 [http-nio-8080-exec-4] INFO  c.d.dineo.common.util.GeocodingUtil - 📍 Parsed coordinates from address: [48.990280170713675, 2.0652013945627465]
2026-02-28 01:11:05 [http-nio-8080-exec-7] INFO  c.d.dineo.common.util.GeocodingUtil - ✅ Address is already coordinates: [48.990280170713675, 2.0652013945627465]
2026-02-28 01:11:05 [http-nio-8080-exec-10] INFO  c.d.dineo.common.util.GeocodingUtil - ✅ Address is already coordinates: [48.990280170713675, 2.0652013945627465]
2026-02-28 01:11:05 [http-nio-8080-exec-4] INFO  c.d.dineo.common.util.GeocodingUtil - ✅ Address is already coordinates: [48.990280170713675, 2.0652013945627465]
2026-02-28 01:11:05 [http-nio-8080-exec-10] INFO  c.d.d.p.c.PublicPlatController - ✅ Geocoded to: [48.990280170713675, 2.0652013945627465]
2026-02-28 01:11:05 [http-nio-8080-exec-4] INFO  c.d.d.p.c.PublicPlatController - ✅ Geocoded to: [48.990280170713675, 2.0652013945627465]
2026-02-28 01:11:05 [http-nio-8080-exec-10] INFO  c.d.d.p.c.PublicPlatController - ✅ Distance calculated for plat Fricassé: 1499.1 km
2026-02-28 01:11:05 [http-nio-8080-exec-4] INFO  c.d.d.p.c.PublicPlatController - ✅ Distance calculated for plat Fricassé: 1499.1 km
2026-02-28 01:11:05 [http-nio-8080-exec-3] INFO  c.d.dineo.common.util.GeocodingUtil - 📍 Parsed coordinates from address: [48.990280170713675, 2.0652013945627465]
2026-02-28 01:11:05 [http-nio-8080-exec-3] INFO  c.d.dineo.common.util.GeocodingUtil - ✅ Address is already coordinates: [48.990280170713675, 2.0652013945627465]
2026-02-28 01:11:05 [http-nio-8080-exec-7] INFO  c.d.dineo.common.util.GeocodingUtil - 📍 Parsed coordinates from address: [48.990280170713675, 2.0652013945627465]
2026-02-28 01:11:05 [http-nio-8080-exec-7] INFO  c.d.dineo.common.util.GeocodingUtil - ✅ Address is already coordinates: [48.990280170713675, 2.0652013945627465]
2026-02-28 01:11:05 [http-nio-8080-exec-3] INFO  c.d.dineo.common.util.GeocodingUtil - 📍 Parsed coordinates from address: [48.990280170713675, 2.0652013945627465]
2026-02-28 01:11:05 [http-nio-8080-exec-3] INFO  c.d.dineo.common.util.GeocodingUtil - ✅ Address is already coordinates: [48.990280170713675, 2.0652013945627465]
2026-02-28 01:11:05 [http-nio-8080-exec-7] INFO  c.d.dineo.common.util.GeocodingUtil - 📍 Parsed coordinates from address: [48.990280170713675, 2.0652013945627465]
2026-02-28 01:11:05 [http-nio-8080-exec-7] INFO  c.d.dineo.common.util.GeocodingUtil - ✅ Address is already coordinates: [48.990280170713675, 2.0652013945627465]
2026-02-28 01:11:05 [http-nio-8080-exec-10] INFO  c.d.d.p.c.PublicPlatController - 🔍 addDistanceToResponse called for plat: lasagne
2026-02-28 01:11:05 [http-nio-8080-exec-3] INFO  c.d.dineo.common.util.GeocodingUtil - 📍 Parsed coordinates from address: [48.990280170713675, 2.0652013945627465]
2026-02-28 01:11:05 [http-nio-8080-exec-4] INFO  c.d.d.p.c.PublicPlatController - 🔍 addDistanceToResponse called for plat: lasagne
2026-02-28 01:11:05 [http-nio-8080-exec-3] INFO  c.d.dineo.common.util.GeocodingUtil - ✅ Address is already coordinates: [48.990280170713675, 2.0652013945627465]
2026-02-28 01:11:06 [http-nio-8080-exec-7] INFO  c.d.dineo.common.util.GeocodingUtil - 📍 Parsed coordinates from address: [48.990280170713675, 2.0652013945627465]
2026-02-28 01:11:06 [http-nio-8080-exec-7] INFO  c.d.dineo.common.util.GeocodingUtil - ✅ Address is already coordinates: [48.990280170713675, 2.0652013945627465]
2026-02-28 01:11:06 [http-nio-8080-exec-10] INFO  c.d.d.p.c.PublicPlatController - 📍 Geocoding address for chef 2b9ae655-331b-44dd-a316-505318613279: 36.86798171618947, 10.170494516278797
2026-02-28 01:11:06 [http-nio-8080-exec-10] INFO  c.d.dineo.common.util.GeocodingUtil - 📍 Parsed coordinates from address: [36.86798171618947, 10.170494516278797]
2026-02-28 01:11:06 [http-nio-8080-exec-10] INFO  c.d.dineo.common.util.GeocodingUtil - ✅ Address is already coordinates: [36.86798171618947, 10.170494516278797]
2026-02-28 01:11:06 [http-nio-8080-exec-10] INFO  c.d.d.p.c.PublicPlatController - ✅ Geocoded to: [36.86798171618947, 10.170494516278797]
2026-02-28 01:11:06 [http-nio-8080-exec-10] INFO  c.d.d.p.c.PublicPlatController - ✅ Distance calculated for plat lasagne: 1.0 km
2026-02-28 01:11:06 [http-nio-8080-exec-3] INFO  c.d.dineo.common.util.GeocodingUtil - 📍 Parsed coordinates from address: [48.990280170713675, 2.0652013945627465]
2026-02-28 01:11:06 [http-nio-8080-exec-4] INFO  c.d.d.p.c.PublicPlatController - 📍 Geocoding address for chef 2b9ae655-331b-44dd-a316-505318613279: 36.86798171618947, 10.170494516278797
2026-02-28 01:11:06 [http-nio-8080-exec-3] INFO  c.d.dineo.common.util.GeocodingUtil - ✅ Address is already coordinates: [48.990280170713675, 2.0652013945627465]
2026-02-28 01:11:06 [http-nio-8080-exec-4] INFO  c.d.dineo.common.util.GeocodingUtil - 📍 Parsed coordinates from address: [36.86798171618947, 10.170494516278797]
2026-02-28 01:11:06 [http-nio-8080-exec-4] INFO  c.d.dineo.common.util.GeocodingUtil - ✅ Address is already coordinates: [36.86798171618947, 10.170494516278797]
2026-02-28 01:11:06 [http-nio-8080-exec-4] INFO  c.d.d.p.c.PublicPlatController - ✅ Geocoded to: [36.86798171618947, 10.170494516278797]
2026-02-28 01:11:06 [http-nio-8080-exec-4] INFO  c.d.d.p.c.PublicPlatController - ✅ Distance calculated for plat lasagne: 1.0 km
2026-02-28 01:11:06 [http-nio-8080-exec-7] INFO  c.d.dineo.common.util.GeocodingUtil - 📍 Parsed coordinates from address: [48.990280170713675, 2.0652013945627465]
2026-02-28 01:11:06 [http-nio-8080-exec-7] INFO  c.d.dineo.common.util.GeocodingUtil - ✅ Address is already coordinates: [48.990280170713675, 2.0652013945627465]
2026-02-28 01:11:06 [http-nio-8080-exec-3] INFO  c.d.dineo.common.util.GeocodingUtil - 📍 Parsed coordinates from address: [48.990280170713675, 2.0652013945627465]
2026-02-28 01:11:06 [http-nio-8080-exec-3] INFO  c.d.dineo.common.util.GeocodingUtil - ✅ Address is already coordinates: [48.990280170713675, 2.0652013945627465]
2026-02-28 01:11:06 [http-nio-8080-exec-7] INFO  c.d.dineo.common.util.GeocodingUtil - 📍 Parsed coordinates from address: [48.990280170713675, 2.0652013945627465]
2026-02-28 01:11:06 [http-nio-8080-exec-7] INFO  c.d.dineo.common.util.GeocodingUtil - ✅ Address is already coordinates: [48.990280170713675, 2.0652013945627465]
2026-02-28 01:11:06 [http-nio-8080-exec-10] INFO  c.d.d.p.c.PublicPlatController - 🔍 addDistanceToResponse called for plat: Tacos
2026-02-28 01:11:06 [http-nio-8080-exec-3] INFO  c.d.dineo.common.util.GeocodingUtil - 📍 Parsed coordinates from address: [48.990280170713675, 2.0652013945627465]
2026-02-28 01:11:06 [http-nio-8080-exec-3] INFO  c.d.dineo.common.util.GeocodingUtil - ✅ Address is already coordinates: [48.990280170713675, 2.0652013945627465]
2026-02-28 01:11:06 [http-nio-8080-exec-4] INFO  c.d.d.p.c.PublicPlatController - 🔍 addDistanceToResponse called for plat: Tacos
2026-02-28 01:11:06 [http-nio-8080-exec-7] INFO  c.d.dineo.common.util.GeocodingUtil - 📍 Parsed coordinates from address: [48.990280170713675, 2.0652013945627465]
2026-02-28 01:11:06 [http-nio-8080-exec-7] INFO  c.d.dineo.common.util.GeocodingUtil - ✅ Address is already coordinates: [48.990280170713675, 2.0652013945627465]
2026-02-28 01:11:06 [http-nio-8080-exec-7] INFO  c.d.d.p.c.PublicPlatController - After location filtering: 1 plats within 30.0km
2026-02-28 01:11:07 [http-nio-8080-exec-7] INFO  c.d.d.p.c.PublicPlatController - Found 2 unique categories from filtered plats
2026-02-28 01:11:07 [http-nio-8080-exec-10] INFO  c.d.d.p.c.PublicPlatController - 📍 Geocoding address for chef 51438312-db03-469c-b476-e4511f8e8e67: 48.990280170713675, 2.0652013945627465
2026-02-28 01:11:07 [http-nio-8080-exec-10] INFO  c.d.dineo.common.util.GeocodingUtil - 📍 Parsed coordinates from address: [48.990280170713675, 2.0652013945627465]
2026-02-28 01:11:07 [http-nio-8080-exec-10] INFO  c.d.dineo.common.util.GeocodingUtil - ✅ Address is already coordinates: [48.990280170713675, 2.0652013945627465]
2026-02-28 01:11:07 [http-nio-8080-exec-10] INFO  c.d.d.p.c.PublicPlatController - ✅ Geocoded to: [48.990280170713675, 2.0652013945627465]
2026-02-28 01:11:07 [http-nio-8080-exec-10] INFO  c.d.d.p.c.PublicPlatController - ✅ Distance calculated for plat Tacos: 1499.1 km
2026-02-28 01:11:07 [http-nio-8080-exec-3] INFO  c.d.dineo.common.util.GeocodingUtil - 📍 Parsed coordinates from address: [48.990280170713675, 2.0652013945627465]
2026-02-28 01:11:07 [http-nio-8080-exec-4] INFO  c.d.d.p.c.PublicPlatController - 📍 Geocoding address for chef 51438312-db03-469c-b476-e4511f8e8e67: 48.990280170713675, 2.0652013945627465
2026-02-28 01:11:07 [http-nio-8080-exec-3] INFO  c.d.dineo.common.util.GeocodingUtil - ✅ Address is already coordinates: [48.990280170713675, 2.0652013945627465]
2026-02-28 01:11:07 [http-nio-8080-exec-4] INFO  c.d.dineo.common.util.GeocodingUtil - 📍 Parsed coordinates from address: [48.990280170713675, 2.0652013945627465]
2026-02-28 01:11:07 [http-nio-8080-exec-3] INFO  c.d.d.p.c.PublicPlatController - After location filtering: 1 plats within 30.0km
2026-02-28 01:11:07 [http-nio-8080-exec-4] INFO  c.d.dineo.common.util.GeocodingUtil - ✅ Address is already coordinates: [48.990280170713675, 2.0652013945627465]
2026-02-28 01:11:07 [http-nio-8080-exec-4] INFO  c.d.d.p.c.PublicPlatController - ✅ Geocoded to: [48.990280170713675, 2.0652013945627465]
2026-02-28 01:11:07 [http-nio-8080-exec-4] INFO  c.d.d.p.c.PublicPlatController - ✅ Distance calculated for plat Tacos: 1499.1 km
2026-02-28 01:11:07 [http-nio-8080-exec-3] INFO  c.d.d.p.c.PublicPlatController - Found 2 unique categories from filtered plats
2026-02-28 01:11:07 [http-nio-8080-exec-10] INFO  c.d.d.p.c.PublicPlatController - 🔍 addDistanceToResponse called for plat: Tiramisu
2026-02-28 01:11:07 [http-nio-8080-exec-4] INFO  c.d.d.p.c.PublicPlatController - 🔍 addDistanceToResponse called for plat: Tiramisu
2026-02-28 01:11:07 [http-nio-8080-exec-10] INFO  c.d.d.p.c.PublicPlatController - 📍 Geocoding address for chef 51438312-db03-469c-b476-e4511f8e8e67: 48.990280170713675, 2.0652013945627465
2026-02-28 01:11:07 [http-nio-8080-exec-10] INFO  c.d.dineo.common.util.GeocodingUtil - 📍 Parsed coordinates from address: [48.990280170713675, 2.0652013945627465]
2026-02-28 01:11:07 [http-nio-8080-exec-10] INFO  c.d.dineo.common.util.GeocodingUtil - ✅ Address is already coordinates: [48.990280170713675, 2.0652013945627465]
2026-02-28 01:11:07 [http-nio-8080-exec-10] INFO  c.d.d.p.c.PublicPlatController - ✅ Geocoded to: [48.990280170713675, 2.0652013945627465]
2026-02-28 01:11:07 [http-nio-8080-exec-10] INFO  c.d.d.p.c.PublicPlatController - ✅ Distance calculated for plat Tiramisu: 1499.1 km
2026-02-28 01:11:08 [http-nio-8080-exec-4] INFO  c.d.d.p.c.PublicPlatController - 📍 Geocoding address for chef 51438312-db03-469c-b476-e4511f8e8e67: 48.990280170713675, 2.0652013945627465
2026-02-28 01:11:08 [http-nio-8080-exec-4] INFO  c.d.dineo.common.util.GeocodingUtil - 📍 Parsed coordinates from address: [48.990280170713675, 2.0652013945627465]
2026-02-28 01:11:08 [http-nio-8080-exec-4] INFO  c.d.dineo.common.util.GeocodingUtil - ✅ Address is already coordinates: [48.990280170713675, 2.0652013945627465]
2026-02-28 01:11:08 [http-nio-8080-exec-4] INFO  c.d.d.p.c.PublicPlatController - ✅ Geocoded to: [48.990280170713675, 2.0652013945627465]
2026-02-28 01:11:08 [http-nio-8080-exec-4] INFO  c.d.d.p.c.PublicPlatController - ✅ Distance calculated for plat Tiramisu: 1499.1 km
2026-02-28 01:11:08 [http-nio-8080-exec-10] INFO  c.d.d.p.c.PublicPlatController - 🔍 addDistanceToResponse called for plat: Steak
2026-02-28 01:11:08 [http-nio-8080-exec-4] INFO  c.d.d.p.c.PublicPlatController - 🔍 addDistanceToResponse called for plat: Steak
2026-02-28 01:11:08 [http-nio-8080-exec-10] INFO  c.d.d.p.c.PublicPlatController - 📍 Geocoding address for chef 51438312-db03-469c-b476-e4511f8e8e67: 48.990280170713675, 2.0652013945627465
2026-02-28 01:11:08 [http-nio-8080-exec-10] INFO  c.d.dineo.common.util.GeocodingUtil - 📍 Parsed coordinates from address: [48.990280170713675, 2.0652013945627465]
2026-02-28 01:11:08 [http-nio-8080-exec-10] INFO  c.d.dineo.common.util.GeocodingUtil - ✅ Address is already coordinates: [48.990280170713675, 2.0652013945627465]
2026-02-28 01:11:08 [http-nio-8080-exec-10] INFO  c.d.d.p.c.PublicPlatController - ✅ Geocoded to: [48.990280170713675, 2.0652013945627465]
2026-02-28 01:11:08 [http-nio-8080-exec-10] INFO  c.d.d.p.c.PublicPlatController - ✅ Distance calculated for plat Steak: 1499.1 km
2026-02-28 01:11:08 [http-nio-8080-exec-4] INFO  c.d.d.p.c.PublicPlatController - 📍 Geocoding address for chef 51438312-db03-469c-b476-e4511f8e8e67: 48.990280170713675, 2.0652013945627465
2026-02-28 01:11:08 [http-nio-8080-exec-4] INFO  c.d.dineo.common.util.GeocodingUtil - 📍 Parsed coordinates from address: [48.990280170713675, 2.0652013945627465]
2026-02-28 01:11:08 [http-nio-8080-exec-4] INFO  c.d.dineo.common.util.GeocodingUtil - ✅ Address is already coordinates: [48.990280170713675, 2.0652013945627465]
2026-02-28 01:11:08 [http-nio-8080-exec-4] INFO  c.d.d.p.c.PublicPlatController - ✅ Geocoded to: [48.990280170713675, 2.0652013945627465]
2026-02-28 01:11:08 [http-nio-8080-exec-4] INFO  c.d.d.p.c.PublicPlatController - ✅ Distance calculated for plat Steak: 1499.1 km
2026-02-28 01:11:09 [http-nio-8080-exec-10] INFO  c.d.d.p.c.PublicPlatController - 🔍 addDistanceToResponse called for plat: Kouskous tunisien
2026-02-28 01:11:09 [http-nio-8080-exec-4] INFO  c.d.d.p.c.PublicPlatController - 🔍 addDistanceToResponse called for plat: Kouskous tunisien
2026-02-28 01:11:09 [http-nio-8080-exec-10] INFO  c.d.d.p.c.PublicPlatController - 📍 Geocoding address for chef 51438312-db03-469c-b476-e4511f8e8e67: 48.990280170713675, 2.0652013945627465
2026-02-28 01:11:09 [http-nio-8080-exec-10] INFO  c.d.dineo.common.util.GeocodingUtil - 📍 Parsed coordinates from address: [48.990280170713675, 2.0652013945627465]
2026-02-28 01:11:09 [http-nio-8080-exec-10] INFO  c.d.dineo.common.util.GeocodingUtil - ✅ Address is already coordinates: [48.990280170713675, 2.0652013945627465]
2026-02-28 01:11:09 [http-nio-8080-exec-10] INFO  c.d.d.p.c.PublicPlatController - ✅ Geocoded to: [48.990280170713675, 2.0652013945627465]
2026-02-28 01:11:09 [http-nio-8080-exec-10] INFO  c.d.d.p.c.PublicPlatController - ✅ Distance calculated for plat Kouskous tunisien: 1499.1 km
2026-02-28 01:11:09 [http-nio-8080-exec-4] INFO  c.d.d.p.c.PublicPlatController - 📍 Geocoding address for chef 51438312-db03-469c-b476-e4511f8e8e67: 48.990280170713675, 2.0652013945627465
2026-02-28 01:11:09 [http-nio-8080-exec-4] INFO  c.d.dineo.common.util.GeocodingUtil - 📍 Parsed coordinates from address: [48.990280170713675, 2.0652013945627465]
2026-02-28 01:11:09 [http-nio-8080-exec-4] INFO  c.d.dineo.common.util.GeocodingUtil - ✅ Address is already coordinates: [48.990280170713675, 2.0652013945627465]
2026-02-28 01:11:09 [http-nio-8080-exec-4] INFO  c.d.d.p.c.PublicPlatController - ✅ Geocoded to: [48.990280170713675, 2.0652013945627465]
2026-02-28 01:11:09 [http-nio-8080-exec-4] INFO  c.d.d.p.c.PublicPlatController - ✅ Distance calculated for plat Kouskous tunisien: 1499.1 km
2026-02-28 01:11:10 [http-nio-8080-exec-10] INFO  c.d.d.p.c.PublicPlatController - 🔍 addDistanceToResponse called for plat: Sushi
2026-02-28 01:11:10 [http-nio-8080-exec-4] INFO  c.d.d.p.c.PublicPlatController - 🔍 addDistanceToResponse called for plat: Sushi
2026-02-28 01:11:10 [http-nio-8080-exec-10] INFO  c.d.d.p.c.PublicPlatController - 📍 Geocoding address for chef 51438312-db03-469c-b476-e4511f8e8e67: 48.990280170713675, 2.0652013945627465
2026-02-28 01:11:10 [http-nio-8080-exec-10] INFO  c.d.dineo.common.util.GeocodingUtil - 📍 Parsed coordinates from address: [48.990280170713675, 2.0652013945627465]
2026-02-28 01:11:10 [http-nio-8080-exec-10] INFO  c.d.dineo.common.util.GeocodingUtil - ✅ Address is already coordinates: [48.990280170713675, 2.0652013945627465]
2026-02-28 01:11:10 [http-nio-8080-exec-10] INFO  c.d.d.p.c.PublicPlatController - ✅ Geocoded to: [48.990280170713675, 2.0652013945627465]
2026-02-28 01:11:10 [http-nio-8080-exec-10] INFO  c.d.d.p.c.PublicPlatController - ✅ Distance calculated for plat Sushi: 1499.1 km
2026-02-28 01:11:10 [http-nio-8080-exec-4] INFO  c.d.d.p.c.PublicPlatController - 📍 Geocoding address for chef 51438312-db03-469c-b476-e4511f8e8e67: 48.990280170713675, 2.0652013945627465
2026-02-28 01:11:10 [http-nio-8080-exec-4] INFO  c.d.dineo.common.util.GeocodingUtil - 📍 Parsed coordinates from address: [48.990280170713675, 2.0652013945627465]
2026-02-28 01:11:10 [http-nio-8080-exec-4] INFO  c.d.dineo.common.util.GeocodingUtil - ✅ Address is already coordinates: [48.990280170713675, 2.0652013945627465]
2026-02-28 01:11:10 [http-nio-8080-exec-4] INFO  c.d.d.p.c.PublicPlatController - ✅ Geocoded to: [48.990280170713675, 2.0652013945627465]
2026-02-28 01:11:10 [http-nio-8080-exec-4] INFO  c.d.d.p.c.PublicPlatController - ✅ Distance calculated for plat Sushi: 1499.1 km
2026-02-28 01:11:11 [http-nio-8080-exec-4] INFO  c.d.d.p.c.PublicPlatController - 🔍 addDistanceToResponse called for plat: Salade César
2026-02-28 01:11:11 [http-nio-8080-exec-10] INFO  c.d.d.p.c.PublicPlatController - 🔍 addDistanceToResponse called for plat: Salade César
2026-02-28 01:11:11 [http-nio-8080-exec-4] INFO  c.d.d.p.c.PublicPlatController - 📍 Geocoding address for chef 51438312-db03-469c-b476-e4511f8e8e67: 48.990280170713675, 2.0652013945627465
2026-02-28 01:11:11 [http-nio-8080-exec-10] INFO  c.d.d.p.c.PublicPlatController - 📍 Geocoding address for chef 51438312-db03-469c-b476-e4511f8e8e67: 48.990280170713675, 2.0652013945627465
2026-02-28 01:11:11 [http-nio-8080-exec-4] INFO  c.d.dineo.common.util.GeocodingUtil - 📍 Parsed coordinates from address: [48.990280170713675, 2.0652013945627465]
2026-02-28 01:11:11 [http-nio-8080-exec-10] INFO  c.d.dineo.common.util.GeocodingUtil - 📍 Parsed coordinates from address: [48.990280170713675, 2.0652013945627465]
2026-02-28 01:11:11 [http-nio-8080-exec-4] INFO  c.d.dineo.common.util.GeocodingUtil - ✅ Address is already coordinates: [48.990280170713675, 2.0652013945627465]
2026-02-28 01:11:11 [http-nio-8080-exec-10] INFO  c.d.dineo.common.util.GeocodingUtil - ✅ Address is already coordinates: [48.990280170713675, 2.0652013945627465]
2026-02-28 01:11:11 [http-nio-8080-exec-4] INFO  c.d.d.p.c.PublicPlatController - ✅ Geocoded to: [48.990280170713675, 2.0652013945627465]
2026-02-28 01:11:11 [http-nio-8080-exec-10] INFO  c.d.d.p.c.PublicPlatController - ✅ Geocoded to: [48.990280170713675, 2.0652013945627465]
2026-02-28 01:11:11 [http-nio-8080-exec-10] INFO  c.d.d.p.c.PublicPlatController - ✅ Distance calculated for plat Salade César: 1499.1 km
2026-02-28 01:11:11 [http-nio-8080-exec-4] INFO  c.d.d.p.c.PublicPlatController - ✅ Distance calculated for plat Salade César: 1499.1 km
2026-02-28 01:11:12 [http-nio-8080-exec-4] INFO  c.d.d.p.c.PublicPlatController - 🔍 addDistanceToResponse called for plat: Pizza
2026-02-28 01:11:12 [http-nio-8080-exec-10] INFO  c.d.d.p.c.PublicPlatController - 🔍 addDistanceToResponse called for plat: Pizza
2026-02-28 01:11:12 [http-nio-8080-exec-10] INFO  c.d.d.p.c.PublicPlatController - 📍 Geocoding address for chef 51438312-db03-469c-b476-e4511f8e8e67: 48.990280170713675, 2.0652013945627465
2026-02-28 01:11:12 [http-nio-8080-exec-4] INFO  c.d.d.p.c.PublicPlatController - 📍 Geocoding address for chef 51438312-db03-469c-b476-e4511f8e8e67: 48.990280170713675, 2.0652013945627465
2026-02-28 01:11:12 [http-nio-8080-exec-4] INFO  c.d.dineo.common.util.GeocodingUtil - 📍 Parsed coordinates from address: [48.990280170713675, 2.0652013945627465]
2026-02-28 01:11:12 [http-nio-8080-exec-10] INFO  c.d.dineo.common.util.GeocodingUtil - 📍 Parsed coordinates from address: [48.990280170713675, 2.0652013945627465]
2026-02-28 01:11:12 [http-nio-8080-exec-4] INFO  c.d.dineo.common.util.GeocodingUtil - ✅ Address is already coordinates: [48.990280170713675, 2.0652013945627465]
2026-02-28 01:11:12 [http-nio-8080-exec-10] INFO  c.d.dineo.common.util.GeocodingUtil - ✅ Address is already coordinates: [48.990280170713675, 2.0652013945627465]
2026-02-28 01:11:12 [http-nio-8080-exec-4] INFO  c.d.d.p.c.PublicPlatController - ✅ Geocoded to: [48.990280170713675, 2.0652013945627465]
2026-02-28 01:11:12 [http-nio-8080-exec-10] INFO  c.d.d.p.c.PublicPlatController - ✅ Geocoded to: [48.990280170713675, 2.0652013945627465]
2026-02-28 01:11:12 [http-nio-8080-exec-4] INFO  c.d.d.p.c.PublicPlatController - ✅ Distance calculated for plat Pizza: 1499.1 km
2026-02-28 01:11:12 [http-nio-8080-exec-10] INFO  c.d.d.p.c.PublicPlatController - ✅ Distance calculated for plat Pizza: 1499.1 km
2026-02-28 01:11:13 [http-nio-8080-exec-4] INFO  c.d.d.p.c.PublicPlatController - 🔍 addDistanceToResponse called for plat: Plat fruit de mer
2026-02-28 01:11:13 [http-nio-8080-exec-10] INFO  c.d.d.p.c.PublicPlatController - 🔍 addDistanceToResponse called for plat: Plat fruit de mer
2026-02-28 01:11:13 [http-nio-8080-exec-4] INFO  c.d.d.p.c.PublicPlatController - 📍 Geocoding address for chef 51438312-db03-469c-b476-e4511f8e8e67: 48.990280170713675, 2.0652013945627465
2026-02-28 01:11:13 [http-nio-8080-exec-4] INFO  c.d.dineo.common.util.GeocodingUtil - 📍 Parsed coordinates from address: [48.990280170713675, 2.0652013945627465]
2026-02-28 01:11:13 [http-nio-8080-exec-4] INFO  c.d.dineo.common.util.GeocodingUtil - ✅ Address is already coordinates: [48.990280170713675, 2.0652013945627465]
2026-02-28 01:11:13 [http-nio-8080-exec-4] INFO  c.d.d.p.c.PublicPlatController - ✅ Geocoded to: [48.990280170713675, 2.0652013945627465]
2026-02-28 01:11:13 [http-nio-8080-exec-4] INFO  c.d.d.p.c.PublicPlatController - ✅ Distance calculated for plat Plat fruit de mer: 1499.1 km
2026-02-28 01:11:13 [http-nio-8080-exec-10] INFO  c.d.d.p.c.PublicPlatController - 📍 Geocoding address for chef 51438312-db03-469c-b476-e4511f8e8e67: 48.990280170713675, 2.0652013945627465
2026-02-28 01:11:13 [http-nio-8080-exec-10] INFO  c.d.dineo.common.util.GeocodingUtil - 📍 Parsed coordinates from address: [48.990280170713675, 2.0652013945627465]
2026-02-28 01:11:13 [http-nio-8080-exec-10] INFO  c.d.dineo.common.util.GeocodingUtil - ✅ Address is already coordinates: [48.990280170713675, 2.0652013945627465]
2026-02-28 01:11:13 [http-nio-8080-exec-10] INFO  c.d.d.p.c.PublicPlatController - ✅ Geocoded to: [48.990280170713675, 2.0652013945627465]
2026-02-28 01:11:13 [http-nio-8080-exec-10] INFO  c.d.d.p.c.PublicPlatController - ✅ Distance calculated for plat Plat fruit de mer: 1499.1 km
2026-02-28 01:11:13 [http-nio-8080-exec-4] INFO  c.d.d.p.c.PublicPlatController - 🔍 addDistanceToResponse called for plat: Par-là
2026-02-28 01:11:14 [http-nio-8080-exec-10] INFO  c.d.d.p.c.PublicPlatController - 🔍 addDistanceToResponse called for plat: Par-là
2026-02-28 01:11:14 [http-nio-8080-exec-4] INFO  c.d.d.p.c.PublicPlatController - 📍 Geocoding address for chef 51438312-db03-469c-b476-e4511f8e8e67: 48.990280170713675, 2.0652013945627465
2026-02-28 01:11:14 [http-nio-8080-exec-4] INFO  c.d.dineo.common.util.GeocodingUtil - 📍 Parsed coordinates from address: [48.990280170713675, 2.0652013945627465]
2026-02-28 01:11:14 [http-nio-8080-exec-4] INFO  c.d.dineo.common.util.GeocodingUtil - ✅ Address is already coordinates: [48.990280170713675, 2.0652013945627465]
2026-02-28 01:11:14 [http-nio-8080-exec-4] INFO  c.d.d.p.c.PublicPlatController - ✅ Geocoded to: [48.990280170713675, 2.0652013945627465]
2026-02-28 01:11:14 [http-nio-8080-exec-4] INFO  c.d.d.p.c.PublicPlatController - ✅ Distance calculated for plat Par-là: 1499.1 km
2026-02-28 01:11:14 [http-nio-8080-exec-4] INFO  c.d.d.p.c.PublicPlatController - After all filters: 1 plats remaining
2026-02-28 01:11:14 [http-nio-8080-exec-4] INFO  c.d.d.p.c.PublicPlatController - Search returned 1 total results, page 1/1
2026-02-28 01:11:14 [http-nio-8080-exec-10] INFO  c.d.d.p.c.PublicPlatController - 📍 Geocoding address for chef 51438312-db03-469c-b476-e4511f8e8e67: 48.990280170713675, 2.0652013945627465
2026-02-28 01:11:14 [http-nio-8080-exec-10] INFO  c.d.dineo.common.util.GeocodingUtil - 📍 Parsed coordinates from address: [48.990280170713675, 2.0652013945627465]
2026-02-28 01:11:14 [http-nio-8080-exec-10] INFO  c.d.dineo.common.util.GeocodingUtil - ✅ Address is already coordinates: [48.990280170713675, 2.0652013945627465]
2026-02-28 01:11:14 [http-nio-8080-exec-10] INFO  c.d.d.p.c.PublicPlatController - ✅ Geocoded to: [48.990280170713675, 2.0652013945627465]
2026-02-28 01:11:14 [http-nio-8080-exec-10] INFO  c.d.d.p.c.PublicPlatController - ✅ Distance calculated for plat Par-là: 1499.1 km
2026-02-28 01:11:14 [http-nio-8080-exec-10] INFO  c.d.d.p.c.PublicPlatController - After all filters: 1 plats remaining
2026-02-28 01:11:14 [http-nio-8080-exec-10] INFO  c.d.d.p.c.PublicPlatController - Search returned 1 total results, page 1/1
2026-02-28 01:11:21 [http-nio-8080-exec-1] INFO  c.d.d.p.c.PublicPlatController - Public search request - query: null, category: null, maxCookTime: null, minRating: null, sortBy: newest, sortOrder: desc, location: 36.86185454999997, 10.162940019999994, radius: 30.0km, page: 1, pageSize: 12
2026-02-28 01:11:21 [http-nio-8080-exec-1] INFO  c.d.d.p.c.PublicPlatController - Found 12 available plats in database
2026-02-28 01:11:22 [http-nio-8080-exec-1] INFO  c.d.d.p.c.PublicPlatController - 🔍 addDistanceToResponse called for plat: Noodels
2026-02-28 01:11:22 [http-nio-8080-exec-1] INFO  c.d.d.p.c.PublicPlatController - 📍 Geocoding address for chef 51438312-db03-469c-b476-e4511f8e8e67: 48.990280170713675, 2.0652013945627465
2026-02-28 01:11:22 [http-nio-8080-exec-1] INFO  c.d.dineo.common.util.GeocodingUtil - 📍 Parsed coordinates from address: [48.990280170713675, 2.0652013945627465]
2026-02-28 01:11:22 [http-nio-8080-exec-1] INFO  c.d.dineo.common.util.GeocodingUtil - ✅ Address is already coordinates: [48.990280170713675, 2.0652013945627465]
2026-02-28 01:11:22 [http-nio-8080-exec-1] INFO  c.d.d.p.c.PublicPlatController - ✅ Geocoded to: [48.990280170713675, 2.0652013945627465]
2026-02-28 01:11:22 [http-nio-8080-exec-1] INFO  c.d.d.p.c.PublicPlatController - ✅ Distance calculated for plat Noodels: 1499.1 km
2026-02-28 01:11:22 [http-nio-8080-exec-1] INFO  c.d.d.p.c.PublicPlatController - 🔍 addDistanceToResponse called for plat: Fricassé
2026-02-28 01:11:23 [http-nio-8080-exec-1] INFO  c.d.d.p.c.PublicPlatController - 📍 Geocoding address for chef 51438312-db03-469c-b476-e4511f8e8e67: 48.990280170713675, 2.0652013945627465
2026-02-28 01:11:23 [http-nio-8080-exec-1] INFO  c.d.dineo.common.util.GeocodingUtil - 📍 Parsed coordinates from address: [48.990280170713675, 2.0652013945627465]
2026-02-28 01:11:23 [http-nio-8080-exec-1] INFO  c.d.dineo.common.util.GeocodingUtil - ✅ Address is already coordinates: [48.990280170713675, 2.0652013945627465]
2026-02-28 01:11:23 [http-nio-8080-exec-1] INFO  c.d.d.p.c.PublicPlatController - ✅ Geocoded to: [48.990280170713675, 2.0652013945627465]
2026-02-28 01:11:23 [http-nio-8080-exec-1] INFO  c.d.d.p.c.PublicPlatController - ✅ Distance calculated for plat Fricassé: 1499.1 km
2026-02-28 01:11:23 [http-nio-8080-exec-1] INFO  c.d.d.p.c.PublicPlatController - 🔍 addDistanceToResponse called for plat: lasagne
2026-02-28 01:11:24 [http-nio-8080-exec-1] INFO  c.d.d.p.c.PublicPlatController - 📍 Geocoding address for chef 2b9ae655-331b-44dd-a316-505318613279: 36.86798171618947, 10.170494516278797
2026-02-28 01:11:24 [http-nio-8080-exec-1] INFO  c.d.dineo.common.util.GeocodingUtil - 📍 Parsed coordinates from address: [36.86798171618947, 10.170494516278797]
2026-02-28 01:11:24 [http-nio-8080-exec-1] INFO  c.d.dineo.common.util.GeocodingUtil - ✅ Address is already coordinates: [36.86798171618947, 10.170494516278797]
2026-02-28 01:11:24 [http-nio-8080-exec-1] INFO  c.d.d.p.c.PublicPlatController - ✅ Geocoded to: [36.86798171618947, 10.170494516278797]
2026-02-28 01:11:24 [http-nio-8080-exec-1] INFO  c.d.d.p.c.PublicPlatController - ✅ Distance calculated for plat lasagne: 1.0 km
2026-02-28 01:11:24 [http-nio-8080-exec-1] INFO  c.d.d.p.c.PublicPlatController - 🔍 addDistanceToResponse called for plat: Tacos
2026-02-28 01:11:25 [http-nio-8080-exec-1] INFO  c.d.d.p.c.PublicPlatController - 📍 Geocoding address for chef 51438312-db03-469c-b476-e4511f8e8e67: 48.990280170713675, 2.0652013945627465
2026-02-28 01:11:25 [http-nio-8080-exec-1] INFO  c.d.dineo.common.util.GeocodingUtil - 📍 Parsed coordinates from address: [48.990280170713675, 2.0652013945627465]
2026-02-28 01:11:25 [http-nio-8080-exec-1] INFO  c.d.dineo.common.util.GeocodingUtil - ✅ Address is already coordinates: [48.990280170713675, 2.0652013945627465]
2026-02-28 01:11:25 [http-nio-8080-exec-1] INFO  c.d.d.p.c.PublicPlatController - ✅ Geocoded to: [48.990280170713675, 2.0652013945627465]
2026-02-28 01:11:25 [http-nio-8080-exec-1] INFO  c.d.d.p.c.PublicPlatController - ✅ Distance calculated for plat Tacos: 1499.1 km
2026-02-28 01:11:25 [http-nio-8080-exec-1] INFO  c.d.d.p.c.PublicPlatController - 🔍 addDistanceToResponse called for plat: Tiramisu
2026-02-28 01:11:26 [http-nio-8080-exec-1] INFO  c.d.d.p.c.PublicPlatController - 📍 Geocoding address for chef 51438312-db03-469c-b476-e4511f8e8e67: 48.990280170713675, 2.0652013945627465
2026-02-28 01:11:26 [http-nio-8080-exec-1] INFO  c.d.dineo.common.util.GeocodingUtil - 📍 Parsed coordinates from address: [48.990280170713675, 2.0652013945627465]
2026-02-28 01:11:26 [http-nio-8080-exec-1] INFO  c.d.dineo.common.util.GeocodingUtil - ✅ Address is already coordinates: [48.990280170713675, 2.0652013945627465]
2026-02-28 01:11:26 [http-nio-8080-exec-1] INFO  c.d.d.p.c.PublicPlatController - ✅ Geocoded to: [48.990280170713675, 2.0652013945627465]
2026-02-28 01:11:26 [http-nio-8080-exec-1] INFO  c.d.d.p.c.PublicPlatController - ✅ Distance calculated for plat Tiramisu: 1499.1 km
2026-02-28 01:11:26 [http-nio-8080-exec-1] INFO  c.d.d.p.c.PublicPlatController - 🔍 addDistanceToResponse called for plat: Steak
2026-02-28 01:11:26 [http-nio-8080-exec-1] INFO  c.d.d.p.c.PublicPlatController - 📍 Geocoding address for chef 51438312-db03-469c-b476-e4511f8e8e67: 48.990280170713675, 2.0652013945627465
2026-02-28 01:11:26 [http-nio-8080-exec-1] INFO  c.d.dineo.common.util.GeocodingUtil - 📍 Parsed coordinates from address: [48.990280170713675, 2.0652013945627465]
2026-02-28 01:11:26 [http-nio-8080-exec-1] INFO  c.d.dineo.common.util.GeocodingUtil - ✅ Address is already coordinates: [48.990280170713675, 2.0652013945627465]
2026-02-28 01:11:26 [http-nio-8080-exec-1] INFO  c.d.d.p.c.PublicPlatController - ✅ Geocoded to: [48.990280170713675, 2.0652013945627465]
2026-02-28 01:11:26 [http-nio-8080-exec-1] INFO  c.d.d.p.c.PublicPlatController - ✅ Distance calculated for plat Steak: 1499.1 km
2026-02-28 01:11:27 [http-nio-8080-exec-1] INFO  c.d.d.p.c.PublicPlatController - 🔍 addDistanceToResponse called for plat: Kouskous tunisien
2026-02-28 01:11:27 [http-nio-8080-exec-1] INFO  c.d.d.p.c.PublicPlatController - 📍 Geocoding address for chef 51438312-db03-469c-b476-e4511f8e8e67: 48.990280170713675, 2.0652013945627465
2026-02-28 01:11:27 [http-nio-8080-exec-1] INFO  c.d.dineo.common.util.GeocodingUtil - 📍 Parsed coordinates from address: [48.990280170713675, 2.0652013945627465]
2026-02-28 01:11:27 [http-nio-8080-exec-1] INFO  c.d.dineo.common.util.GeocodingUtil - ✅ Address is already coordinates: [48.990280170713675, 2.0652013945627465]
2026-02-28 01:11:27 [http-nio-8080-exec-1] INFO  c.d.d.p.c.PublicPlatController - ✅ Geocoded to: [48.990280170713675, 2.0652013945627465]
2026-02-28 01:11:27 [http-nio-8080-exec-1] INFO  c.d.d.p.c.PublicPlatController - ✅ Distance calculated for plat Kouskous tunisien: 1499.1 km
2026-02-28 01:11:28 [http-nio-8080-exec-1] INFO  c.d.d.p.c.PublicPlatController - 🔍 addDistanceToResponse called for plat: Sushi
2026-02-28 01:11:28 [http-nio-8080-exec-1] INFO  c.d.d.p.c.PublicPlatController - 📍 Geocoding address for chef 51438312-db03-469c-b476-e4511f8e8e67: 48.990280170713675, 2.0652013945627465
2026-02-28 01:11:28 [http-nio-8080-exec-1] INFO  c.d.dineo.common.util.GeocodingUtil - 📍 Parsed coordinates from address: [48.990280170713675, 2.0652013945627465]
2026-02-28 01:11:28 [http-nio-8080-exec-1] INFO  c.d.dineo.common.util.GeocodingUtil - ✅ Address is already coordinates: [48.990280170713675, 2.0652013945627465]
2026-02-28 01:11:28 [http-nio-8080-exec-1] INFO  c.d.d.p.c.PublicPlatController - ✅ Geocoded to: [48.990280170713675, 2.0652013945627465]
2026-02-28 01:11:28 [http-nio-8080-exec-1] INFO  c.d.d.p.c.PublicPlatController - ✅ Distance calculated for plat Sushi: 1499.1 km
2026-02-28 01:11:29 [http-nio-8080-exec-1] INFO  c.d.d.p.c.PublicPlatController - 🔍 addDistanceToResponse called for plat: Salade César
2026-02-28 01:11:29 [http-nio-8080-exec-1] INFO  c.d.d.p.c.PublicPlatController - 📍 Geocoding address for chef 51438312-db03-469c-b476-e4511f8e8e67: 48.990280170713675, 2.0652013945627465
2026-02-28 01:11:29 [http-nio-8080-exec-1] INFO  c.d.dineo.common.util.GeocodingUtil - 📍 Parsed coordinates from address: [48.990280170713675, 2.0652013945627465]
2026-02-28 01:11:29 [http-nio-8080-exec-1] INFO  c.d.dineo.common.util.GeocodingUtil - ✅ Address is already coordinates: [48.990280170713675, 2.0652013945627465]
2026-02-28 01:11:29 [http-nio-8080-exec-1] INFO  c.d.d.p.c.PublicPlatController - ✅ Geocoded to: [48.990280170713675, 2.0652013945627465]
2026-02-28 01:11:29 [http-nio-8080-exec-1] INFO  c.d.d.p.c.PublicPlatController - ✅ Distance calculated for plat Salade César: 1499.1 km
2026-02-28 01:11:30 [http-nio-8080-exec-1] INFO  c.d.d.p.c.PublicPlatController - 🔍 addDistanceToResponse called for plat: Pizza
2026-02-28 01:11:30 [http-nio-8080-exec-1] INFO  c.d.d.p.c.PublicPlatController - 📍 Geocoding address for chef 51438312-db03-469c-b476-e4511f8e8e67: 48.990280170713675, 2.0652013945627465
2026-02-28 01:11:30 [http-nio-8080-exec-1] INFO  c.d.dineo.common.util.GeocodingUtil - 📍 Parsed coordinates from address: [48.990280170713675, 2.0652013945627465]
2026-02-28 01:11:30 [http-nio-8080-exec-1] INFO  c.d.dineo.common.util.GeocodingUtil - ✅ Address is already coordinates: [48.990280170713675, 2.0652013945627465]
2026-02-28 01:11:30 [http-nio-8080-exec-1] INFO  c.d.d.p.c.PublicPlatController - ✅ Geocoded to: [48.990280170713675, 2.0652013945627465]
2026-02-28 01:11:30 [http-nio-8080-exec-1] INFO  c.d.d.p.c.PublicPlatController - ✅ Distance calculated for plat Pizza: 1499.1 km
2026-02-28 01:11:31 [http-nio-8080-exec-1] INFO  c.d.d.p.c.PublicPlatController - 🔍 addDistanceToResponse called for plat: Plat fruit de mer
2026-02-28 01:11:31 [http-nio-8080-exec-1] INFO  c.d.d.p.c.PublicPlatController - 📍 Geocoding address for chef 51438312-db03-469c-b476-e4511f8e8e67: 48.990280170713675, 2.0652013945627465
2026-02-28 01:11:31 [http-nio-8080-exec-1] INFO  c.d.dineo.common.util.GeocodingUtil - 📍 Parsed coordinates from address: [48.990280170713675, 2.0652013945627465]
2026-02-28 01:11:31 [http-nio-8080-exec-1] INFO  c.d.dineo.common.util.GeocodingUtil - ✅ Address is already coordinates: [48.990280170713675, 2.0652013945627465]
2026-02-28 01:11:31 [http-nio-8080-exec-1] INFO  c.d.d.p.c.PublicPlatController - ✅ Geocoded to: [48.990280170713675, 2.0652013945627465]
2026-02-28 01:11:31 [http-nio-8080-exec-1] INFO  c.d.d.p.c.PublicPlatController - ✅ Distance calculated for plat Plat fruit de mer: 1499.1 km
2026-02-28 01:11:31 [http-nio-8080-exec-1] INFO  c.d.d.p.c.PublicPlatController - 🔍 addDistanceToResponse called for plat: Par-là
2026-02-28 01:11:32 [http-nio-8080-exec-1] INFO  c.d.d.p.c.PublicPlatController - 📍 Geocoding address for chef 51438312-db03-469c-b476-e4511f8e8e67: 48.990280170713675, 2.0652013945627465
2026-02-28 01:11:32 [http-nio-8080-exec-1] INFO  c.d.dineo.common.util.GeocodingUtil - 📍 Parsed coordinates from address: [48.990280170713675, 2.0652013945627465]
2026-02-28 01:11:32 [http-nio-8080-exec-1] INFO  c.d.dineo.common.util.GeocodingUtil - ✅ Address is already coordinates: [48.990280170713675, 2.0652013945627465]
2026-02-28 01:11:32 [http-nio-8080-exec-1] INFO  c.d.d.p.c.PublicPlatController - ✅ Geocoded to: [48.990280170713675, 2.0652013945627465]
2026-02-28 01:11:32 [http-nio-8080-exec-1] INFO  c.d.d.p.c.PublicPlatController - ✅ Distance calculated for plat Par-là: 1499.1 km
2026-02-28 01:11:32 [http-nio-8080-exec-1] INFO  c.d.d.p.c.PublicPlatController - After all filters: 1 plats remaining
2026-02-28 01:11:32 [http-nio-8080-exec-1] INFO  c.d.d.p.c.PublicPlatController - Search returned 1 total results, page 1/1
2026-02-28 01:11:45 [http-nio-8080-exec-8] INFO  c.d.d.p.c.PublicPlatController - Public search request - query: null, category: null, maxCookTime: null, minRating: null, sortBy: newest, sortOrder: desc, location: 36.86185454999997, 10.162940019999994, radius: 30.0km, page: 1, pageSize: 12
2026-02-28 01:11:45 [http-nio-8080-exec-8] INFO  c.d.d.p.c.PublicPlatController - Found 12 available plats in database
2026-02-28 01:11:45 [http-nio-8080-exec-8] INFO  c.d.d.p.c.PublicPlatController - 🔍 addDistanceToResponse called for plat: Noodels
2026-02-28 01:11:46 [http-nio-8080-exec-8] INFO  c.d.d.p.c.PublicPlatController - 📍 Geocoding address for chef 51438312-db03-469c-b476-e4511f8e8e67: 48.990280170713675, 2.0652013945627465
2026-02-28 01:11:46 [http-nio-8080-exec-8] INFO  c.d.dineo.common.util.GeocodingUtil - 📍 Parsed coordinates from address: [48.990280170713675, 2.0652013945627465]
2026-02-28 01:11:46 [http-nio-8080-exec-8] INFO  c.d.dineo.common.util.GeocodingUtil - ✅ Address is already coordinates: [48.990280170713675, 2.0652013945627465]
2026-02-28 01:11:46 [http-nio-8080-exec-8] INFO  c.d.d.p.c.PublicPlatController - ✅ Geocoded to: [48.990280170713675, 2.0652013945627465]
2026-02-28 01:11:46 [http-nio-8080-exec-8] INFO  c.d.d.p.c.PublicPlatController - ✅ Distance calculated for plat Noodels: 1499.1 km
2026-02-28 01:11:46 [http-nio-8080-exec-8] INFO  c.d.d.p.c.PublicPlatController - 🔍 addDistanceToResponse called for plat: Fricassé
2026-02-28 01:11:47 [http-nio-8080-exec-8] INFO  c.d.d.p.c.PublicPlatController - 📍 Geocoding address for chef 51438312-db03-469c-b476-e4511f8e8e67: 48.990280170713675, 2.0652013945627465
2026-02-28 01:11:47 [http-nio-8080-exec-8] INFO  c.d.dineo.common.util.GeocodingUtil - 📍 Parsed coordinates from address: [48.990280170713675, 2.0652013945627465]
2026-02-28 01:11:47 [http-nio-8080-exec-8] INFO  c.d.dineo.common.util.GeocodingUtil - ✅ Address is already coordinates: [48.990280170713675, 2.0652013945627465]
2026-02-28 01:11:47 [http-nio-8080-exec-8] INFO  c.d.d.p.c.PublicPlatController - ✅ Geocoded to: [48.990280170713675, 2.0652013945627465]
2026-02-28 01:11:47 [http-nio-8080-exec-8] INFO  c.d.d.p.c.PublicPlatController - ✅ Distance calculated for plat Fricassé: 1499.1 km
2026-02-28 01:11:47 [http-nio-8080-exec-8] INFO  c.d.d.p.c.PublicPlatController - 🔍 addDistanceToResponse called for plat: lasagne
2026-02-28 01:11:47 [http-nio-8080-exec-8] INFO  c.d.d.p.c.PublicPlatController - 📍 Geocoding address for chef 2b9ae655-331b-44dd-a316-505318613279: 36.86798171618947, 10.170494516278797
2026-02-28 01:11:47 [http-nio-8080-exec-8] INFO  c.d.dineo.common.util.GeocodingUtil - 📍 Parsed coordinates from address: [36.86798171618947, 10.170494516278797]
2026-02-28 01:11:47 [http-nio-8080-exec-8] INFO  c.d.dineo.common.util.GeocodingUtil - ✅ Address is already coordinates: [36.86798171618947, 10.170494516278797]
2026-02-28 01:11:47 [http-nio-8080-exec-8] INFO  c.d.d.p.c.PublicPlatController - ✅ Geocoded to: [36.86798171618947, 10.170494516278797]
2026-02-28 01:11:47 [http-nio-8080-exec-8] INFO  c.d.d.p.c.PublicPlatController - ✅ Distance calculated for plat lasagne: 1.0 km
2026-02-28 01:11:48 [http-nio-8080-exec-8] INFO  c.d.d.p.c.PublicPlatController - 🔍 addDistanceToResponse called for plat: Tacos
2026-02-28 01:11:48 [http-nio-8080-exec-8] INFO  c.d.d.p.c.PublicPlatController - 📍 Geocoding address for chef 51438312-db03-469c-b476-e4511f8e8e67: 48.990280170713675, 2.0652013945627465
2026-02-28 01:11:48 [http-nio-8080-exec-8] INFO  c.d.dineo.common.util.GeocodingUtil - 📍 Parsed coordinates from address: [48.990280170713675, 2.0652013945627465]
2026-02-28 01:11:48 [http-nio-8080-exec-8] INFO  c.d.dineo.common.util.GeocodingUtil - ✅ Address is already coordinates: [48.990280170713675, 2.0652013945627465]
2026-02-28 01:11:48 [http-nio-8080-exec-8] INFO  c.d.d.p.c.PublicPlatController - ✅ Geocoded to: [48.990280170713675, 2.0652013945627465]
2026-02-28 01:11:48 [http-nio-8080-exec-8] INFO  c.d.d.p.c.PublicPlatController - ✅ Distance calculated for plat Tacos: 1499.1 km
2026-02-28 01:11:49 [http-nio-8080-exec-8] INFO  c.d.d.p.c.PublicPlatController - 🔍 addDistanceToResponse called for plat: Tiramisu
2026-02-28 01:11:49 [http-nio-8080-exec-8] INFO  c.d.d.p.c.PublicPlatController - 📍 Geocoding address for chef 51438312-db03-469c-b476-e4511f8e8e67: 48.990280170713675, 2.0652013945627465
2026-02-28 01:11:49 [http-nio-8080-exec-8] INFO  c.d.dineo.common.util.GeocodingUtil - 📍 Parsed coordinates from address: [48.990280170713675, 2.0652013945627465]
2026-02-28 01:11:49 [http-nio-8080-exec-8] INFO  c.d.dineo.common.util.GeocodingUtil - ✅ Address is already coordinates: [48.990280170713675, 2.0652013945627465]
2026-02-28 01:11:49 [http-nio-8080-exec-8] INFO  c.d.d.p.c.PublicPlatController - ✅ Geocoded to: [48.990280170713675, 2.0652013945627465]
2026-02-28 01:11:49 [http-nio-8080-exec-8] INFO  c.d.d.p.c.PublicPlatController - ✅ Distance calculated for plat Tiramisu: 1499.1 km
2026-02-28 01:11:50 [http-nio-8080-exec-8] INFO  c.d.d.p.c.PublicPlatController - 🔍 addDistanceToResponse called for plat: Steak
2026-02-28 01:11:50 [http-nio-8080-exec-8] INFO  c.d.d.p.c.PublicPlatController - 📍 Geocoding address for chef 51438312-db03-469c-b476-e4511f8e8e67: 48.990280170713675, 2.0652013945627465
2026-02-28 01:11:50 [http-nio-8080-exec-8] INFO  c.d.dineo.common.util.GeocodingUtil - 📍 Parsed coordinates from address: [48.990280170713675, 2.0652013945627465]
2026-02-28 01:11:50 [http-nio-8080-exec-8] INFO  c.d.dineo.common.util.GeocodingUtil - ✅ Address is already coordinates: [48.990280170713675, 2.0652013945627465]
2026-02-28 01:11:50 [http-nio-8080-exec-8] INFO  c.d.d.p.c.PublicPlatController - ✅ Geocoded to: [48.990280170713675, 2.0652013945627465]
2026-02-28 01:11:50 [http-nio-8080-exec-8] INFO  c.d.d.p.c.PublicPlatController - ✅ Distance calculated for plat Steak: 1499.1 km
2026-02-28 01:11:51 [http-nio-8080-exec-8] INFO  c.d.d.p.c.PublicPlatController - 🔍 addDistanceToResponse called for plat: Kouskous tunisien
2026-02-28 01:11:51 [http-nio-8080-exec-8] INFO  c.d.d.p.c.PublicPlatController - 📍 Geocoding address for chef 51438312-db03-469c-b476-e4511f8e8e67: 48.990280170713675, 2.0652013945627465
2026-02-28 01:11:51 [http-nio-8080-exec-8] INFO  c.d.dineo.common.util.GeocodingUtil - 📍 Parsed coordinates from address: [48.990280170713675, 2.0652013945627465]
2026-02-28 01:11:51 [http-nio-8080-exec-8] INFO  c.d.dineo.common.util.GeocodingUtil - ✅ Address is already coordinates: [48.990280170713675, 2.0652013945627465]
2026-02-28 01:11:51 [http-nio-8080-exec-8] INFO  c.d.d.p.c.PublicPlatController - ✅ Geocoded to: [48.990280170713675, 2.0652013945627465]
2026-02-28 01:11:51 [http-nio-8080-exec-8] INFO  c.d.d.p.c.PublicPlatController - ✅ Distance calculated for plat Kouskous tunisien: 1499.1 km
2026-02-28 01:11:52 [http-nio-8080-exec-8] INFO  c.d.d.p.c.PublicPlatController - 🔍 addDistanceToResponse called for plat: Sushi
2026-02-28 01:11:52 [http-nio-8080-exec-8] INFO  c.d.d.p.c.PublicPlatController - 📍 Geocoding address for chef 51438312-db03-469c-b476-e4511f8e8e67: 48.990280170713675, 2.0652013945627465
2026-02-28 01:11:52 [http-nio-8080-exec-8] INFO  c.d.dineo.common.util.GeocodingUtil - 📍 Parsed coordinates from address: [48.990280170713675, 2.0652013945627465]
2026-02-28 01:11:52 [http-nio-8080-exec-8] INFO  c.d.dineo.common.util.GeocodingUtil - ✅ Address is already coordinates: [48.990280170713675, 2.0652013945627465]
2026-02-28 01:11:52 [http-nio-8080-exec-8] INFO  c.d.d.p.c.PublicPlatController - ✅ Geocoded to: [48.990280170713675, 2.0652013945627465]
2026-02-28 01:11:52 [http-nio-8080-exec-8] INFO  c.d.d.p.c.PublicPlatController - ✅ Distance calculated for plat Sushi: 1499.1 km
2026-02-28 01:11:52 [http-nio-8080-exec-8] INFO  c.d.d.p.c.PublicPlatController - 🔍 addDistanceToResponse called for plat: Salade César
2026-02-28 01:11:53 [http-nio-8080-exec-8] INFO  c.d.d.p.c.PublicPlatController - 📍 Geocoding address for chef 51438312-db03-469c-b476-e4511f8e8e67: 48.990280170713675, 2.0652013945627465
2026-02-28 01:11:53 [http-nio-8080-exec-8] INFO  c.d.dineo.common.util.GeocodingUtil - 📍 Parsed coordinates from address: [48.990280170713675, 2.0652013945627465]
2026-02-28 01:11:53 [http-nio-8080-exec-8] INFO  c.d.dineo.common.util.GeocodingUtil - ✅ Address is already coordinates: [48.990280170713675, 2.0652013945627465]
2026-02-28 01:11:53 [http-nio-8080-exec-8] INFO  c.d.d.p.c.PublicPlatController - ✅ Geocoded to: [48.990280170713675, 2.0652013945627465]
2026-02-28 01:11:53 [http-nio-8080-exec-8] INFO  c.d.d.p.c.PublicPlatController - ✅ Distance calculated for plat Salade César: 1499.1 km
2026-02-28 01:11:53 [http-nio-8080-exec-8] INFO  c.d.d.p.c.PublicPlatController - 🔍 addDistanceToResponse called for plat: Pizza
2026-02-28 01:11:54 [http-nio-8080-exec-8] INFO  c.d.d.p.c.PublicPlatController - 📍 Geocoding address for chef 51438312-db03-469c-b476-e4511f8e8e67: 48.990280170713675, 2.0652013945627465
2026-02-28 01:11:54 [http-nio-8080-exec-8] INFO  c.d.dineo.common.util.GeocodingUtil - 📍 Parsed coordinates from address: [48.990280170713675, 2.0652013945627465]
2026-02-28 01:11:54 [http-nio-8080-exec-8] INFO  c.d.dineo.common.util.GeocodingUtil - ✅ Address is already coordinates: [48.990280170713675, 2.0652013945627465]
2026-02-28 01:11:54 [http-nio-8080-exec-8] INFO  c.d.d.p.c.PublicPlatController - ✅ Geocoded to: [48.990280170713675, 2.0652013945627465]
2026-02-28 01:11:54 [http-nio-8080-exec-8] INFO  c.d.d.p.c.PublicPlatController - ✅ Distance calculated for plat Pizza: 1499.1 km
2026-02-28 01:11:54 [http-nio-8080-exec-8] INFO  c.d.d.p.c.PublicPlatController - 🔍 addDistanceToResponse called for plat: Plat fruit de mer
2026-02-28 01:11:54 [http-nio-8080-exec-8] INFO  c.d.d.p.c.PublicPlatController - 📍 Geocoding address for chef 51438312-db03-469c-b476-e4511f8e8e67: 48.990280170713675, 2.0652013945627465
2026-02-28 01:11:54 [http-nio-8080-exec-8] INFO  c.d.dineo.common.util.GeocodingUtil - 📍 Parsed coordinates from address: [48.990280170713675, 2.0652013945627465]
2026-02-28 01:11:54 [http-nio-8080-exec-8] INFO  c.d.dineo.common.util.GeocodingUtil - ✅ Address is already coordinates: [48.990280170713675, 2.0652013945627465]
2026-02-28 01:11:54 [http-nio-8080-exec-8] INFO  c.d.d.p.c.PublicPlatController - ✅ Geocoded to: [48.990280170713675, 2.0652013945627465]
2026-02-28 01:11:54 [http-nio-8080-exec-8] INFO  c.d.d.p.c.PublicPlatController - ✅ Distance calculated for plat Plat fruit de mer: 1499.1 km
2026-02-28 01:11:55 [http-nio-8080-exec-8] INFO  c.d.d.p.c.PublicPlatController - 🔍 addDistanceToResponse called for plat: Par-là
2026-02-28 01:11:55 [http-nio-8080-exec-8] INFO  c.d.d.p.c.PublicPlatController - 📍 Geocoding address for chef 51438312-db03-469c-b476-e4511f8e8e67: 48.990280170713675, 2.0652013945627465
2026-02-28 01:11:55 [http-nio-8080-exec-8] INFO  c.d.dineo.common.util.GeocodingUtil - 📍 Parsed coordinates from address: [48.990280170713675, 2.0652013945627465]
2026-02-28 01:11:55 [http-nio-8080-exec-8] INFO  c.d.dineo.common.util.GeocodingUtil - ✅ Address is already coordinates: [48.990280170713675, 2.0652013945627465]
2026-02-28 01:11:55 [http-nio-8080-exec-8] INFO  c.d.d.p.c.PublicPlatController - ✅ Geocoded to: [48.990280170713675, 2.0652013945627465]
2026-02-28 01:11:55 [http-nio-8080-exec-8] INFO  c.d.d.p.c.PublicPlatController - ✅ Distance calculated for plat Par-là: 1499.1 km
2026-02-28 01:11:55 [http-nio-8080-exec-8] INFO  c.d.d.p.c.PublicPlatController - After all filters: 1 plats remaining
2026-02-28 01:11:55 [http-nio-8080-exec-8] INFO  c.d.d.p.c.PublicPlatController - Search returned 1 total results, page 1/1
2026-02-28 01:14:29 [http-nio-8080-exec-7] INFO  c.d.d.p.c.PublicPlatController - Public request to get categories (location: 36.86185454999997, 10.162940019999994, radius: 30.0km)
2026-02-28 01:14:29 [http-nio-8080-exec-3] INFO  c.d.d.p.c.PublicPlatController - Public search request - query: null, category: null, maxCookTime: null, minRating: null, sortBy: newest, sortOrder: desc, location: 36.86185454999997, 10.162940019999994, radius: 30.0km, page: 1, pageSize: 12
2026-02-28 01:14:29 [http-nio-8080-exec-4] INFO  c.d.d.p.c.PublicPlatController - Public request to get categories (location: 36.86185454999997, 10.162940019999994, radius: 30.0km)
2026-02-28 01:14:29 [http-nio-8080-exec-10] INFO  c.d.d.p.c.PublicPlatController - Public search request - query: null, category: null, maxCookTime: null, minRating: null, sortBy: newest, sortOrder: desc, location: 36.86185454999997, 10.162940019999994, radius: 30.0km, page: 1, pageSize: 12
2026-02-28 01:14:30 [http-nio-8080-exec-3] INFO  c.d.d.p.c.PublicPlatController - Found 12 available plats in database
2026-02-28 01:14:30 [http-nio-8080-exec-4] INFO  c.d.d.p.c.PublicPlatController - Found 12 available plats before filtering
2026-02-28 01:14:30 [http-nio-8080-exec-7] INFO  c.d.d.p.c.PublicPlatController - Found 12 available plats before filtering
2026-02-28 01:14:30 [http-nio-8080-exec-10] INFO  c.d.d.p.c.PublicPlatController - Found 12 available plats in database
2026-02-28 01:14:30 [http-nio-8080-exec-7] INFO  c.d.dineo.common.util.GeocodingUtil - 📍 Parsed coordinates from address: [48.990280170713675, 2.0652013945627465]
2026-02-28 01:14:30 [http-nio-8080-exec-7] INFO  c.d.dineo.common.util.GeocodingUtil - ✅ Address is already coordinates: [48.990280170713675, 2.0652013945627465]
2026-02-28 01:14:30 [http-nio-8080-exec-4] INFO  c.d.dineo.common.util.GeocodingUtil - 📍 Parsed coordinates from address: [48.990280170713675, 2.0652013945627465]
2026-02-28 01:14:30 [http-nio-8080-exec-4] INFO  c.d.dineo.common.util.GeocodingUtil - ✅ Address is already coordinates: [48.990280170713675, 2.0652013945627465]
2026-02-28 01:14:30 [http-nio-8080-exec-3] INFO  c.d.d.p.c.PublicPlatController - 🔍 addDistanceToResponse called for plat: Noodels
2026-02-28 01:14:30 [http-nio-8080-exec-7] INFO  c.d.dineo.common.util.GeocodingUtil - 📍 Parsed coordinates from address: [48.990280170713675, 2.0652013945627465]
2026-02-28 01:14:30 [http-nio-8080-exec-4] INFO  c.d.dineo.common.util.GeocodingUtil - 📍 Parsed coordinates from address: [48.990280170713675, 2.0652013945627465]
2026-02-28 01:14:30 [http-nio-8080-exec-7] INFO  c.d.dineo.common.util.GeocodingUtil - ✅ Address is already coordinates: [48.990280170713675, 2.0652013945627465]
2026-02-28 01:14:30 [http-nio-8080-exec-4] INFO  c.d.dineo.common.util.GeocodingUtil - ✅ Address is already coordinates: [48.990280170713675, 2.0652013945627465]
2026-02-28 01:14:30 [http-nio-8080-exec-10] INFO  c.d.d.p.c.PublicPlatController - 🔍 addDistanceToResponse called for plat: Noodels
2026-02-28 01:14:30 [http-nio-8080-exec-3] INFO  c.d.d.p.c.PublicPlatController - 📍 Geocoding address for chef 51438312-db03-469c-b476-e4511f8e8e67: 48.990280170713675, 2.0652013945627465
2026-02-28 01:14:30 [http-nio-8080-exec-3] INFO  c.d.dineo.common.util.GeocodingUtil - 📍 Parsed coordinates from address: [48.990280170713675, 2.0652013945627465]
2026-02-28 01:14:30 [http-nio-8080-exec-3] INFO  c.d.dineo.common.util.GeocodingUtil - ✅ Address is already coordinates: [48.990280170713675, 2.0652013945627465]
2026-02-28 01:14:30 [http-nio-8080-exec-3] INFO  c.d.d.p.c.PublicPlatController - ✅ Geocoded to: [48.990280170713675, 2.0652013945627465]
2026-02-28 01:14:30 [http-nio-8080-exec-3] INFO  c.d.d.p.c.PublicPlatController - ✅ Distance calculated for plat Noodels: 1499.1 km
2026-02-28 01:14:30 [http-nio-8080-exec-10] INFO  c.d.d.p.c.PublicPlatController - 📍 Geocoding address for chef 51438312-db03-469c-b476-e4511f8e8e67: 48.990280170713675, 2.0652013945627465
2026-02-28 01:14:30 [http-nio-8080-exec-10] INFO  c.d.dineo.common.util.GeocodingUtil - 📍 Parsed coordinates from address: [48.990280170713675, 2.0652013945627465]
2026-02-28 01:14:30 [http-nio-8080-exec-10] INFO  c.d.dineo.common.util.GeocodingUtil - ✅ Address is already coordinates: [48.990280170713675, 2.0652013945627465]
2026-02-28 01:14:30 [http-nio-8080-exec-10] INFO  c.d.d.p.c.PublicPlatController - ✅ Geocoded to: [48.990280170713675, 2.0652013945627465]
2026-02-28 01:14:30 [http-nio-8080-exec-10] INFO  c.d.d.p.c.PublicPlatController - ✅ Distance calculated for plat Noodels: 1499.1 km
2026-02-28 01:14:31 [http-nio-8080-exec-7] INFO  c.d.dineo.common.util.GeocodingUtil - 📍 Parsed coordinates from address: [36.86798171618947, 10.170494516278797]
2026-02-28 01:14:31 [http-nio-8080-exec-7] INFO  c.d.dineo.common.util.GeocodingUtil - ✅ Address is already coordinates: [36.86798171618947, 10.170494516278797]
2026-02-28 01:14:31 [http-nio-8080-exec-4] INFO  c.d.dineo.common.util.GeocodingUtil - 📍 Parsed coordinates from address: [36.86798171618947, 10.170494516278797]
2026-02-28 01:14:31 [http-nio-8080-exec-4] INFO  c.d.dineo.common.util.GeocodingUtil - ✅ Address is already coordinates: [36.86798171618947, 10.170494516278797]
2026-02-28 01:14:31 [http-nio-8080-exec-7] INFO  c.d.dineo.common.util.GeocodingUtil - 📍 Parsed coordinates from address: [48.990280170713675, 2.0652013945627465]
2026-02-28 01:14:31 [http-nio-8080-exec-7] INFO  c.d.dineo.common.util.GeocodingUtil - ✅ Address is already coordinates: [48.990280170713675, 2.0652013945627465]
2026-02-28 01:14:31 [http-nio-8080-exec-4] INFO  c.d.dineo.common.util.GeocodingUtil - 📍 Parsed coordinates from address: [48.990280170713675, 2.0652013945627465]
2026-02-28 01:14:31 [http-nio-8080-exec-4] INFO  c.d.dineo.common.util.GeocodingUtil - ✅ Address is already coordinates: [48.990280170713675, 2.0652013945627465]
2026-02-28 01:14:31 [http-nio-8080-exec-3] INFO  c.d.d.p.c.PublicPlatController - 🔍 addDistanceToResponse called for plat: Fricassé
2026-02-28 01:14:31 [http-nio-8080-exec-10] INFO  c.d.d.p.c.PublicPlatController - 🔍 addDistanceToResponse called for plat: Fricassé
2026-02-28 01:14:31 [http-nio-8080-exec-7] INFO  c.d.dineo.common.util.GeocodingUtil - 📍 Parsed coordinates from address: [48.990280170713675, 2.0652013945627465]
2026-02-28 01:14:31 [http-nio-8080-exec-7] INFO  c.d.dineo.common.util.GeocodingUtil - ✅ Address is already coordinates: [48.990280170713675, 2.0652013945627465]
2026-02-28 01:14:31 [http-nio-8080-exec-4] INFO  c.d.dineo.common.util.GeocodingUtil - 📍 Parsed coordinates from address: [48.990280170713675, 2.0652013945627465]
2026-02-28 01:14:31 [http-nio-8080-exec-4] INFO  c.d.dineo.common.util.GeocodingUtil - ✅ Address is already coordinates: [48.990280170713675, 2.0652013945627465]
2026-02-28 01:14:31 [http-nio-8080-exec-3] INFO  c.d.d.p.c.PublicPlatController - 📍 Geocoding address for chef 51438312-db03-469c-b476-e4511f8e8e67: 48.990280170713675, 2.0652013945627465
2026-02-28 01:14:31 [http-nio-8080-exec-3] INFO  c.d.dineo.common.util.GeocodingUtil - 📍 Parsed coordinates from address: [48.990280170713675, 2.0652013945627465]
2026-02-28 01:14:31 [http-nio-8080-exec-3] INFO  c.d.dineo.common.util.GeocodingUtil - ✅ Address is already coordinates: [48.990280170713675, 2.0652013945627465]
2026-02-28 01:14:31 [http-nio-8080-exec-3] INFO  c.d.d.p.c.PublicPlatController - ✅ Geocoded to: [48.990280170713675, 2.0652013945627465]
2026-02-28 01:14:31 [http-nio-8080-exec-3] INFO  c.d.d.p.c.PublicPlatController - ✅ Distance calculated for plat Fricassé: 1499.1 km
2026-02-28 01:14:31 [http-nio-8080-exec-4] INFO  c.d.dineo.common.util.GeocodingUtil - 📍 Parsed coordinates from address: [48.990280170713675, 2.0652013945627465]
2026-02-28 01:14:31 [http-nio-8080-exec-10] INFO  c.d.d.p.c.PublicPlatController - 📍 Geocoding address for chef 51438312-db03-469c-b476-e4511f8e8e67: 48.990280170713675, 2.0652013945627465
2026-02-28 01:14:31 [http-nio-8080-exec-7] INFO  c.d.dineo.common.util.GeocodingUtil - 📍 Parsed coordinates from address: [48.990280170713675, 2.0652013945627465]
2026-02-28 01:14:31 [http-nio-8080-exec-4] INFO  c.d.dineo.common.util.GeocodingUtil - ✅ Address is already coordinates: [48.990280170713675, 2.0652013945627465]
2026-02-28 01:14:31 [http-nio-8080-exec-7] INFO  c.d.dineo.common.util.GeocodingUtil - ✅ Address is already coordinates: [48.990280170713675, 2.0652013945627465]
2026-02-28 01:14:31 [http-nio-8080-exec-10] INFO  c.d.dineo.common.util.GeocodingUtil - 📍 Parsed coordinates from address: [48.990280170713675, 2.0652013945627465]
2026-02-28 01:14:31 [http-nio-8080-exec-10] INFO  c.d.dineo.common.util.GeocodingUtil - ✅ Address is already coordinates: [48.990280170713675, 2.0652013945627465]
2026-02-28 01:14:31 [http-nio-8080-exec-10] INFO  c.d.d.p.c.PublicPlatController - ✅ Geocoded to: [48.990280170713675, 2.0652013945627465]
2026-02-28 01:14:31 [http-nio-8080-exec-10] INFO  c.d.d.p.c.PublicPlatController - ✅ Distance calculated for plat Fricassé: 1499.1 km
2026-02-28 01:14:32 [http-nio-8080-exec-4] INFO  c.d.dineo.common.util.GeocodingUtil - 📍 Parsed coordinates from address: [48.990280170713675, 2.0652013945627465]
2026-02-28 01:14:32 [http-nio-8080-exec-7] INFO  c.d.dineo.common.util.GeocodingUtil - 📍 Parsed coordinates from address: [48.990280170713675, 2.0652013945627465]
2026-02-28 01:14:32 [http-nio-8080-exec-4] INFO  c.d.dineo.common.util.GeocodingUtil - ✅ Address is already coordinates: [48.990280170713675, 2.0652013945627465]
2026-02-28 01:14:32 [http-nio-8080-exec-7] INFO  c.d.dineo.common.util.GeocodingUtil - ✅ Address is already coordinates: [48.990280170713675, 2.0652013945627465]
2026-02-28 01:14:32 [http-nio-8080-exec-3] INFO  c.d.d.p.c.PublicPlatController - 🔍 addDistanceToResponse called for plat: lasagne
2026-02-28 01:14:32 [http-nio-8080-exec-4] INFO  c.d.dineo.common.util.GeocodingUtil - 📍 Parsed coordinates from address: [48.990280170713675, 2.0652013945627465]
2026-02-28 01:14:32 [http-nio-8080-exec-4] INFO  c.d.dineo.common.util.GeocodingUtil - ✅ Address is already coordinates: [48.990280170713675, 2.0652013945627465]
2026-02-28 01:14:32 [http-nio-8080-exec-7] INFO  c.d.dineo.common.util.GeocodingUtil - 📍 Parsed coordinates from address: [48.990280170713675, 2.0652013945627465]
2026-02-28 01:14:32 [http-nio-8080-exec-7] INFO  c.d.dineo.common.util.GeocodingUtil - ✅ Address is already coordinates: [48.990280170713675, 2.0652013945627465]
2026-02-28 01:14:32 [http-nio-8080-exec-10] INFO  c.d.d.p.c.PublicPlatController - 🔍 addDistanceToResponse called for plat: lasagne
2026-02-28 01:14:32 [http-nio-8080-exec-3] INFO  c.d.d.p.c.PublicPlatController - 📍 Geocoding address for chef 2b9ae655-331b-44dd-a316-505318613279: 36.86798171618947, 10.170494516278797
2026-02-28 01:14:32 [http-nio-8080-exec-3] INFO  c.d.dineo.common.util.GeocodingUtil - 📍 Parsed coordinates from address: [36.86798171618947, 10.170494516278797]
2026-02-28 01:14:32 [http-nio-8080-exec-3] INFO  c.d.dineo.common.util.GeocodingUtil - ✅ Address is already coordinates: [36.86798171618947, 10.170494516278797]
2026-02-28 01:14:32 [http-nio-8080-exec-3] INFO  c.d.d.p.c.PublicPlatController - ✅ Geocoded to: [36.86798171618947, 10.170494516278797]
2026-02-28 01:14:32 [http-nio-8080-exec-3] INFO  c.d.d.p.c.PublicPlatController - ✅ Distance calculated for plat lasagne: 1.0 km
2026-02-28 01:14:32 [http-nio-8080-exec-4] INFO  c.d.dineo.common.util.GeocodingUtil - 📍 Parsed coordinates from address: [48.990280170713675, 2.0652013945627465]
2026-02-28 01:14:32 [http-nio-8080-exec-4] INFO  c.d.dineo.common.util.GeocodingUtil - ✅ Address is already coordinates: [48.990280170713675, 2.0652013945627465]
2026-02-28 01:14:32 [http-nio-8080-exec-7] INFO  c.d.dineo.common.util.GeocodingUtil - 📍 Parsed coordinates from address: [48.990280170713675, 2.0652013945627465]
2026-02-28 01:14:32 [http-nio-8080-exec-7] INFO  c.d.dineo.common.util.GeocodingUtil - ✅ Address is already coordinates: [48.990280170713675, 2.0652013945627465]
2026-02-28 01:14:32 [http-nio-8080-exec-10] INFO  c.d.d.p.c.PublicPlatController - 📍 Geocoding address for chef 2b9ae655-331b-44dd-a316-505318613279: 36.86798171618947, 10.170494516278797
2026-02-28 01:14:32 [http-nio-8080-exec-10] INFO  c.d.dineo.common.util.GeocodingUtil - 📍 Parsed coordinates from address: [36.86798171618947, 10.170494516278797]
2026-02-28 01:14:32 [http-nio-8080-exec-10] INFO  c.d.dineo.common.util.GeocodingUtil - ✅ Address is already coordinates: [36.86798171618947, 10.170494516278797]
2026-02-28 01:14:32 [http-nio-8080-exec-10] INFO  c.d.d.p.c.PublicPlatController - ✅ Geocoded to: [36.86798171618947, 10.170494516278797]
2026-02-28 01:14:32 [http-nio-8080-exec-10] INFO  c.d.d.p.c.PublicPlatController - ✅ Distance calculated for plat lasagne: 1.0 km
2026-02-28 01:14:32 [http-nio-8080-exec-4] INFO  c.d.dineo.common.util.GeocodingUtil - 📍 Parsed coordinates from address: [48.990280170713675, 2.0652013945627465]
2026-02-28 01:14:32 [http-nio-8080-exec-7] INFO  c.d.dineo.common.util.GeocodingUtil - 📍 Parsed coordinates from address: [48.990280170713675, 2.0652013945627465]
2026-02-28 01:14:32 [http-nio-8080-exec-4] INFO  c.d.dineo.common.util.GeocodingUtil - ✅ Address is already coordinates: [48.990280170713675, 2.0652013945627465]
2026-02-28 01:14:32 [http-nio-8080-exec-7] INFO  c.d.dineo.common.util.GeocodingUtil - ✅ Address is already coordinates: [48.990280170713675, 2.0652013945627465]
2026-02-28 01:14:33 [http-nio-8080-exec-3] INFO  c.d.d.p.c.PublicPlatController - 🔍 addDistanceToResponse called for plat: Tacos
2026-02-28 01:14:33 [http-nio-8080-exec-4] INFO  c.d.dineo.common.util.GeocodingUtil - 📍 Parsed coordinates from address: [48.990280170713675, 2.0652013945627465]
2026-02-28 01:14:33 [http-nio-8080-exec-4] INFO  c.d.dineo.common.util.GeocodingUtil - ✅ Address is already coordinates: [48.990280170713675, 2.0652013945627465]
2026-02-28 01:14:33 [http-nio-8080-exec-7] INFO  c.d.dineo.common.util.GeocodingUtil - 📍 Parsed coordinates from address: [48.990280170713675, 2.0652013945627465]
2026-02-28 01:14:33 [http-nio-8080-exec-7] INFO  c.d.dineo.common.util.GeocodingUtil - ✅ Address is already coordinates: [48.990280170713675, 2.0652013945627465]
2026-02-28 01:14:33 [http-nio-8080-exec-10] INFO  c.d.d.p.c.PublicPlatController - 🔍 addDistanceToResponse called for plat: Tacos
2026-02-28 01:14:33 [http-nio-8080-exec-3] INFO  c.d.d.p.c.PublicPlatController - 📍 Geocoding address for chef 51438312-db03-469c-b476-e4511f8e8e67: 48.990280170713675, 2.0652013945627465
2026-02-28 01:14:33 [http-nio-8080-exec-3] INFO  c.d.dineo.common.util.GeocodingUtil - 📍 Parsed coordinates from address: [48.990280170713675, 2.0652013945627465]
2026-02-28 01:14:33 [http-nio-8080-exec-3] INFO  c.d.dineo.common.util.GeocodingUtil - ✅ Address is already coordinates: [48.990280170713675, 2.0652013945627465]
2026-02-28 01:14:33 [http-nio-8080-exec-3] INFO  c.d.d.p.c.PublicPlatController - ✅ Geocoded to: [48.990280170713675, 2.0652013945627465]
2026-02-28 01:14:33 [http-nio-8080-exec-3] INFO  c.d.d.p.c.PublicPlatController - ✅ Distance calculated for plat Tacos: 1499.1 km
2026-02-28 01:14:33 [http-nio-8080-exec-4] INFO  c.d.dineo.common.util.GeocodingUtil - 📍 Parsed coordinates from address: [48.990280170713675, 2.0652013945627465]
2026-02-28 01:14:33 [http-nio-8080-exec-7] INFO  c.d.dineo.common.util.GeocodingUtil - 📍 Parsed coordinates from address: [48.990280170713675, 2.0652013945627465]
2026-02-28 01:14:33 [http-nio-8080-exec-4] INFO  c.d.dineo.common.util.GeocodingUtil - ✅ Address is already coordinates: [48.990280170713675, 2.0652013945627465]
2026-02-28 01:14:33 [http-nio-8080-exec-7] INFO  c.d.dineo.common.util.GeocodingUtil - ✅ Address is already coordinates: [48.990280170713675, 2.0652013945627465]
2026-02-28 01:14:33 [http-nio-8080-exec-4] INFO  c.d.d.p.c.PublicPlatController - After location filtering: 1 plats within 30.0km
2026-02-28 01:14:33 [http-nio-8080-exec-7] INFO  c.d.d.p.c.PublicPlatController - After location filtering: 1 plats within 30.0km
2026-02-28 01:14:33 [http-nio-8080-exec-7] INFO  c.d.d.p.c.PublicPlatController - Found 2 unique categories from filtered plats
2026-02-28 01:14:33 [http-nio-8080-exec-4] INFO  c.d.d.p.c.PublicPlatController - Found 2 unique categories from filtered plats
2026-02-28 01:14:33 [http-nio-8080-exec-10] INFO  c.d.d.p.c.PublicPlatController - 📍 Geocoding address for chef 51438312-db03-469c-b476-e4511f8e8e67: 48.990280170713675, 2.0652013945627465
2026-02-28 01:14:33 [http-nio-8080-exec-10] INFO  c.d.dineo.common.util.GeocodingUtil - 📍 Parsed coordinates from address: [48.990280170713675, 2.0652013945627465]
2026-02-28 01:14:33 [http-nio-8080-exec-10] INFO  c.d.dineo.common.util.GeocodingUtil - ✅ Address is already coordinates: [48.990280170713675, 2.0652013945627465]
2026-02-28 01:14:33 [http-nio-8080-exec-10] INFO  c.d.d.p.c.PublicPlatController - ✅ Geocoded to: [48.990280170713675, 2.0652013945627465]
2026-02-28 01:14:33 [http-nio-8080-exec-10] INFO  c.d.d.p.c.PublicPlatController - ✅ Distance calculated for plat Tacos: 1499.1 km
2026-02-28 01:14:34 [http-nio-8080-exec-3] INFO  c.d.d.p.c.PublicPlatController - 🔍 addDistanceToResponse called for plat: Tiramisu
2026-02-28 01:14:34 [http-nio-8080-exec-10] INFO  c.d.d.p.c.PublicPlatController - 🔍 addDistanceToResponse called for plat: Tiramisu
2026-02-28 01:14:34 [http-nio-8080-exec-3] INFO  c.d.d.p.c.PublicPlatController - 📍 Geocoding address for chef 51438312-db03-469c-b476-e4511f8e8e67: 48.990280170713675, 2.0652013945627465
2026-02-28 01:14:34 [http-nio-8080-exec-3] INFO  c.d.dineo.common.util.GeocodingUtil - 📍 Parsed coordinates from address: [48.990280170713675, 2.0652013945627465]
2026-02-28 01:14:34 [http-nio-8080-exec-3] INFO  c.d.dineo.common.util.GeocodingUtil - ✅ Address is already coordinates: [48.990280170713675, 2.0652013945627465]
2026-02-28 01:14:34 [http-nio-8080-exec-3] INFO  c.d.d.p.c.PublicPlatController - ✅ Geocoded to: [48.990280170713675, 2.0652013945627465]
2026-02-28 01:14:34 [http-nio-8080-exec-3] INFO  c.d.d.p.c.PublicPlatController - ✅ Distance calculated for plat Tiramisu: 1499.1 km
2026-02-28 01:14:34 [http-nio-8080-exec-10] INFO  c.d.d.p.c.PublicPlatController - 📍 Geocoding address for chef 51438312-db03-469c-b476-e4511f8e8e67: 48.990280170713675, 2.0652013945627465
2026-02-28 01:14:34 [http-nio-8080-exec-10] INFO  c.d.dineo.common.util.GeocodingUtil - 📍 Parsed coordinates from address: [48.990280170713675, 2.0652013945627465]
2026-02-28 01:14:34 [http-nio-8080-exec-10] INFO  c.d.dineo.common.util.GeocodingUtil - ✅ Address is already coordinates: [48.990280170713675, 2.0652013945627465]
2026-02-28 01:14:34 [http-nio-8080-exec-10] INFO  c.d.d.p.c.PublicPlatController - ✅ Geocoded to: [48.990280170713675, 2.0652013945627465]
2026-02-28 01:14:34 [http-nio-8080-exec-10] INFO  c.d.d.p.c.PublicPlatController - ✅ Distance calculated for plat Tiramisu: 1499.1 km
2026-02-28 01:14:34 [http-nio-8080-exec-3] INFO  c.d.d.p.c.PublicPlatController - 🔍 addDistanceToResponse called for plat: Steak
2026-02-28 01:14:35 [http-nio-8080-exec-10] INFO  c.d.d.p.c.PublicPlatController - 🔍 addDistanceToResponse called for plat: Steak
2026-02-28 01:14:35 [http-nio-8080-exec-3] INFO  c.d.d.p.c.PublicPlatController - 📍 Geocoding address for chef 51438312-db03-469c-b476-e4511f8e8e67: 48.990280170713675, 2.0652013945627465
2026-02-28 01:14:35 [http-nio-8080-exec-3] INFO  c.d.dineo.common.util.GeocodingUtil - 📍 Parsed coordinates from address: [48.990280170713675, 2.0652013945627465]
2026-02-28 01:14:35 [http-nio-8080-exec-3] INFO  c.d.dineo.common.util.GeocodingUtil - ✅ Address is already coordinates: [48.990280170713675, 2.0652013945627465]
2026-02-28 01:14:35 [http-nio-8080-exec-3] INFO  c.d.d.p.c.PublicPlatController - ✅ Geocoded to: [48.990280170713675, 2.0652013945627465]
2026-02-28 01:14:35 [http-nio-8080-exec-3] INFO  c.d.d.p.c.PublicPlatController - ✅ Distance calculated for plat Steak: 1499.1 km
2026-02-28 01:14:35 [http-nio-8080-exec-10] INFO  c.d.d.p.c.PublicPlatController - 📍 Geocoding address for chef 51438312-db03-469c-b476-e4511f8e8e67: 48.990280170713675, 2.0652013945627465
2026-02-28 01:14:35 [http-nio-8080-exec-10] INFO  c.d.dineo.common.util.GeocodingUtil - 📍 Parsed coordinates from address: [48.990280170713675, 2.0652013945627465]
2026-02-28 01:14:35 [http-nio-8080-exec-10] INFO  c.d.dineo.common.util.GeocodingUtil - ✅ Address is already coordinates: [48.990280170713675, 2.0652013945627465]
2026-02-28 01:14:35 [http-nio-8080-exec-10] INFO  c.d.d.p.c.PublicPlatController - ✅ Geocoded to: [48.990280170713675, 2.0652013945627465]
2026-02-28 01:14:35 [http-nio-8080-exec-10] INFO  c.d.d.p.c.PublicPlatController - ✅ Distance calculated for plat Steak: 1499.1 km
2026-02-28 01:14:35 [http-nio-8080-exec-3] INFO  c.d.d.p.c.PublicPlatController - 🔍 addDistanceToResponse called for plat: Kouskous tunisien
2026-02-28 01:14:35 [http-nio-8080-exec-10] INFO  c.d.d.p.c.PublicPlatController - 🔍 addDistanceToResponse called for plat: Kouskous tunisien
2026-02-28 01:14:35 [http-nio-8080-exec-3] INFO  c.d.d.p.c.PublicPlatController - 📍 Geocoding address for chef 51438312-db03-469c-b476-e4511f8e8e67: 48.990280170713675, 2.0652013945627465
2026-02-28 01:14:35 [http-nio-8080-exec-3] INFO  c.d.dineo.common.util.GeocodingUtil - 📍 Parsed coordinates from address: [48.990280170713675, 2.0652013945627465]
2026-02-28 01:14:35 [http-nio-8080-exec-3] INFO  c.d.dineo.common.util.GeocodingUtil - ✅ Address is already coordinates: [48.990280170713675, 2.0652013945627465]
2026-02-28 01:14:35 [http-nio-8080-exec-3] INFO  c.d.d.p.c.PublicPlatController - ✅ Geocoded to: [48.990280170713675, 2.0652013945627465]
2026-02-28 01:14:35 [http-nio-8080-exec-3] INFO  c.d.d.p.c.PublicPlatController - ✅ Distance calculated for plat Kouskous tunisien: 1499.1 km
2026-02-28 01:14:36 [http-nio-8080-exec-10] INFO  c.d.d.p.c.PublicPlatController - 📍 Geocoding address for chef 51438312-db03-469c-b476-e4511f8e8e67: 48.990280170713675, 2.0652013945627465
2026-02-28 01:14:36 [http-nio-8080-exec-10] INFO  c.d.dineo.common.util.GeocodingUtil - 📍 Parsed coordinates from address: [48.990280170713675, 2.0652013945627465]
2026-02-28 01:14:36 [http-nio-8080-exec-10] INFO  c.d.dineo.common.util.GeocodingUtil - ✅ Address is already coordinates: [48.990280170713675, 2.0652013945627465]
2026-02-28 01:14:36 [http-nio-8080-exec-10] INFO  c.d.d.p.c.PublicPlatController - ✅ Geocoded to: [48.990280170713675, 2.0652013945627465]
2026-02-28 01:14:36 [http-nio-8080-exec-10] INFO  c.d.d.p.c.PublicPlatController - ✅ Distance calculated for plat Kouskous tunisien: 1499.1 km
2026-02-28 01:14:36 [http-nio-8080-exec-3] INFO  c.d.d.p.c.PublicPlatController - 🔍 addDistanceToResponse called for plat: Sushi
2026-02-28 01:14:36 [http-nio-8080-exec-10] INFO  c.d.d.p.c.PublicPlatController - 🔍 addDistanceToResponse called for plat: Sushi
2026-02-28 01:14:36 [http-nio-8080-exec-3] INFO  c.d.d.p.c.PublicPlatController - 📍 Geocoding address for chef 51438312-db03-469c-b476-e4511f8e8e67: 48.990280170713675, 2.0652013945627465
2026-02-28 01:14:36 [http-nio-8080-exec-3] INFO  c.d.dineo.common.util.GeocodingUtil - 📍 Parsed coordinates from address: [48.990280170713675, 2.0652013945627465]
2026-02-28 01:14:36 [http-nio-8080-exec-3] INFO  c.d.dineo.common.util.GeocodingUtil - ✅ Address is already coordinates: [48.990280170713675, 2.0652013945627465]
2026-02-28 01:14:36 [http-nio-8080-exec-3] INFO  c.d.d.p.c.PublicPlatController - ✅ Geocoded to: [48.990280170713675, 2.0652013945627465]
2026-02-28 01:14:36 [http-nio-8080-exec-3] INFO  c.d.d.p.c.PublicPlatController - ✅ Distance calculated for plat Sushi: 1499.1 km
2026-02-28 01:14:36 [http-nio-8080-exec-10] INFO  c.d.d.p.c.PublicPlatController - 📍 Geocoding address for chef 51438312-db03-469c-b476-e4511f8e8e67: 48.990280170713675, 2.0652013945627465
2026-02-28 01:14:36 [http-nio-8080-exec-10] INFO  c.d.dineo.common.util.GeocodingUtil - 📍 Parsed coordinates from address: [48.990280170713675, 2.0652013945627465]
2026-02-28 01:14:36 [http-nio-8080-exec-10] INFO  c.d.dineo.common.util.GeocodingUtil - ✅ Address is already coordinates: [48.990280170713675, 2.0652013945627465]
2026-02-28 01:14:36 [http-nio-8080-exec-10] INFO  c.d.d.p.c.PublicPlatController - ✅ Geocoded to: [48.990280170713675, 2.0652013945627465]
2026-02-28 01:14:36 [http-nio-8080-exec-10] INFO  c.d.d.p.c.PublicPlatController - ✅ Distance calculated for plat Sushi: 1499.1 km
2026-02-28 01:14:37 [http-nio-8080-exec-3] INFO  c.d.d.p.c.PublicPlatController - 🔍 addDistanceToResponse called for plat: Salade César
2026-02-28 01:14:37 [http-nio-8080-exec-10] INFO  c.d.d.p.c.PublicPlatController - 🔍 addDistanceToResponse called for plat: Salade César
2026-02-28 01:14:37 [http-nio-8080-exec-3] INFO  c.d.d.p.c.PublicPlatController - 📍 Geocoding address for chef 51438312-db03-469c-b476-e4511f8e8e67: 48.990280170713675, 2.0652013945627465
2026-02-28 01:14:37 [http-nio-8080-exec-3] INFO  c.d.dineo.common.util.GeocodingUtil - 📍 Parsed coordinates from address: [48.990280170713675, 2.0652013945627465]
2026-02-28 01:14:37 [http-nio-8080-exec-3] INFO  c.d.dineo.common.util.GeocodingUtil - ✅ Address is already coordinates: [48.990280170713675, 2.0652013945627465]
2026-02-28 01:14:37 [http-nio-8080-exec-3] INFO  c.d.d.p.c.PublicPlatController - ✅ Geocoded to: [48.990280170713675, 2.0652013945627465]
2026-02-28 01:14:37 [http-nio-8080-exec-3] INFO  c.d.d.p.c.PublicPlatController - ✅ Distance calculated for plat Salade César: 1499.1 km
2026-02-28 01:14:37 [http-nio-8080-exec-10] INFO  c.d.d.p.c.PublicPlatController - 📍 Geocoding address for chef 51438312-db03-469c-b476-e4511f8e8e67: 48.990280170713675, 2.0652013945627465
2026-02-28 01:14:37 [http-nio-8080-exec-10] INFO  c.d.dineo.common.util.GeocodingUtil - 📍 Parsed coordinates from address: [48.990280170713675, 2.0652013945627465]
2026-02-28 01:14:37 [http-nio-8080-exec-10] INFO  c.d.dineo.common.util.GeocodingUtil - ✅ Address is already coordinates: [48.990280170713675, 2.0652013945627465]
2026-02-28 01:14:37 [http-nio-8080-exec-10] INFO  c.d.d.p.c.PublicPlatController - ✅ Geocoded to: [48.990280170713675, 2.0652013945627465]
2026-02-28 01:14:37 [http-nio-8080-exec-10] INFO  c.d.d.p.c.PublicPlatController - ✅ Distance calculated for plat Salade César: 1499.1 km
2026-02-28 01:14:38 [http-nio-8080-exec-3] INFO  c.d.d.p.c.PublicPlatController - 🔍 addDistanceToResponse called for plat: Pizza
2026-02-28 01:14:38 [http-nio-8080-exec-10] INFO  c.d.d.p.c.PublicPlatController - 🔍 addDistanceToResponse called for plat: Pizza
2026-02-28 01:14:38 [http-nio-8080-exec-3] INFO  c.d.d.p.c.PublicPlatController - 📍 Geocoding address for chef 51438312-db03-469c-b476-e4511f8e8e67: 48.990280170713675, 2.0652013945627465
2026-02-28 01:14:38 [http-nio-8080-exec-3] INFO  c.d.dineo.common.util.GeocodingUtil - 📍 Parsed coordinates from address: [48.990280170713675, 2.0652013945627465]
2026-02-28 01:14:38 [http-nio-8080-exec-3] INFO  c.d.dineo.common.util.GeocodingUtil - ✅ Address is already coordinates: [48.990280170713675, 2.0652013945627465]
2026-02-28 01:14:38 [http-nio-8080-exec-3] INFO  c.d.d.p.c.PublicPlatController - ✅ Geocoded to: [48.990280170713675, 2.0652013945627465]
2026-02-28 01:14:38 [http-nio-8080-exec-3] INFO  c.d.d.p.c.PublicPlatController - ✅ Distance calculated for plat Pizza: 1499.1 km
2026-02-28 01:14:38 [http-nio-8080-exec-10] INFO  c.d.d.p.c.PublicPlatController - 📍 Geocoding address for chef 51438312-db03-469c-b476-e4511f8e8e67: 48.990280170713675, 2.0652013945627465
2026-02-28 01:14:38 [http-nio-8080-exec-10] INFO  c.d.dineo.common.util.GeocodingUtil - 📍 Parsed coordinates from address: [48.990280170713675, 2.0652013945627465]
2026-02-28 01:14:38 [http-nio-8080-exec-10] INFO  c.d.dineo.common.util.GeocodingUtil - ✅ Address is already coordinates: [48.990280170713675, 2.0652013945627465]
2026-02-28 01:14:38 [http-nio-8080-exec-10] INFO  c.d.d.p.c.PublicPlatController - ✅ Geocoded to: [48.990280170713675, 2.0652013945627465]
2026-02-28 01:14:38 [http-nio-8080-exec-10] INFO  c.d.d.p.c.PublicPlatController - ✅ Distance calculated for plat Pizza: 1499.1 km
2026-02-28 01:14:39 [http-nio-8080-exec-3] INFO  c.d.d.p.c.PublicPlatController - 🔍 addDistanceToResponse called for plat: Plat fruit de mer
2026-02-28 01:14:39 [http-nio-8080-exec-10] INFO  c.d.d.p.c.PublicPlatController - 🔍 addDistanceToResponse called for plat: Plat fruit de mer
2026-02-28 01:14:39 [http-nio-8080-exec-3] INFO  c.d.d.p.c.PublicPlatController - 📍 Geocoding address for chef 51438312-db03-469c-b476-e4511f8e8e67: 48.990280170713675, 2.0652013945627465
2026-02-28 01:14:39 [http-nio-8080-exec-3] INFO  c.d.dineo.common.util.GeocodingUtil - 📍 Parsed coordinates from address: [48.990280170713675, 2.0652013945627465]
2026-02-28 01:14:39 [http-nio-8080-exec-3] INFO  c.d.dineo.common.util.GeocodingUtil - ✅ Address is already coordinates: [48.990280170713675, 2.0652013945627465]
2026-02-28 01:14:39 [http-nio-8080-exec-3] INFO  c.d.d.p.c.PublicPlatController - ✅ Geocoded to: [48.990280170713675, 2.0652013945627465]
2026-02-28 01:14:39 [http-nio-8080-exec-3] INFO  c.d.d.p.c.PublicPlatController - ✅ Distance calculated for plat Plat fruit de mer: 1499.1 km
2026-02-28 01:14:39 [http-nio-8080-exec-10] INFO  c.d.d.p.c.PublicPlatController - 📍 Geocoding address for chef 51438312-db03-469c-b476-e4511f8e8e67: 48.990280170713675, 2.0652013945627465
2026-02-28 01:14:39 [http-nio-8080-exec-10] INFO  c.d.dineo.common.util.GeocodingUtil - 📍 Parsed coordinates from address: [48.990280170713675, 2.0652013945627465]
2026-02-28 01:14:39 [http-nio-8080-exec-10] INFO  c.d.dineo.common.util.GeocodingUtil - ✅ Address is already coordinates: [48.990280170713675, 2.0652013945627465]
2026-02-28 01:14:39 [http-nio-8080-exec-10] INFO  c.d.d.p.c.PublicPlatController - ✅ Geocoded to: [48.990280170713675, 2.0652013945627465]
2026-02-28 01:14:39 [http-nio-8080-exec-10] INFO  c.d.d.p.c.PublicPlatController - ✅ Distance calculated for plat Plat fruit de mer: 1499.1 km
2026-02-28 01:14:40 [http-nio-8080-exec-3] INFO  c.d.d.p.c.PublicPlatController - 🔍 addDistanceToResponse called for plat: Par-là
2026-02-28 01:14:40 [http-nio-8080-exec-10] INFO  c.d.d.p.c.PublicPlatController - 🔍 addDistanceToResponse called for plat: Par-là
2026-02-28 01:14:40 [http-nio-8080-exec-3] INFO  c.d.d.p.c.PublicPlatController - 📍 Geocoding address for chef 51438312-db03-469c-b476-e4511f8e8e67: 48.990280170713675, 2.0652013945627465
2026-02-28 01:14:40 [http-nio-8080-exec-3] INFO  c.d.dineo.common.util.GeocodingUtil - 📍 Parsed coordinates from address: [48.990280170713675, 2.0652013945627465]
2026-02-28 01:14:40 [http-nio-8080-exec-3] INFO  c.d.dineo.common.util.GeocodingUtil - ✅ Address is already coordinates: [48.990280170713675, 2.0652013945627465]
2026-02-28 01:14:40 [http-nio-8080-exec-3] INFO  c.d.d.p.c.PublicPlatController - ✅ Geocoded to: [48.990280170713675, 2.0652013945627465]
2026-02-28 01:14:40 [http-nio-8080-exec-3] INFO  c.d.d.p.c.PublicPlatController - ✅ Distance calculated for plat Par-là: 1499.1 km
2026-02-28 01:14:40 [http-nio-8080-exec-3] INFO  c.d.d.p.c.PublicPlatController - After all filters: 1 plats remaining
2026-02-28 01:14:40 [http-nio-8080-exec-3] INFO  c.d.d.p.c.PublicPlatController - Search returned 1 total results, page 1/1
2026-02-28 01:14:40 [http-nio-8080-exec-10] INFO  c.d.d.p.c.PublicPlatController - 📍 Geocoding address for chef 51438312-db03-469c-b476-e4511f8e8e67: 48.990280170713675, 2.0652013945627465
2026-02-28 01:14:40 [http-nio-8080-exec-10] INFO  c.d.dineo.common.util.GeocodingUtil - 📍 Parsed coordinates from address: [48.990280170713675, 2.0652013945627465]
2026-02-28 01:14:40 [http-nio-8080-exec-10] INFO  c.d.dineo.common.util.GeocodingUtil - ✅ Address is already coordinates: [48.990280170713675, 2.0652013945627465]
2026-02-28 01:14:40 [http-nio-8080-exec-10] INFO  c.d.d.p.c.PublicPlatController - ✅ Geocoded to: [48.990280170713675, 2.0652013945627465]
2026-02-28 01:14:40 [http-nio-8080-exec-10] INFO  c.d.d.p.c.PublicPlatController - ✅ Distance calculated for plat Par-là: 1499.1 km
2026-02-28 01:14:40 [http-nio-8080-exec-10] INFO  c.d.d.p.c.PublicPlatController - After all filters: 1 plats remaining
2026-02-28 01:14:40 [http-nio-8080-exec-10] INFO  c.d.d.p.c.PublicPlatController - Search returned 1 total results, page 1/1
2026-02-28 01:18:33 [http-nio-8080-exec-5] INFO  c.d.d.p.c.PublicPlatController - Public request to get categories (location: 36.86185454999997, 10.162940019999994, radius: 30.0km)
2026-02-28 01:18:33 [http-nio-8080-exec-2] INFO  c.d.d.p.c.PublicPlatController - Public search request - query: null, category: null, maxCookTime: null, minRating: null, sortBy: newest, sortOrder: desc, location: 36.86185454999997, 10.162940019999994, radius: 30.0km, page: 1, pageSize: 12
2026-02-28 01:18:33 [http-nio-8080-exec-7] INFO  c.d.d.p.c.PublicPlatController - Public request to get categories (location: 36.86185454999997, 10.162940019999994, radius: 30.0km)
2026-02-28 01:18:33 [http-nio-8080-exec-4] INFO  c.d.d.p.c.PublicPlatController - Public search request - query: null, category: null, maxCookTime: null, minRating: null, sortBy: newest, sortOrder: desc, location: 36.86185454999997, 10.162940019999994, radius: 30.0km, page: 1, pageSize: 12
2026-02-28 01:18:33 [http-nio-8080-exec-2] INFO  c.d.d.p.c.PublicPlatController - Found 12 available plats in database
2026-02-28 01:18:33 [http-nio-8080-exec-5] INFO  c.d.d.p.c.PublicPlatController - Found 12 available plats before filtering
2026-02-28 01:18:33 [http-nio-8080-exec-7] INFO  c.d.d.p.c.PublicPlatController - Found 12 available plats before filtering
2026-02-28 01:18:33 [http-nio-8080-exec-4] INFO  c.d.d.p.c.PublicPlatController - Found 12 available plats in database
2026-02-28 01:18:33 [http-nio-8080-exec-5] INFO  c.d.dineo.common.util.GeocodingUtil - 📍 Parsed coordinates from address: [48.990280170713675, 2.0652013945627465]
2026-02-28 01:18:33 [http-nio-8080-exec-5] INFO  c.d.dineo.common.util.GeocodingUtil - ✅ Address is already coordinates: [48.990280170713675, 2.0652013945627465]
2026-02-28 01:18:33 [http-nio-8080-exec-7] INFO  c.d.dineo.common.util.GeocodingUtil - 📍 Parsed coordinates from address: [48.990280170713675, 2.0652013945627465]
2026-02-28 01:18:33 [http-nio-8080-exec-7] INFO  c.d.dineo.common.util.GeocodingUtil - ✅ Address is already coordinates: [48.990280170713675, 2.0652013945627465]
2026-02-28 01:18:33 [http-nio-8080-exec-5] INFO  c.d.dineo.common.util.GeocodingUtil - 📍 Parsed coordinates from address: [48.990280170713675, 2.0652013945627465]
2026-02-28 01:18:33 [http-nio-8080-exec-5] INFO  c.d.dineo.common.util.GeocodingUtil - ✅ Address is already coordinates: [48.990280170713675, 2.0652013945627465]
2026-02-28 01:18:33 [http-nio-8080-exec-7] INFO  c.d.dineo.common.util.GeocodingUtil - 📍 Parsed coordinates from address: [48.990280170713675, 2.0652013945627465]
2026-02-28 01:18:33 [http-nio-8080-exec-7] INFO  c.d.dineo.common.util.GeocodingUtil - ✅ Address is already coordinates: [48.990280170713675, 2.0652013945627465]
2026-02-28 01:18:33 [http-nio-8080-exec-2] INFO  c.d.d.p.c.PublicPlatController - 🔍 addDistanceToResponse called for plat: Noodels
2026-02-28 01:18:33 [http-nio-8080-exec-4] INFO  c.d.d.p.c.PublicPlatController - 🔍 addDistanceToResponse called for plat: Noodels
2026-02-28 01:18:34 [http-nio-8080-exec-4] INFO  c.d.d.p.c.PublicPlatController - 📍 Geocoding address for chef 51438312-db03-469c-b476-e4511f8e8e67: 48.990280170713675, 2.0652013945627465
2026-02-28 01:18:34 [http-nio-8080-exec-2] INFO  c.d.d.p.c.PublicPlatController - 📍 Geocoding address for chef 51438312-db03-469c-b476-e4511f8e8e67: 48.990280170713675, 2.0652013945627465
2026-02-28 01:18:34 [http-nio-8080-exec-4] INFO  c.d.dineo.common.util.GeocodingUtil - 📍 Parsed coordinates from address: [48.990280170713675, 2.0652013945627465]
2026-02-28 01:18:34 [http-nio-8080-exec-2] INFO  c.d.dineo.common.util.GeocodingUtil - 📍 Parsed coordinates from address: [48.990280170713675, 2.0652013945627465]
2026-02-28 01:18:34 [http-nio-8080-exec-4] INFO  c.d.dineo.common.util.GeocodingUtil - ✅ Address is already coordinates: [48.990280170713675, 2.0652013945627465]
2026-02-28 01:18:34 [http-nio-8080-exec-4] INFO  c.d.d.p.c.PublicPlatController - ✅ Geocoded to: [48.990280170713675, 2.0652013945627465]
2026-02-28 01:18:34 [http-nio-8080-exec-2] INFO  c.d.dineo.common.util.GeocodingUtil - ✅ Address is already coordinates: [48.990280170713675, 2.0652013945627465]
2026-02-28 01:18:34 [http-nio-8080-exec-4] INFO  c.d.d.p.c.PublicPlatController - ✅ Distance calculated for plat Noodels: 1499.1 km
2026-02-28 01:18:34 [http-nio-8080-exec-2] INFO  c.d.d.p.c.PublicPlatController - ✅ Geocoded to: [48.990280170713675, 2.0652013945627465]
2026-02-28 01:18:34 [http-nio-8080-exec-2] INFO  c.d.d.p.c.PublicPlatController - ✅ Distance calculated for plat Noodels: 1499.1 km
2026-02-28 01:18:34 [http-nio-8080-exec-5] INFO  c.d.dineo.common.util.GeocodingUtil - 📍 Parsed coordinates from address: [36.86798171618947, 10.170494516278797]
2026-02-28 01:18:34 [http-nio-8080-exec-5] INFO  c.d.dineo.common.util.GeocodingUtil - ✅ Address is already coordinates: [36.86798171618947, 10.170494516278797]
2026-02-28 01:18:34 [http-nio-8080-exec-7] INFO  c.d.dineo.common.util.GeocodingUtil - 📍 Parsed coordinates from address: [36.86798171618947, 10.170494516278797]
2026-02-28 01:18:34 [http-nio-8080-exec-7] INFO  c.d.dineo.common.util.GeocodingUtil - ✅ Address is already coordinates: [36.86798171618947, 10.170494516278797]
2026-02-28 01:18:34 [http-nio-8080-exec-5] INFO  c.d.dineo.common.util.GeocodingUtil - 📍 Parsed coordinates from address: [48.990280170713675, 2.0652013945627465]
2026-02-28 01:18:34 [http-nio-8080-exec-5] INFO  c.d.dineo.common.util.GeocodingUtil - ✅ Address is already coordinates: [48.990280170713675, 2.0652013945627465]
2026-02-28 01:18:34 [http-nio-8080-exec-7] INFO  c.d.dineo.common.util.GeocodingUtil - 📍 Parsed coordinates from address: [48.990280170713675, 2.0652013945627465]
2026-02-28 01:18:34 [http-nio-8080-exec-7] INFO  c.d.dineo.common.util.GeocodingUtil - ✅ Address is already coordinates: [48.990280170713675, 2.0652013945627465]
2026-02-28 01:18:34 [http-nio-8080-exec-5] INFO  c.d.dineo.common.util.GeocodingUtil - 📍 Parsed coordinates from address: [48.990280170713675, 2.0652013945627465]
2026-02-28 01:18:34 [http-nio-8080-exec-5] INFO  c.d.dineo.common.util.GeocodingUtil - ✅ Address is already coordinates: [48.990280170713675, 2.0652013945627465]
2026-02-28 01:18:34 [http-nio-8080-exec-4] INFO  c.d.d.p.c.PublicPlatController - 🔍 addDistanceToResponse called for plat: Fricassé
2026-02-28 01:18:34 [http-nio-8080-exec-2] INFO  c.d.d.p.c.PublicPlatController - 🔍 addDistanceToResponse called for plat: Fricassé
2026-02-28 01:18:34 [http-nio-8080-exec-7] INFO  c.d.dineo.common.util.GeocodingUtil - 📍 Parsed coordinates from address: [48.990280170713675, 2.0652013945627465]
2026-02-28 01:18:34 [http-nio-8080-exec-7] INFO  c.d.dineo.common.util.GeocodingUtil - ✅ Address is already coordinates: [48.990280170713675, 2.0652013945627465]
2026-02-28 01:18:35 [http-nio-8080-exec-5] INFO  c.d.dineo.common.util.GeocodingUtil - 📍 Parsed coordinates from address: [48.990280170713675, 2.0652013945627465]
2026-02-28 01:18:35 [http-nio-8080-exec-5] INFO  c.d.dineo.common.util.GeocodingUtil - ✅ Address is already coordinates: [48.990280170713675, 2.0652013945627465]
2026-02-28 01:18:35 [http-nio-8080-exec-4] INFO  c.d.d.p.c.PublicPlatController - 📍 Geocoding address for chef 51438312-db03-469c-b476-e4511f8e8e67: 48.990280170713675, 2.0652013945627465
2026-02-28 01:18:35 [http-nio-8080-exec-2] INFO  c.d.d.p.c.PublicPlatController - 📍 Geocoding address for chef 51438312-db03-469c-b476-e4511f8e8e67: 48.990280170713675, 2.0652013945627465
2026-02-28 01:18:35 [http-nio-8080-exec-4] INFO  c.d.dineo.common.util.GeocodingUtil - 📍 Parsed coordinates from address: [48.990280170713675, 2.0652013945627465]
2026-02-28 01:18:35 [http-nio-8080-exec-2] INFO  c.d.dineo.common.util.GeocodingUtil - 📍 Parsed coordinates from address: [48.990280170713675, 2.0652013945627465]
2026-02-28 01:18:35 [http-nio-8080-exec-4] INFO  c.d.dineo.common.util.GeocodingUtil - ✅ Address is already coordinates: [48.990280170713675, 2.0652013945627465]
2026-02-28 01:18:35 [http-nio-8080-exec-2] INFO  c.d.dineo.common.util.GeocodingUtil - ✅ Address is already coordinates: [48.990280170713675, 2.0652013945627465]
2026-02-28 01:18:35 [http-nio-8080-exec-4] INFO  c.d.d.p.c.PublicPlatController - ✅ Geocoded to: [48.990280170713675, 2.0652013945627465]
2026-02-28 01:18:35 [http-nio-8080-exec-2] INFO  c.d.d.p.c.PublicPlatController - ✅ Geocoded to: [48.990280170713675, 2.0652013945627465]
2026-02-28 01:18:35 [http-nio-8080-exec-4] INFO  c.d.d.p.c.PublicPlatController - ✅ Distance calculated for plat Fricassé: 1499.1 km
2026-02-28 01:18:35 [http-nio-8080-exec-2] INFO  c.d.d.p.c.PublicPlatController - ✅ Distance calculated for plat Fricassé: 1499.1 km
2026-02-28 01:18:35 [http-nio-8080-exec-7] INFO  c.d.dineo.common.util.GeocodingUtil - 📍 Parsed coordinates from address: [48.990280170713675, 2.0652013945627465]
2026-02-28 01:18:35 [http-nio-8080-exec-7] INFO  c.d.dineo.common.util.GeocodingUtil - ✅ Address is already coordinates: [48.990280170713675, 2.0652013945627465]
2026-02-28 01:18:35 [http-nio-8080-exec-5] INFO  c.d.dineo.common.util.GeocodingUtil - 📍 Parsed coordinates from address: [48.990280170713675, 2.0652013945627465]
2026-02-28 01:18:35 [http-nio-8080-exec-5] INFO  c.d.dineo.common.util.GeocodingUtil - ✅ Address is already coordinates: [48.990280170713675, 2.0652013945627465]
2026-02-28 01:18:35 [http-nio-8080-exec-7] INFO  c.d.dineo.common.util.GeocodingUtil - 📍 Parsed coordinates from address: [48.990280170713675, 2.0652013945627465]
2026-02-28 01:18:35 [http-nio-8080-exec-7] INFO  c.d.dineo.common.util.GeocodingUtil - ✅ Address is already coordinates: [48.990280170713675, 2.0652013945627465]
2026-02-28 01:18:35 [http-nio-8080-exec-5] INFO  c.d.dineo.common.util.GeocodingUtil - 📍 Parsed coordinates from address: [48.990280170713675, 2.0652013945627465]
2026-02-28 01:18:35 [http-nio-8080-exec-5] INFO  c.d.dineo.common.util.GeocodingUtil - ✅ Address is already coordinates: [48.990280170713675, 2.0652013945627465]
2026-02-28 01:18:35 [http-nio-8080-exec-7] INFO  c.d.dineo.common.util.GeocodingUtil - 📍 Parsed coordinates from address: [48.990280170713675, 2.0652013945627465]
2026-02-28 01:18:35 [http-nio-8080-exec-7] INFO  c.d.dineo.common.util.GeocodingUtil - ✅ Address is already coordinates: [48.990280170713675, 2.0652013945627465]
2026-02-28 01:18:35 [http-nio-8080-exec-4] INFO  c.d.d.p.c.PublicPlatController - 🔍 addDistanceToResponse called for plat: lasagne
2026-02-28 01:18:35 [http-nio-8080-exec-2] INFO  c.d.d.p.c.PublicPlatController - 🔍 addDistanceToResponse called for plat: lasagne
2026-02-28 01:18:35 [http-nio-8080-exec-5] INFO  c.d.dineo.common.util.GeocodingUtil - 📍 Parsed coordinates from address: [48.990280170713675, 2.0652013945627465]
2026-02-28 01:18:35 [http-nio-8080-exec-5] INFO  c.d.dineo.common.util.GeocodingUtil - ✅ Address is already coordinates: [48.990280170713675, 2.0652013945627465]
2026-02-28 01:18:36 [http-nio-8080-exec-7] INFO  c.d.dineo.common.util.GeocodingUtil - 📍 Parsed coordinates from address: [48.990280170713675, 2.0652013945627465]
2026-02-28 01:18:36 [http-nio-8080-exec-7] INFO  c.d.dineo.common.util.GeocodingUtil - ✅ Address is already coordinates: [48.990280170713675, 2.0652013945627465]
2026-02-28 01:18:36 [http-nio-8080-exec-4] INFO  c.d.d.p.c.PublicPlatController - 📍 Geocoding address for chef 2b9ae655-331b-44dd-a316-505318613279: 36.86798171618947, 10.170494516278797
2026-02-28 01:18:36 [http-nio-8080-exec-4] INFO  c.d.dineo.common.util.GeocodingUtil - 📍 Parsed coordinates from address: [36.86798171618947, 10.170494516278797]
2026-02-28 01:18:36 [http-nio-8080-exec-4] INFO  c.d.dineo.common.util.GeocodingUtil - ✅ Address is already coordinates: [36.86798171618947, 10.170494516278797]
2026-02-28 01:18:36 [http-nio-8080-exec-4] INFO  c.d.d.p.c.PublicPlatController - ✅ Geocoded to: [36.86798171618947, 10.170494516278797]
2026-02-28 01:18:36 [http-nio-8080-exec-4] INFO  c.d.d.p.c.PublicPlatController - ✅ Distance calculated for plat lasagne: 1.0 km
2026-02-28 01:18:36 [http-nio-8080-exec-2] INFO  c.d.d.p.c.PublicPlatController - 📍 Geocoding address for chef 2b9ae655-331b-44dd-a316-505318613279: 36.86798171618947, 10.170494516278797
2026-02-28 01:18:36 [http-nio-8080-exec-2] INFO  c.d.dineo.common.util.GeocodingUtil - 📍 Parsed coordinates from address: [36.86798171618947, 10.170494516278797]
2026-02-28 01:18:36 [http-nio-8080-exec-2] INFO  c.d.dineo.common.util.GeocodingUtil - ✅ Address is already coordinates: [36.86798171618947, 10.170494516278797]
2026-02-28 01:18:36 [http-nio-8080-exec-2] INFO  c.d.d.p.c.PublicPlatController - ✅ Geocoded to: [36.86798171618947, 10.170494516278797]
2026-02-28 01:18:36 [http-nio-8080-exec-2] INFO  c.d.d.p.c.PublicPlatController - ✅ Distance calculated for plat lasagne: 1.0 km
2026-02-28 01:18:36 [http-nio-8080-exec-5] INFO  c.d.dineo.common.util.GeocodingUtil - 📍 Parsed coordinates from address: [48.990280170713675, 2.0652013945627465]
2026-02-28 01:18:36 [http-nio-8080-exec-5] INFO  c.d.dineo.common.util.GeocodingUtil - ✅ Address is already coordinates: [48.990280170713675, 2.0652013945627465]
2026-02-28 01:18:36 [http-nio-8080-exec-7] INFO  c.d.dineo.common.util.GeocodingUtil - 📍 Parsed coordinates from address: [48.990280170713675, 2.0652013945627465]
2026-02-28 01:18:36 [http-nio-8080-exec-7] INFO  c.d.dineo.common.util.GeocodingUtil - ✅ Address is already coordinates: [48.990280170713675, 2.0652013945627465]
2026-02-28 01:18:36 [http-nio-8080-exec-5] INFO  c.d.dineo.common.util.GeocodingUtil - 📍 Parsed coordinates from address: [48.990280170713675, 2.0652013945627465]
2026-02-28 01:18:36 [http-nio-8080-exec-5] INFO  c.d.dineo.common.util.GeocodingUtil - ✅ Address is already coordinates: [48.990280170713675, 2.0652013945627465]
2026-02-28 01:18:36 [http-nio-8080-exec-7] INFO  c.d.dineo.common.util.GeocodingUtil - 📍 Parsed coordinates from address: [48.990280170713675, 2.0652013945627465]
2026-02-28 01:18:36 [http-nio-8080-exec-4] INFO  c.d.d.p.c.PublicPlatController - 🔍 addDistanceToResponse called for plat: Tacos
2026-02-28 01:18:36 [http-nio-8080-exec-7] INFO  c.d.dineo.common.util.GeocodingUtil - ✅ Address is already coordinates: [48.990280170713675, 2.0652013945627465]
2026-02-28 01:18:36 [http-nio-8080-exec-2] INFO  c.d.d.p.c.PublicPlatController - 🔍 addDistanceToResponse called for plat: Tacos
2026-02-28 01:18:36 [http-nio-8080-exec-5] INFO  c.d.dineo.common.util.GeocodingUtil - 📍 Parsed coordinates from address: [48.990280170713675, 2.0652013945627465]
2026-02-28 01:18:36 [http-nio-8080-exec-5] INFO  c.d.dineo.common.util.GeocodingUtil - ✅ Address is already coordinates: [48.990280170713675, 2.0652013945627465]
2026-02-28 01:18:36 [http-nio-8080-exec-5] INFO  c.d.d.p.c.PublicPlatController - After location filtering: 1 plats within 30.0km
2026-02-28 01:18:36 [http-nio-8080-exec-10] INFO  c.d.d.c.c.PublicChefController - 🚨🚨🚨 CHEF ENDPOINT CALLED - lat: 36.86185454999997, lon: 10.162940019999994, radius: 30.0 km, page: 0, pageSize: 12
2026-02-28 01:18:36 [http-nio-8080-exec-3] INFO  c.d.d.c.c.PublicChefController - 🚨🚨🚨 CHEF ENDPOINT CALLED - lat: 36.86185454999997, lon: 10.162940019999994, radius: 30.0 km, page: 0, pageSize: 12
2026-02-28 01:18:36 [http-nio-8080-exec-10] INFO  c.d.d.c.c.PublicChefController - Get nearby chefs request received for location (36.86185454999997, 10.162940019999994) within 30.0 km
2026-02-28 01:18:36 [http-nio-8080-exec-3] INFO  c.d.d.c.c.PublicChefController - Get nearby chefs request received for location (36.86185454999997, 10.162940019999994) within 30.0 km
2026-02-28 01:18:36 [http-nio-8080-exec-5] INFO  c.d.d.p.c.PublicPlatController - Found 2 unique categories from filtered plats
2026-02-28 01:18:36 [http-nio-8080-exec-3] INFO  c.d.d.c.c.PublicChefController - Found 6 PROVIDER users
2026-02-28 01:18:36 [http-nio-8080-exec-10] INFO  c.d.d.c.c.PublicChefController - Found 6 PROVIDER users
2026-02-28 01:18:36 [http-nio-8080-exec-4] INFO  c.d.d.p.c.PublicPlatController - 📍 Geocoding address for chef 51438312-db03-469c-b476-e4511f8e8e67: 48.990280170713675, 2.0652013945627465
2026-02-28 01:18:36 [http-nio-8080-exec-7] INFO  c.d.dineo.common.util.GeocodingUtil - 📍 Parsed coordinates from address: [48.990280170713675, 2.0652013945627465]
2026-02-28 01:18:36 [http-nio-8080-exec-4] INFO  c.d.dineo.common.util.GeocodingUtil - 📍 Parsed coordinates from address: [48.990280170713675, 2.0652013945627465]
2026-02-28 01:18:36 [http-nio-8080-exec-7] INFO  c.d.dineo.common.util.GeocodingUtil - ✅ Address is already coordinates: [48.990280170713675, 2.0652013945627465]
2026-02-28 01:18:36 [http-nio-8080-exec-4] INFO  c.d.dineo.common.util.GeocodingUtil - ✅ Address is already coordinates: [48.990280170713675, 2.0652013945627465]
2026-02-28 01:18:36 [http-nio-8080-exec-4] INFO  c.d.d.p.c.PublicPlatController - ✅ Geocoded to: [48.990280170713675, 2.0652013945627465]
2026-02-28 01:18:36 [http-nio-8080-exec-7] INFO  c.d.d.p.c.PublicPlatController - After location filtering: 1 plats within 30.0km
2026-02-28 01:18:36 [http-nio-8080-exec-4] INFO  c.d.d.p.c.PublicPlatController - ✅ Distance calculated for plat Tacos: 1499.1 km
2026-02-28 01:18:36 [http-nio-8080-exec-2] INFO  c.d.d.p.c.PublicPlatController - 📍 Geocoding address for chef 51438312-db03-469c-b476-e4511f8e8e67: 48.990280170713675, 2.0652013945627465
2026-02-28 01:18:36 [http-nio-8080-exec-2] INFO  c.d.dineo.common.util.GeocodingUtil - 📍 Parsed coordinates from address: [48.990280170713675, 2.0652013945627465]
2026-02-28 01:18:36 [http-nio-8080-exec-2] INFO  c.d.dineo.common.util.GeocodingUtil - ✅ Address is already coordinates: [48.990280170713675, 2.0652013945627465]
2026-02-28 01:18:36 [http-nio-8080-exec-2] INFO  c.d.d.p.c.PublicPlatController - ✅ Geocoded to: [48.990280170713675, 2.0652013945627465]
2026-02-28 01:18:36 [http-nio-8080-exec-2] INFO  c.d.d.p.c.PublicPlatController - ✅ Distance calculated for plat Tacos: 1499.1 km
2026-02-28 01:18:36 [http-nio-8080-exec-7] INFO  c.d.d.p.c.PublicPlatController - Found 2 unique categories from filtered plats
2026-02-28 01:18:37 [http-nio-8080-exec-3] INFO  c.d.d.c.c.PublicChefController - Retrieved 3 chef users from database
2026-02-28 01:18:37 [http-nio-8080-exec-10] INFO  c.d.d.c.c.PublicChefController - Retrieved 3 chef users from database
2026-02-28 01:18:37 [http-nio-8080-exec-10] INFO  c.d.d.c.c.PublicChefController - 📍 Adding distance for chef 2b9ae655-331b-44dd-a316-505318613279 at address: 36.86798171618947, 10.170494516278797
2026-02-28 01:18:37 [http-nio-8080-exec-3] INFO  c.d.d.c.c.PublicChefController - 📍 Adding distance for chef 2b9ae655-331b-44dd-a316-505318613279 at address: 36.86798171618947, 10.170494516278797
2026-02-28 01:18:37 [http-nio-8080-exec-10] INFO  c.d.d.c.c.PublicChefController - 📍 Adding distance for chef 2b9ae655-331b-44dd-a316-505318613279 at address: 36.86798171618947, 10.170494516278797
2026-02-28 01:18:37 [http-nio-8080-exec-3] INFO  c.d.d.c.c.PublicChefController - 📍 Adding distance for chef 2b9ae655-331b-44dd-a316-505318613279 at address: 36.86798171618947, 10.170494516278797
2026-02-28 01:18:37 [http-nio-8080-exec-10] INFO  c.d.dineo.common.util.GeocodingUtil - 📍 Parsed coordinates from address: [36.86798171618947, 10.170494516278797]
2026-02-28 01:18:37 [http-nio-8080-exec-3] INFO  c.d.dineo.common.util.GeocodingUtil - 📍 Parsed coordinates from address: [36.86798171618947, 10.170494516278797]
2026-02-28 01:18:37 [http-nio-8080-exec-10] INFO  c.d.dineo.common.util.GeocodingUtil - ✅ Address is already coordinates: [36.86798171618947, 10.170494516278797]
2026-02-28 01:18:37 [http-nio-8080-exec-3] INFO  c.d.dineo.common.util.GeocodingUtil - ✅ Address is already coordinates: [36.86798171618947, 10.170494516278797]
2026-02-28 01:18:37 [http-nio-8080-exec-10] INFO  c.d.d.c.c.PublicChefController - 📏 Distance calculated: 1.0 km
2026-02-28 01:18:37 [http-nio-8080-exec-3] INFO  c.d.d.c.c.PublicChefController - 📏 Distance calculated: 1.0 km
2026-02-28 01:18:37 [http-nio-8080-exec-10] INFO  c.d.d.c.c.PublicChefController - 📏 Distance calculated: 1.0 km
2026-02-28 01:18:37 [http-nio-8080-exec-3] INFO  c.d.d.c.c.PublicChefController - 📏 Distance calculated: 1.0 km
2026-02-28 01:18:37 [http-nio-8080-exec-10] INFO  c.d.d.c.c.PublicChefController - 📍 Adding distance for chef 51438312-db03-469c-b476-e4511f8e8e67 at address: 48.990280170713675, 2.0652013945627465
2026-02-28 01:18:37 [http-nio-8080-exec-10] INFO  c.d.d.c.c.PublicChefController - 📍 Adding distance for chef 51438312-db03-469c-b476-e4511f8e8e67 at address: 48.990280170713675, 2.0652013945627465
2026-02-28 01:18:37 [http-nio-8080-exec-10] INFO  c.d.dineo.common.util.GeocodingUtil - 📍 Parsed coordinates from address: [48.990280170713675, 2.0652013945627465]
2026-02-28 01:18:37 [http-nio-8080-exec-10] INFO  c.d.dineo.common.util.GeocodingUtil - ✅ Address is already coordinates: [48.990280170713675, 2.0652013945627465]
2026-02-28 01:18:37 [http-nio-8080-exec-10] INFO  c.d.d.c.c.PublicChefController - 📏 Distance calculated: 1499.1 km
2026-02-28 01:18:37 [http-nio-8080-exec-10] INFO  c.d.d.c.c.PublicChefController - 📏 Distance calculated: 1499.1 km
2026-02-28 01:18:37 [http-nio-8080-exec-3] INFO  c.d.d.c.c.PublicChefController - 📍 Adding distance for chef 51438312-db03-469c-b476-e4511f8e8e67 at address: 48.990280170713675, 2.0652013945627465
2026-02-28 01:18:37 [http-nio-8080-exec-3] INFO  c.d.d.c.c.PublicChefController - 📍 Adding distance for chef 51438312-db03-469c-b476-e4511f8e8e67 at address: 48.990280170713675, 2.0652013945627465
2026-02-28 01:18:37 [http-nio-8080-exec-3] INFO  c.d.dineo.common.util.GeocodingUtil - 📍 Parsed coordinates from address: [48.990280170713675, 2.0652013945627465]
2026-02-28 01:18:37 [http-nio-8080-exec-3] INFO  c.d.dineo.common.util.GeocodingUtil - ✅ Address is already coordinates: [48.990280170713675, 2.0652013945627465]
2026-02-28 01:18:37 [http-nio-8080-exec-3] INFO  c.d.d.c.c.PublicChefController - 📏 Distance calculated: 1499.1 km
2026-02-28 01:18:37 [http-nio-8080-exec-3] INFO  c.d.d.c.c.PublicChefController - 📏 Distance calculated: 1499.1 km
2026-02-28 01:18:37 [http-nio-8080-exec-4] INFO  c.d.d.p.c.PublicPlatController - 🔍 addDistanceToResponse called for plat: Tiramisu
2026-02-28 01:18:37 [http-nio-8080-exec-2] INFO  c.d.d.p.c.PublicPlatController - 🔍 addDistanceToResponse called for plat: Tiramisu
2026-02-28 01:18:37 [http-nio-8080-exec-10] INFO  c.d.d.c.c.PublicChefController - 📍 Adding distance for chef 8b1c9d91-8d1d-43e8-ab9f-904a95c1b8d4 at address: 48.98818216984314, 2.0658558535655827
2026-02-28 01:18:37 [http-nio-8080-exec-10] INFO  c.d.d.c.c.PublicChefController - 📍 Adding distance for chef 8b1c9d91-8d1d-43e8-ab9f-904a95c1b8d4 at address: 48.98818216984314, 2.0658558535655827
2026-02-28 01:18:37 [http-nio-8080-exec-10] INFO  c.d.dineo.common.util.GeocodingUtil - 📍 Parsed coordinates from address: [48.98818216984314, 2.0658558535655827]
2026-02-28 01:18:37 [http-nio-8080-exec-10] INFO  c.d.dineo.common.util.GeocodingUtil - ✅ Address is already coordinates: [48.98818216984314, 2.0658558535655827]
2026-02-28 01:18:37 [http-nio-8080-exec-10] INFO  c.d.d.c.c.PublicChefController - 📏 Distance calculated: 1498.9 km
2026-02-28 01:18:37 [http-nio-8080-exec-10] INFO  c.d.d.c.c.PublicChefController - 📏 Distance calculated: 1498.9 km
2026-02-28 01:18:37 [http-nio-8080-exec-10] INFO  c.d.d.c.c.PublicChefController - Found 1 chefs within 30.0 km radius
2026-02-28 01:18:37 [http-nio-8080-exec-10] INFO  c.d.d.c.c.PublicChefController - Successfully retrieved 1 nearby chefs (page 1/1)
2026-02-28 01:18:37 [http-nio-8080-exec-3] INFO  c.d.d.c.c.PublicChefController - 📍 Adding distance for chef 8b1c9d91-8d1d-43e8-ab9f-904a95c1b8d4 at address: 48.98818216984314, 2.0658558535655827
2026-02-28 01:18:37 [http-nio-8080-exec-3] INFO  c.d.d.c.c.PublicChefController - 📍 Adding distance for chef 8b1c9d91-8d1d-43e8-ab9f-904a95c1b8d4 at address: 48.98818216984314, 2.0658558535655827
2026-02-28 01:18:37 [http-nio-8080-exec-3] INFO  c.d.dineo.common.util.GeocodingUtil - 📍 Parsed coordinates from address: [48.98818216984314, 2.0658558535655827]
2026-02-28 01:18:37 [http-nio-8080-exec-3] INFO  c.d.dineo.common.util.GeocodingUtil - ✅ Address is already coordinates: [48.98818216984314, 2.0658558535655827]
2026-02-28 01:18:37 [http-nio-8080-exec-3] INFO  c.d.d.c.c.PublicChefController - 📏 Distance calculated: 1498.9 km
2026-02-28 01:18:37 [http-nio-8080-exec-3] INFO  c.d.d.c.c.PublicChefController - 📏 Distance calculated: 1498.9 km
2026-02-28 01:18:37 [http-nio-8080-exec-3] INFO  c.d.d.c.c.PublicChefController - Found 1 chefs within 30.0 km radius
2026-02-28 01:18:37 [http-nio-8080-exec-3] INFO  c.d.d.c.c.PublicChefController - Successfully retrieved 1 nearby chefs (page 1/1)
2026-02-28 01:18:37 [http-nio-8080-exec-4] INFO  c.d.d.p.c.PublicPlatController - 📍 Geocoding address for chef 51438312-db03-469c-b476-e4511f8e8e67: 48.990280170713675, 2.0652013945627465
2026-02-28 01:18:37 [http-nio-8080-exec-4] INFO  c.d.dineo.common.util.GeocodingUtil - 📍 Parsed coordinates from address: [48.990280170713675, 2.0652013945627465]
2026-02-28 01:18:37 [http-nio-8080-exec-4] INFO  c.d.dineo.common.util.GeocodingUtil - ✅ Address is already coordinates: [48.990280170713675, 2.0652013945627465]
2026-02-28 01:18:37 [http-nio-8080-exec-4] INFO  c.d.d.p.c.PublicPlatController - ✅ Geocoded to: [48.990280170713675, 2.0652013945627465]
2026-02-28 01:18:37 [http-nio-8080-exec-4] INFO  c.d.d.p.c.PublicPlatController - ✅ Distance calculated for plat Tiramisu: 1499.1 km
2026-02-28 01:18:37 [http-nio-8080-exec-2] INFO  c.d.d.p.c.PublicPlatController - 📍 Geocoding address for chef 51438312-db03-469c-b476-e4511f8e8e67: 48.990280170713675, 2.0652013945627465
2026-02-28 01:18:37 [http-nio-8080-exec-2] INFO  c.d.dineo.common.util.GeocodingUtil - 📍 Parsed coordinates from address: [48.990280170713675, 2.0652013945627465]
2026-02-28 01:18:37 [http-nio-8080-exec-2] INFO  c.d.dineo.common.util.GeocodingUtil - ✅ Address is already coordinates: [48.990280170713675, 2.0652013945627465]
2026-02-28 01:18:37 [http-nio-8080-exec-2] INFO  c.d.d.p.c.PublicPlatController - ✅ Geocoded to: [48.990280170713675, 2.0652013945627465]
2026-02-28 01:18:37 [http-nio-8080-exec-2] INFO  c.d.d.p.c.PublicPlatController - ✅ Distance calculated for plat Tiramisu: 1499.1 km
2026-02-28 01:18:38 [http-nio-8080-exec-4] INFO  c.d.d.p.c.PublicPlatController - 🔍 addDistanceToResponse called for plat: Steak
2026-02-28 01:18:38 [http-nio-8080-exec-2] INFO  c.d.d.p.c.PublicPlatController - 🔍 addDistanceToResponse called for plat: Steak
2026-02-28 01:18:38 [http-nio-8080-exec-4] INFO  c.d.d.p.c.PublicPlatController - 📍 Geocoding address for chef 51438312-db03-469c-b476-e4511f8e8e67: 48.990280170713675, 2.0652013945627465
2026-02-28 01:18:38 [http-nio-8080-exec-4] INFO  c.d.dineo.common.util.GeocodingUtil - 📍 Parsed coordinates from address: [48.990280170713675, 2.0652013945627465]
2026-02-28 01:18:38 [http-nio-8080-exec-4] INFO  c.d.dineo.common.util.GeocodingUtil - ✅ Address is already coordinates: [48.990280170713675, 2.0652013945627465]
2026-02-28 01:18:38 [http-nio-8080-exec-4] INFO  c.d.d.p.c.PublicPlatController - ✅ Geocoded to: [48.990280170713675, 2.0652013945627465]
2026-02-28 01:18:38 [http-nio-8080-exec-4] INFO  c.d.d.p.c.PublicPlatController - ✅ Distance calculated for plat Steak: 1499.1 km
2026-02-28 01:18:38 [http-nio-8080-exec-2] INFO  c.d.d.p.c.PublicPlatController - 📍 Geocoding address for chef 51438312-db03-469c-b476-e4511f8e8e67: 48.990280170713675, 2.0652013945627465
2026-02-28 01:18:38 [http-nio-8080-exec-2] INFO  c.d.dineo.common.util.GeocodingUtil - 📍 Parsed coordinates from address: [48.990280170713675, 2.0652013945627465]
2026-02-28 01:18:38 [http-nio-8080-exec-2] INFO  c.d.dineo.common.util.GeocodingUtil - ✅ Address is already coordinates: [48.990280170713675, 2.0652013945627465]
2026-02-28 01:18:38 [http-nio-8080-exec-2] INFO  c.d.d.p.c.PublicPlatController - ✅ Geocoded to: [48.990280170713675, 2.0652013945627465]
2026-02-28 01:18:38 [http-nio-8080-exec-2] INFO  c.d.d.p.c.PublicPlatController - ✅ Distance calculated for plat Steak: 1499.1 km
2026-02-28 01:18:39 [http-nio-8080-exec-4] INFO  c.d.d.p.c.PublicPlatController - 🔍 addDistanceToResponse called for plat: Kouskous tunisien
2026-02-28 01:18:39 [http-nio-8080-exec-2] INFO  c.d.d.p.c.PublicPlatController - 🔍 addDistanceToResponse called for plat: Kouskous tunisien
2026-02-28 01:18:39 [http-nio-8080-exec-4] INFO  c.d.d.p.c.PublicPlatController - 📍 Geocoding address for chef 51438312-db03-469c-b476-e4511f8e8e67: 48.990280170713675, 2.0652013945627465
2026-02-28 01:18:39 [http-nio-8080-exec-4] INFO  c.d.dineo.common.util.GeocodingUtil - 📍 Parsed coordinates from address: [48.990280170713675, 2.0652013945627465]
2026-02-28 01:18:39 [http-nio-8080-exec-4] INFO  c.d.dineo.common.util.GeocodingUtil - ✅ Address is already coordinates: [48.990280170713675, 2.0652013945627465]
2026-02-28 01:18:39 [http-nio-8080-exec-4] INFO  c.d.d.p.c.PublicPlatController - ✅ Geocoded to: [48.990280170713675, 2.0652013945627465]
2026-02-28 01:18:39 [http-nio-8080-exec-4] INFO  c.d.d.p.c.PublicPlatController - ✅ Distance calculated for plat Kouskous tunisien: 1499.1 km
2026-02-28 01:18:39 [http-nio-8080-exec-2] INFO  c.d.d.p.c.PublicPlatController - 📍 Geocoding address for chef 51438312-db03-469c-b476-e4511f8e8e67: 48.990280170713675, 2.0652013945627465
2026-02-28 01:18:39 [http-nio-8080-exec-2] INFO  c.d.dineo.common.util.GeocodingUtil - 📍 Parsed coordinates from address: [48.990280170713675, 2.0652013945627465]
2026-02-28 01:18:39 [http-nio-8080-exec-2] INFO  c.d.dineo.common.util.GeocodingUtil - ✅ Address is already coordinates: [48.990280170713675, 2.0652013945627465]
2026-02-28 01:18:39 [http-nio-8080-exec-2] INFO  c.d.d.p.c.PublicPlatController - ✅ Geocoded to: [48.990280170713675, 2.0652013945627465]
2026-02-28 01:18:39 [http-nio-8080-exec-2] INFO  c.d.d.p.c.PublicPlatController - ✅ Distance calculated for plat Kouskous tunisien: 1499.1 km
2026-02-28 01:18:40 [http-nio-8080-exec-4] INFO  c.d.d.p.c.PublicPlatController - 🔍 addDistanceToResponse called for plat: Sushi
2026-02-28 01:18:40 [http-nio-8080-exec-2] INFO  c.d.d.p.c.PublicPlatController - 🔍 addDistanceToResponse called for plat: Sushi
2026-02-28 01:18:40 [http-nio-8080-exec-4] INFO  c.d.d.p.c.PublicPlatController - 📍 Geocoding address for chef 51438312-db03-469c-b476-e4511f8e8e67: 48.990280170713675, 2.0652013945627465
2026-02-28 01:18:40 [http-nio-8080-exec-4] INFO  c.d.dineo.common.util.GeocodingUtil - 📍 Parsed coordinates from address: [48.990280170713675, 2.0652013945627465]
2026-02-28 01:18:40 [http-nio-8080-exec-4] INFO  c.d.dineo.common.util.GeocodingUtil - ✅ Address is already coordinates: [48.990280170713675, 2.0652013945627465]
2026-02-28 01:18:40 [http-nio-8080-exec-4] INFO  c.d.d.p.c.PublicPlatController - ✅ Geocoded to: [48.990280170713675, 2.0652013945627465]
2026-02-28 01:18:40 [http-nio-8080-exec-4] INFO  c.d.d.p.c.PublicPlatController - ✅ Distance calculated for plat Sushi: 1499.1 km
2026-02-28 01:18:40 [http-nio-8080-exec-2] INFO  c.d.d.p.c.PublicPlatController - 📍 Geocoding address for chef 51438312-db03-469c-b476-e4511f8e8e67: 48.990280170713675, 2.0652013945627465
2026-02-28 01:18:40 [http-nio-8080-exec-2] INFO  c.d.dineo.common.util.GeocodingUtil - 📍 Parsed coordinates from address: [48.990280170713675, 2.0652013945627465]
2026-02-28 01:18:40 [http-nio-8080-exec-2] INFO  c.d.dineo.common.util.GeocodingUtil - ✅ Address is already coordinates: [48.990280170713675, 2.0652013945627465]
2026-02-28 01:18:40 [http-nio-8080-exec-2] INFO  c.d.d.p.c.PublicPlatController - ✅ Geocoded to: [48.990280170713675, 2.0652013945627465]
2026-02-28 01:18:40 [http-nio-8080-exec-2] INFO  c.d.d.p.c.PublicPlatController - ✅ Distance calculated for plat Sushi: 1499.1 km
2026-02-28 01:18:40 [http-nio-8080-exec-4] INFO  c.d.d.p.c.PublicPlatController - 🔍 addDistanceToResponse called for plat: Salade César
2026-02-28 01:18:41 [http-nio-8080-exec-2] INFO  c.d.d.p.c.PublicPlatController - 🔍 addDistanceToResponse called for plat: Salade César
2026-02-28 01:18:41 [http-nio-8080-exec-4] INFO  c.d.d.p.c.PublicPlatController - 📍 Geocoding address for chef 51438312-db03-469c-b476-e4511f8e8e67: 48.990280170713675, 2.0652013945627465
2026-02-28 01:18:41 [http-nio-8080-exec-4] INFO  c.d.dineo.common.util.GeocodingUtil - 📍 Parsed coordinates from address: [48.990280170713675, 2.0652013945627465]
2026-02-28 01:18:41 [http-nio-8080-exec-4] INFO  c.d.dineo.common.util.GeocodingUtil - ✅ Address is already coordinates: [48.990280170713675, 2.0652013945627465]
2026-02-28 01:18:41 [http-nio-8080-exec-4] INFO  c.d.d.p.c.PublicPlatController - ✅ Geocoded to: [48.990280170713675, 2.0652013945627465]
2026-02-28 01:18:41 [http-nio-8080-exec-4] INFO  c.d.d.p.c.PublicPlatController - ✅ Distance calculated for plat Salade César: 1499.1 km
2026-02-28 01:18:41 [http-nio-8080-exec-2] INFO  c.d.d.p.c.PublicPlatController - 📍 Geocoding address for chef 51438312-db03-469c-b476-e4511f8e8e67: 48.990280170713675, 2.0652013945627465
2026-02-28 01:18:41 [http-nio-8080-exec-2] INFO  c.d.dineo.common.util.GeocodingUtil - 📍 Parsed coordinates from address: [48.990280170713675, 2.0652013945627465]
2026-02-28 01:18:41 [http-nio-8080-exec-2] INFO  c.d.dineo.common.util.GeocodingUtil - ✅ Address is already coordinates: [48.990280170713675, 2.0652013945627465]
2026-02-28 01:18:41 [http-nio-8080-exec-2] INFO  c.d.d.p.c.PublicPlatController - ✅ Geocoded to: [48.990280170713675, 2.0652013945627465]
2026-02-28 01:18:41 [http-nio-8080-exec-2] INFO  c.d.d.p.c.PublicPlatController - ✅ Distance calculated for plat Salade César: 1499.1 km
2026-02-28 01:18:41 [http-nio-8080-exec-4] INFO  c.d.d.p.c.PublicPlatController - 🔍 addDistanceToResponse called for plat: Pizza
2026-02-28 01:18:41 [http-nio-8080-exec-2] INFO  c.d.d.p.c.PublicPlatController - 🔍 addDistanceToResponse called for plat: Pizza
2026-02-28 01:18:42 [http-nio-8080-exec-4] INFO  c.d.d.p.c.PublicPlatController - 📍 Geocoding address for chef 51438312-db03-469c-b476-e4511f8e8e67: 48.990280170713675, 2.0652013945627465
2026-02-28 01:18:42 [http-nio-8080-exec-4] INFO  c.d.dineo.common.util.GeocodingUtil - 📍 Parsed coordinates from address: [48.990280170713675, 2.0652013945627465]
2026-02-28 01:18:42 [http-nio-8080-exec-4] INFO  c.d.dineo.common.util.GeocodingUtil - ✅ Address is already coordinates: [48.990280170713675, 2.0652013945627465]
2026-02-28 01:18:42 [http-nio-8080-exec-4] INFO  c.d.d.p.c.PublicPlatController - ✅ Geocoded to: [48.990280170713675, 2.0652013945627465]
2026-02-28 01:18:42 [http-nio-8080-exec-4] INFO  c.d.d.p.c.PublicPlatController - ✅ Distance calculated for plat Pizza: 1499.1 km
2026-02-28 01:18:42 [http-nio-8080-exec-2] INFO  c.d.d.p.c.PublicPlatController - 📍 Geocoding address for chef 51438312-db03-469c-b476-e4511f8e8e67: 48.990280170713675, 2.0652013945627465
2026-02-28 01:18:42 [http-nio-8080-exec-2] INFO  c.d.dineo.common.util.GeocodingUtil - 📍 Parsed coordinates from address: [48.990280170713675, 2.0652013945627465]
2026-02-28 01:18:42 [http-nio-8080-exec-2] INFO  c.d.dineo.common.util.GeocodingUtil - ✅ Address is already coordinates: [48.990280170713675, 2.0652013945627465]
2026-02-28 01:18:42 [http-nio-8080-exec-2] INFO  c.d.d.p.c.PublicPlatController - ✅ Geocoded to: [48.990280170713675, 2.0652013945627465]
2026-02-28 01:18:42 [http-nio-8080-exec-2] INFO  c.d.d.p.c.PublicPlatController - ✅ Distance calculated for plat Pizza: 1499.1 km
2026-02-28 01:18:42 [http-nio-8080-exec-4] INFO  c.d.d.p.c.PublicPlatController - 🔍 addDistanceToResponse called for plat: Plat fruit de mer
2026-02-28 01:18:42 [http-nio-8080-exec-2] INFO  c.d.d.p.c.PublicPlatController - 🔍 addDistanceToResponse called for plat: Plat fruit de mer
2026-02-28 01:18:42 [http-nio-8080-exec-2] INFO  c.d.d.p.c.PublicPlatController - 📍 Geocoding address for chef 51438312-db03-469c-b476-e4511f8e8e67: 48.990280170713675, 2.0652013945627465
2026-02-28 01:18:42 [http-nio-8080-exec-2] INFO  c.d.dineo.common.util.GeocodingUtil - 📍 Parsed coordinates from address: [48.990280170713675, 2.0652013945627465]
2026-02-28 01:18:42 [http-nio-8080-exec-2] INFO  c.d.dineo.common.util.GeocodingUtil - ✅ Address is already coordinates: [48.990280170713675, 2.0652013945627465]
2026-02-28 01:18:42 [http-nio-8080-exec-2] INFO  c.d.d.p.c.PublicPlatController - ✅ Geocoded to: [48.990280170713675, 2.0652013945627465]
2026-02-28 01:18:42 [http-nio-8080-exec-2] INFO  c.d.d.p.c.PublicPlatController - ✅ Distance calculated for plat Plat fruit de mer: 1499.1 km
2026-02-28 01:18:42 [http-nio-8080-exec-4] INFO  c.d.d.p.c.PublicPlatController - 📍 Geocoding address for chef 51438312-db03-469c-b476-e4511f8e8e67: 48.990280170713675, 2.0652013945627465
2026-02-28 01:18:42 [http-nio-8080-exec-4] INFO  c.d.dineo.common.util.GeocodingUtil - 📍 Parsed coordinates from address: [48.990280170713675, 2.0652013945627465]
2026-02-28 01:18:42 [http-nio-8080-exec-4] INFO  c.d.dineo.common.util.GeocodingUtil - ✅ Address is already coordinates: [48.990280170713675, 2.0652013945627465]
2026-02-28 01:18:42 [http-nio-8080-exec-4] INFO  c.d.d.p.c.PublicPlatController - ✅ Geocoded to: [48.990280170713675, 2.0652013945627465]
2026-02-28 01:18:42 [http-nio-8080-exec-4] INFO  c.d.d.p.c.PublicPlatController - ✅ Distance calculated for plat Plat fruit de mer: 1499.1 km
2026-02-28 01:18:43 [http-nio-8080-exec-2] INFO  c.d.d.p.c.PublicPlatController - 🔍 addDistanceToResponse called for plat: Par-là
2026-02-28 01:18:43 [http-nio-8080-exec-4] INFO  c.d.d.p.c.PublicPlatController - 🔍 addDistanceToResponse called for plat: Par-là
2026-02-28 01:18:43 [http-nio-8080-exec-2] INFO  c.d.d.p.c.PublicPlatController - 📍 Geocoding address for chef 51438312-db03-469c-b476-e4511f8e8e67: 48.990280170713675, 2.0652013945627465
2026-02-28 01:18:43 [http-nio-8080-exec-2] INFO  c.d.dineo.common.util.GeocodingUtil - 📍 Parsed coordinates from address: [48.990280170713675, 2.0652013945627465]
2026-02-28 01:18:43 [http-nio-8080-exec-2] INFO  c.d.dineo.common.util.GeocodingUtil - ✅ Address is already coordinates: [48.990280170713675, 2.0652013945627465]
2026-02-28 01:18:43 [http-nio-8080-exec-2] INFO  c.d.d.p.c.PublicPlatController - ✅ Geocoded to: [48.990280170713675, 2.0652013945627465]
2026-02-28 01:18:43 [http-nio-8080-exec-2] INFO  c.d.d.p.c.PublicPlatController - ✅ Distance calculated for plat Par-là: 1499.1 km
2026-02-28 01:18:43 [http-nio-8080-exec-2] INFO  c.d.d.p.c.PublicPlatController - After all filters: 1 plats remaining
2026-02-28 01:18:43 [http-nio-8080-exec-2] INFO  c.d.d.p.c.PublicPlatController - Search returned 1 total results, page 1/1
2026-02-28 01:18:43 [http-nio-8080-exec-4] INFO  c.d.d.p.c.PublicPlatController - 📍 Geocoding address for chef 51438312-db03-469c-b476-e4511f8e8e67: 48.990280170713675, 2.0652013945627465
2026-02-28 01:18:43 [http-nio-8080-exec-4] INFO  c.d.dineo.common.util.GeocodingUtil - 📍 Parsed coordinates from address: [48.990280170713675, 2.0652013945627465]
2026-02-28 01:18:43 [http-nio-8080-exec-4] INFO  c.d.dineo.common.util.GeocodingUtil - ✅ Address is already coordinates: [48.990280170713675, 2.0652013945627465]
2026-02-28 01:18:43 [http-nio-8080-exec-4] INFO  c.d.d.p.c.PublicPlatController - ✅ Geocoded to: [48.990280170713675, 2.0652013945627465]
2026-02-28 01:18:43 [http-nio-8080-exec-4] INFO  c.d.d.p.c.PublicPlatController - ✅ Distance calculated for plat Par-là: 1499.1 km
2026-02-28 01:18:43 [http-nio-8080-exec-4] INFO  c.d.d.p.c.PublicPlatController - After all filters: 1 plats remaining
2026-02-28 01:18:43 [http-nio-8080-exec-4] INFO  c.d.d.p.c.PublicPlatController - Search returned 1 total results, page 1/1
2026-02-28 01:18:45 [http-nio-8080-exec-8] INFO  c.d.d.c.c.PublicChefController - 🚨🚨🚨 CHEF ENDPOINT CALLED - lat: 36.86185454999997, lon: 10.162940019999994, radius: 30.0 km, page: 0, pageSize: 12
2026-02-28 01:18:45 [http-nio-8080-exec-1] INFO  c.d.d.c.c.PublicChefController - 🚨🚨🚨 CHEF ENDPOINT CALLED - lat: 36.86185454999997, lon: 10.162940019999994, radius: 30.0 km, page: 0, pageSize: 12
2026-02-28 01:18:45 [http-nio-8080-exec-8] INFO  c.d.d.c.c.PublicChefController - Get nearby chefs request received for location (36.86185454999997, 10.162940019999994) within 30.0 km
2026-02-28 01:18:45 [http-nio-8080-exec-1] INFO  c.d.d.c.c.PublicChefController - Get nearby chefs request received for location (36.86185454999997, 10.162940019999994) within 30.0 km
2026-02-28 01:18:45 [http-nio-8080-exec-1] INFO  c.d.d.c.c.PublicChefController - Found 6 PROVIDER users
2026-02-28 01:18:45 [http-nio-8080-exec-8] INFO  c.d.d.c.c.PublicChefController - Found 6 PROVIDER users
2026-02-28 01:18:45 [http-nio-8080-exec-1] INFO  c.d.d.c.c.PublicChefController - Retrieved 3 chef users from database
2026-02-28 01:18:45 [http-nio-8080-exec-8] INFO  c.d.d.c.c.PublicChefController - Retrieved 3 chef users from database
2026-02-28 01:18:45 [http-nio-8080-exec-8] INFO  c.d.d.c.c.PublicChefController - 📍 Adding distance for chef 2b9ae655-331b-44dd-a316-505318613279 at address: 36.86798171618947, 10.170494516278797
2026-02-28 01:18:45 [http-nio-8080-exec-8] INFO  c.d.d.c.c.PublicChefController - 📍 Adding distance for chef 2b9ae655-331b-44dd-a316-505318613279 at address: 36.86798171618947, 10.170494516278797
2026-02-28 01:18:45 [http-nio-8080-exec-8] INFO  c.d.dineo.common.util.GeocodingUtil - 📍 Parsed coordinates from address: [36.86798171618947, 10.170494516278797]
2026-02-28 01:18:45 [http-nio-8080-exec-8] INFO  c.d.dineo.common.util.GeocodingUtil - ✅ Address is already coordinates: [36.86798171618947, 10.170494516278797]
2026-02-28 01:18:45 [http-nio-8080-exec-8] INFO  c.d.d.c.c.PublicChefController - 📏 Distance calculated: 1.0 km
2026-02-28 01:18:45 [http-nio-8080-exec-8] INFO  c.d.d.c.c.PublicChefController - 📏 Distance calculated: 1.0 km
2026-02-28 01:18:45 [http-nio-8080-exec-1] INFO  c.d.d.c.c.PublicChefController - 📍 Adding distance for chef 2b9ae655-331b-44dd-a316-505318613279 at address: 36.86798171618947, 10.170494516278797
2026-02-28 01:18:45 [http-nio-8080-exec-1] INFO  c.d.d.c.c.PublicChefController - 📍 Adding distance for chef 2b9ae655-331b-44dd-a316-505318613279 at address: 36.86798171618947, 10.170494516278797
2026-02-28 01:18:45 [http-nio-8080-exec-1] INFO  c.d.dineo.common.util.GeocodingUtil - 📍 Parsed coordinates from address: [36.86798171618947, 10.170494516278797]
2026-02-28 01:18:45 [http-nio-8080-exec-1] INFO  c.d.dineo.common.util.GeocodingUtil - ✅ Address is already coordinates: [36.86798171618947, 10.170494516278797]
2026-02-28 01:18:45 [http-nio-8080-exec-1] INFO  c.d.d.c.c.PublicChefController - 📏 Distance calculated: 1.0 km
2026-02-28 01:18:45 [http-nio-8080-exec-1] INFO  c.d.d.c.c.PublicChefController - 📏 Distance calculated: 1.0 km
2026-02-28 01:18:46 [http-nio-8080-exec-1] INFO  c.d.d.c.c.PublicChefController - 📍 Adding distance for chef 51438312-db03-469c-b476-e4511f8e8e67 at address: 48.990280170713675, 2.0652013945627465
2026-02-28 01:18:46 [http-nio-8080-exec-1] INFO  c.d.d.c.c.PublicChefController - 📍 Adding distance for chef 51438312-db03-469c-b476-e4511f8e8e67 at address: 48.990280170713675, 2.0652013945627465
2026-02-28 01:18:46 [http-nio-8080-exec-1] INFO  c.d.dineo.common.util.GeocodingUtil - 📍 Parsed coordinates from address: [48.990280170713675, 2.0652013945627465]
2026-02-28 01:18:46 [http-nio-8080-exec-1] INFO  c.d.dineo.common.util.GeocodingUtil - ✅ Address is already coordinates: [48.990280170713675, 2.0652013945627465]
2026-02-28 01:18:46 [http-nio-8080-exec-1] INFO  c.d.d.c.c.PublicChefController - 📏 Distance calculated: 1499.1 km
2026-02-28 01:18:46 [http-nio-8080-exec-1] INFO  c.d.d.c.c.PublicChefController - 📏 Distance calculated: 1499.1 km
2026-02-28 01:18:46 [http-nio-8080-exec-8] INFO  c.d.d.c.c.PublicChefController - 📍 Adding distance for chef 51438312-db03-469c-b476-e4511f8e8e67 at address: 48.990280170713675, 2.0652013945627465
2026-02-28 01:18:46 [http-nio-8080-exec-8] INFO  c.d.d.c.c.PublicChefController - 📍 Adding distance for chef 51438312-db03-469c-b476-e4511f8e8e67 at address: 48.990280170713675, 2.0652013945627465
2026-02-28 01:18:46 [http-nio-8080-exec-8] INFO  c.d.dineo.common.util.GeocodingUtil - 📍 Parsed coordinates from address: [48.990280170713675, 2.0652013945627465]
2026-02-28 01:18:46 [http-nio-8080-exec-8] INFO  c.d.dineo.common.util.GeocodingUtil - ✅ Address is already coordinates: [48.990280170713675, 2.0652013945627465]
2026-02-28 01:18:46 [http-nio-8080-exec-8] INFO  c.d.d.c.c.PublicChefController - 📏 Distance calculated: 1499.1 km
2026-02-28 01:18:46 [http-nio-8080-exec-8] INFO  c.d.d.c.c.PublicChefController - 📏 Distance calculated: 1499.1 km
2026-02-28 01:18:46 [http-nio-8080-exec-1] INFO  c.d.d.c.c.PublicChefController - 📍 Adding distance for chef 8b1c9d91-8d1d-43e8-ab9f-904a95c1b8d4 at address: 48.98818216984314, 2.0658558535655827
2026-02-28 01:18:46 [http-nio-8080-exec-1] INFO  c.d.d.c.c.PublicChefController - 📍 Adding distance for chef 8b1c9d91-8d1d-43e8-ab9f-904a95c1b8d4 at address: 48.98818216984314, 2.0658558535655827
2026-02-28 01:18:46 [http-nio-8080-exec-1] INFO  c.d.dineo.common.util.GeocodingUtil - 📍 Parsed coordinates from address: [48.98818216984314, 2.0658558535655827]
2026-02-28 01:18:46 [http-nio-8080-exec-1] INFO  c.d.dineo.common.util.GeocodingUtil - ✅ Address is already coordinates: [48.98818216984314, 2.0658558535655827]
2026-02-28 01:18:46 [http-nio-8080-exec-1] INFO  c.d.d.c.c.PublicChefController - 📏 Distance calculated: 1498.9 km
2026-02-28 01:18:46 [http-nio-8080-exec-1] INFO  c.d.d.c.c.PublicChefController - 📏 Distance calculated: 1498.9 km
2026-02-28 01:18:46 [http-nio-8080-exec-1] INFO  c.d.d.c.c.PublicChefController - Found 1 chefs within 30.0 km radius
2026-02-28 01:18:46 [http-nio-8080-exec-1] INFO  c.d.d.c.c.PublicChefController - Successfully retrieved 1 nearby chefs (page 1/1)
2026-02-28 01:18:46 [http-nio-8080-exec-8] INFO  c.d.d.c.c.PublicChefController - 📍 Adding distance for chef 8b1c9d91-8d1d-43e8-ab9f-904a95c1b8d4 at address: 48.98818216984314, 2.0658558535655827
2026-02-28 01:18:46 [http-nio-8080-exec-8] INFO  c.d.d.c.c.PublicChefController - 📍 Adding distance for chef 8b1c9d91-8d1d-43e8-ab9f-904a95c1b8d4 at address: 48.98818216984314, 2.0658558535655827
2026-02-28 01:18:46 [http-nio-8080-exec-8] INFO  c.d.dineo.common.util.GeocodingUtil - 📍 Parsed coordinates from address: [48.98818216984314, 2.0658558535655827]
2026-02-28 01:18:46 [http-nio-8080-exec-8] INFO  c.d.dineo.common.util.GeocodingUtil - ✅ Address is already coordinates: [48.98818216984314, 2.0658558535655827]
2026-02-28 01:18:46 [http-nio-8080-exec-8] INFO  c.d.d.c.c.PublicChefController - 📏 Distance calculated: 1498.9 km
2026-02-28 01:18:46 [http-nio-8080-exec-8] INFO  c.d.d.c.c.PublicChefController - 📏 Distance calculated: 1498.9 km
2026-02-28 01:18:46 [http-nio-8080-exec-8] INFO  c.d.d.c.c.PublicChefController - Found 1 chefs within 30.0 km radius
2026-02-28 01:18:46 [http-nio-8080-exec-8] INFO  c.d.d.c.c.PublicChefController - Successfully retrieved 1 nearby chefs (page 1/1)
2026-02-28 01:18:49 [http-nio-8080-exec-9] INFO  c.d.d.p.c.PublicPlatController - Public request to get paginated plats with promotions (location: 36.86185454999997, 10.162940019999994, radius: 30.0km, page: 1, pageSize: 12)
2026-02-28 01:18:49 [http-nio-8080-exec-6] INFO  c.d.d.p.c.PublicPlatController - Public request to get paginated plats with promotions (location: 36.86185454999997, 10.162940019999994, radius: 30.0km, page: 1, pageSize: 12)
2026-02-28 01:18:49 [http-nio-8080-exec-9] INFO  c.d.d.p.c.PublicPlatController - Found 12 available plats in database
2026-02-28 01:18:49 [http-nio-8080-exec-6] INFO  c.d.d.p.c.PublicPlatController - Found 12 available plats in database
2026-02-28 01:18:50 [http-nio-8080-exec-9] INFO  c.d.d.p.c.PublicPlatController - After filtering: 0 plats with active promotions
2026-02-28 01:18:50 [http-nio-8080-exec-9] INFO  c.d.d.p.c.PublicPlatController - Paginated promotions returned 0 total results, page 1/0
2026-02-28 01:18:50 [http-nio-8080-exec-6] INFO  c.d.d.p.c.PublicPlatController - After filtering: 0 plats with active promotions
2026-02-28 01:18:50 [http-nio-8080-exec-6] INFO  c.d.d.p.c.PublicPlatController - Paginated promotions returned 0 total results, page 1/0
2026-02-28 01:19:03 [http-nio-8080-exec-5] INFO  c.d.d.p.c.PublicPlatController - Public request to get categories (location: 36.86185454999997, 10.162940019999994, radius: 30.0km)
2026-02-28 01:19:03 [http-nio-8080-exec-7] INFO  c.d.d.p.c.PublicPlatController - Public request to get categories (location: 36.86185454999997, 10.162940019999994, radius: 30.0km)
2026-02-28 01:19:03 [http-nio-8080-exec-3] INFO  c.d.d.p.c.PublicPlatController - Public search request - query: null, category: null, maxCookTime: null, minRating: null, sortBy: newest, sortOrder: desc, location: 36.86185454999997, 10.162940019999994, radius: 30.0km, page: 1, pageSize: 12
2026-02-28 01:19:03 [http-nio-8080-exec-10] INFO  c.d.d.p.c.PublicPlatController - Public search request - query: null, category: null, maxCookTime: null, minRating: null, sortBy: newest, sortOrder: desc, location: 36.86185454999997, 10.162940019999994, radius: 30.0km, page: 1, pageSize: 12
2026-02-28 01:19:04 [http-nio-8080-exec-5] INFO  c.d.d.p.c.PublicPlatController - Found 12 available plats before filtering
2026-02-28 01:19:04 [http-nio-8080-exec-3] INFO  c.d.d.p.c.PublicPlatController - Found 12 available plats in database
2026-02-28 01:19:04 [http-nio-8080-exec-10] INFO  c.d.d.p.c.PublicPlatController - Found 12 available plats in database
2026-02-28 01:19:04 [http-nio-8080-exec-7] INFO  c.d.d.p.c.PublicPlatController - Found 12 available plats before filtering
2026-02-28 01:19:04 [http-nio-8080-exec-5] INFO  c.d.dineo.common.util.GeocodingUtil - 📍 Parsed coordinates from address: [48.990280170713675, 2.0652013945627465]
2026-02-28 01:19:04 [http-nio-8080-exec-5] INFO  c.d.dineo.common.util.GeocodingUtil - ✅ Address is already coordinates: [48.990280170713675, 2.0652013945627465]
2026-02-28 01:19:04 [http-nio-8080-exec-7] INFO  c.d.dineo.common.util.GeocodingUtil - 📍 Parsed coordinates from address: [48.990280170713675, 2.0652013945627465]
2026-02-28 01:19:04 [http-nio-8080-exec-7] INFO  c.d.dineo.common.util.GeocodingUtil - ✅ Address is already coordinates: [48.990280170713675, 2.0652013945627465]
2026-02-28 01:19:04 [http-nio-8080-exec-5] INFO  c.d.dineo.common.util.GeocodingUtil - 📍 Parsed coordinates from address: [48.990280170713675, 2.0652013945627465]
2026-02-28 01:19:04 [http-nio-8080-exec-5] INFO  c.d.dineo.common.util.GeocodingUtil - ✅ Address is already coordinates: [48.990280170713675, 2.0652013945627465]
2026-02-28 01:19:04 [http-nio-8080-exec-7] INFO  c.d.dineo.common.util.GeocodingUtil - 📍 Parsed coordinates from address: [48.990280170713675, 2.0652013945627465]
2026-02-28 01:19:04 [http-nio-8080-exec-7] INFO  c.d.dineo.common.util.GeocodingUtil - ✅ Address is already coordinates: [48.990280170713675, 2.0652013945627465]
2026-02-28 01:19:04 [http-nio-8080-exec-10] INFO  c.d.d.p.c.PublicPlatController - 🔍 addDistanceToResponse called for plat: Noodels
2026-02-28 01:19:04 [http-nio-8080-exec-3] INFO  c.d.d.p.c.PublicPlatController - 🔍 addDistanceToResponse called for plat: Noodels
2026-02-28 01:19:04 [http-nio-8080-exec-3] INFO  c.d.d.p.c.PublicPlatController - 📍 Geocoding address for chef 51438312-db03-469c-b476-e4511f8e8e67: 48.990280170713675, 2.0652013945627465
2026-02-28 01:19:04 [http-nio-8080-exec-3] INFO  c.d.dineo.common.util.GeocodingUtil - 📍 Parsed coordinates from address: [48.990280170713675, 2.0652013945627465]
2026-02-28 01:19:04 [http-nio-8080-exec-3] INFO  c.d.dineo.common.util.GeocodingUtil - ✅ Address is already coordinates: [48.990280170713675, 2.0652013945627465]
2026-02-28 01:19:04 [http-nio-8080-exec-3] INFO  c.d.d.p.c.PublicPlatController - ✅ Geocoded to: [48.990280170713675, 2.0652013945627465]
2026-02-28 01:19:04 [http-nio-8080-exec-3] INFO  c.d.d.p.c.PublicPlatController - ✅ Distance calculated for plat Noodels: 1499.1 km
2026-02-28 01:19:05 [http-nio-8080-exec-5] INFO  c.d.dineo.common.util.GeocodingUtil - 📍 Parsed coordinates from address: [36.86798171618947, 10.170494516278797]
2026-02-28 01:19:05 [http-nio-8080-exec-5] INFO  c.d.dineo.common.util.GeocodingUtil - ✅ Address is already coordinates: [36.86798171618947, 10.170494516278797]
2026-02-28 01:19:05 [http-nio-8080-exec-10] INFO  c.d.d.p.c.PublicPlatController - 📍 Geocoding address for chef 51438312-db03-469c-b476-e4511f8e8e67: 48.990280170713675, 2.0652013945627465
2026-02-28 01:19:05 [http-nio-8080-exec-10] INFO  c.d.dineo.common.util.GeocodingUtil - 📍 Parsed coordinates from address: [48.990280170713675, 2.0652013945627465]
2026-02-28 01:19:05 [http-nio-8080-exec-10] INFO  c.d.dineo.common.util.GeocodingUtil - ✅ Address is already coordinates: [48.990280170713675, 2.0652013945627465]
2026-02-28 01:19:05 [http-nio-8080-exec-10] INFO  c.d.d.p.c.PublicPlatController - ✅ Geocoded to: [48.990280170713675, 2.0652013945627465]
2026-02-28 01:19:05 [http-nio-8080-exec-10] INFO  c.d.d.p.c.PublicPlatController - ✅ Distance calculated for plat Noodels: 1499.1 km
2026-02-28 01:19:05 [http-nio-8080-exec-7] INFO  c.d.dineo.common.util.GeocodingUtil - 📍 Parsed coordinates from address: [36.86798171618947, 10.170494516278797]
2026-02-28 01:19:05 [http-nio-8080-exec-7] INFO  c.d.dineo.common.util.GeocodingUtil - ✅ Address is already coordinates: [36.86798171618947, 10.170494516278797]
2026-02-28 01:19:05 [http-nio-8080-exec-5] INFO  c.d.dineo.common.util.GeocodingUtil - 📍 Parsed coordinates from address: [48.990280170713675, 2.0652013945627465]
2026-02-28 01:19:05 [http-nio-8080-exec-5] INFO  c.d.dineo.common.util.GeocodingUtil - ✅ Address is already coordinates: [48.990280170713675, 2.0652013945627465]
2026-02-28 01:19:05 [http-nio-8080-exec-7] INFO  c.d.dineo.common.util.GeocodingUtil - 📍 Parsed coordinates from address: [48.990280170713675, 2.0652013945627465]
2026-02-28 01:19:05 [http-nio-8080-exec-7] INFO  c.d.dineo.common.util.GeocodingUtil - ✅ Address is already coordinates: [48.990280170713675, 2.0652013945627465]
2026-02-28 01:19:05 [http-nio-8080-exec-5] INFO  c.d.dineo.common.util.GeocodingUtil - 📍 Parsed coordinates from address: [48.990280170713675, 2.0652013945627465]
2026-02-28 01:19:05 [http-nio-8080-exec-3] INFO  c.d.d.p.c.PublicPlatController - 🔍 addDistanceToResponse called for plat: Fricassé
2026-02-28 01:19:05 [http-nio-8080-exec-5] INFO  c.d.dineo.common.util.GeocodingUtil - ✅ Address is already coordinates: [48.990280170713675, 2.0652013945627465]
2026-02-28 01:19:05 [http-nio-8080-exec-10] INFO  c.d.d.p.c.PublicPlatController - 🔍 addDistanceToResponse called for plat: Fricassé
2026-02-28 01:19:05 [http-nio-8080-exec-7] INFO  c.d.dineo.common.util.GeocodingUtil - 📍 Parsed coordinates from address: [48.990280170713675, 2.0652013945627465]
2026-02-28 01:19:05 [http-nio-8080-exec-7] INFO  c.d.dineo.common.util.GeocodingUtil - ✅ Address is already coordinates: [48.990280170713675, 2.0652013945627465]
2026-02-28 01:19:05 [http-nio-8080-exec-5] INFO  c.d.dineo.common.util.GeocodingUtil - 📍 Parsed coordinates from address: [48.990280170713675, 2.0652013945627465]
2026-02-28 01:19:05 [http-nio-8080-exec-5] INFO  c.d.dineo.common.util.GeocodingUtil - ✅ Address is already coordinates: [48.990280170713675, 2.0652013945627465]
2026-02-28 01:19:05 [http-nio-8080-exec-3] INFO  c.d.d.p.c.PublicPlatController - 📍 Geocoding address for chef 51438312-db03-469c-b476-e4511f8e8e67: 48.990280170713675, 2.0652013945627465
2026-02-28 01:19:05 [http-nio-8080-exec-3] INFO  c.d.dineo.common.util.GeocodingUtil - 📍 Parsed coordinates from address: [48.990280170713675, 2.0652013945627465]
2026-02-28 01:19:05 [http-nio-8080-exec-3] INFO  c.d.dineo.common.util.GeocodingUtil - ✅ Address is already coordinates: [48.990280170713675, 2.0652013945627465]
2026-02-28 01:19:05 [http-nio-8080-exec-3] INFO  c.d.d.p.c.PublicPlatController - ✅ Geocoded to: [48.990280170713675, 2.0652013945627465]
2026-02-28 01:19:05 [http-nio-8080-exec-3] INFO  c.d.d.p.c.PublicPlatController - ✅ Distance calculated for plat Fricassé: 1499.1 km
2026-02-28 01:19:05 [http-nio-8080-exec-10] INFO  c.d.d.p.c.PublicPlatController - 📍 Geocoding address for chef 51438312-db03-469c-b476-e4511f8e8e67: 48.990280170713675, 2.0652013945627465
2026-02-28 01:19:05 [http-nio-8080-exec-10] INFO  c.d.dineo.common.util.GeocodingUtil - 📍 Parsed coordinates from address: [48.990280170713675, 2.0652013945627465]
2026-02-28 01:19:05 [http-nio-8080-exec-10] INFO  c.d.dineo.common.util.GeocodingUtil - ✅ Address is already coordinates: [48.990280170713675, 2.0652013945627465]
2026-02-28 01:19:05 [http-nio-8080-exec-10] INFO  c.d.d.p.c.PublicPlatController - ✅ Geocoded to: [48.990280170713675, 2.0652013945627465]
2026-02-28 01:19:05 [http-nio-8080-exec-10] INFO  c.d.d.p.c.PublicPlatController - ✅ Distance calculated for plat Fricassé: 1499.1 km
2026-02-28 01:19:05 [http-nio-8080-exec-7] INFO  c.d.dineo.common.util.GeocodingUtil - 📍 Parsed coordinates from address: [48.990280170713675, 2.0652013945627465]
2026-02-28 01:19:05 [http-nio-8080-exec-7] INFO  c.d.dineo.common.util.GeocodingUtil - ✅ Address is already coordinates: [48.990280170713675, 2.0652013945627465]
2026-02-28 01:19:06 [http-nio-8080-exec-5] INFO  c.d.dineo.common.util.GeocodingUtil - 📍 Parsed coordinates from address: [48.990280170713675, 2.0652013945627465]
2026-02-28 01:19:06 [http-nio-8080-exec-5] INFO  c.d.dineo.common.util.GeocodingUtil - ✅ Address is already coordinates: [48.990280170713675, 2.0652013945627465]
2026-02-28 01:19:06 [http-nio-8080-exec-7] INFO  c.d.dineo.common.util.GeocodingUtil - 📍 Parsed coordinates from address: [48.990280170713675, 2.0652013945627465]
2026-02-28 01:19:06 [http-nio-8080-exec-7] INFO  c.d.dineo.common.util.GeocodingUtil - ✅ Address is already coordinates: [48.990280170713675, 2.0652013945627465]
2026-02-28 01:19:06 [http-nio-8080-exec-5] INFO  c.d.dineo.common.util.GeocodingUtil - 📍 Parsed coordinates from address: [48.990280170713675, 2.0652013945627465]
2026-02-28 01:19:06 [http-nio-8080-exec-5] INFO  c.d.dineo.common.util.GeocodingUtil - ✅ Address is already coordinates: [48.990280170713675, 2.0652013945627465]
2026-02-28 01:19:06 [http-nio-8080-exec-7] INFO  c.d.dineo.common.util.GeocodingUtil - 📍 Parsed coordinates from address: [48.990280170713675, 2.0652013945627465]
2026-02-28 01:19:06 [http-nio-8080-exec-7] INFO  c.d.dineo.common.util.GeocodingUtil - ✅ Address is already coordinates: [48.990280170713675, 2.0652013945627465]
2026-02-28 01:19:06 [http-nio-8080-exec-3] INFO  c.d.d.p.c.PublicPlatController - 🔍 addDistanceToResponse called for plat: lasagne
2026-02-28 01:19:06 [http-nio-8080-exec-10] INFO  c.d.d.p.c.PublicPlatController - 🔍 addDistanceToResponse called for plat: lasagne
2026-02-28 01:19:06 [http-nio-8080-exec-5] INFO  c.d.dineo.common.util.GeocodingUtil - 📍 Parsed coordinates from address: [48.990280170713675, 2.0652013945627465]
2026-02-28 01:19:06 [http-nio-8080-exec-5] INFO  c.d.dineo.common.util.GeocodingUtil - ✅ Address is already coordinates: [48.990280170713675, 2.0652013945627465]
2026-02-28 01:19:06 [http-nio-8080-exec-7] INFO  c.d.dineo.common.util.GeocodingUtil - 📍 Parsed coordinates from address: [48.990280170713675, 2.0652013945627465]
2026-02-28 01:19:06 [http-nio-8080-exec-7] INFO  c.d.dineo.common.util.GeocodingUtil - ✅ Address is already coordinates: [48.990280170713675, 2.0652013945627465]
2026-02-28 01:19:06 [http-nio-8080-exec-3] INFO  c.d.d.p.c.PublicPlatController - 📍 Geocoding address for chef 2b9ae655-331b-44dd-a316-505318613279: 36.86798171618947, 10.170494516278797
2026-02-28 01:19:06 [http-nio-8080-exec-3] INFO  c.d.dineo.common.util.GeocodingUtil - 📍 Parsed coordinates from address: [36.86798171618947, 10.170494516278797]
2026-02-28 01:19:06 [http-nio-8080-exec-3] INFO  c.d.dineo.common.util.GeocodingUtil - ✅ Address is already coordinates: [36.86798171618947, 10.170494516278797]
2026-02-28 01:19:06 [http-nio-8080-exec-3] INFO  c.d.d.p.c.PublicPlatController - ✅ Geocoded to: [36.86798171618947, 10.170494516278797]
2026-02-28 01:19:06 [http-nio-8080-exec-3] INFO  c.d.d.p.c.PublicPlatController - ✅ Distance calculated for plat lasagne: 1.0 km
2026-02-28 01:19:06 [http-nio-8080-exec-10] INFO  c.d.d.p.c.PublicPlatController - 📍 Geocoding address for chef 2b9ae655-331b-44dd-a316-505318613279: 36.86798171618947, 10.170494516278797
2026-02-28 01:19:06 [http-nio-8080-exec-10] INFO  c.d.dineo.common.util.GeocodingUtil - 📍 Parsed coordinates from address: [36.86798171618947, 10.170494516278797]
2026-02-28 01:19:06 [http-nio-8080-exec-10] INFO  c.d.dineo.common.util.GeocodingUtil - ✅ Address is already coordinates: [36.86798171618947, 10.170494516278797]
2026-02-28 01:19:06 [http-nio-8080-exec-10] INFO  c.d.d.p.c.PublicPlatController - ✅ Geocoded to: [36.86798171618947, 10.170494516278797]
2026-02-28 01:19:06 [http-nio-8080-exec-10] INFO  c.d.d.p.c.PublicPlatController - ✅ Distance calculated for plat lasagne: 1.0 km
2026-02-28 01:19:06 [http-nio-8080-exec-5] INFO  c.d.dineo.common.util.GeocodingUtil - 📍 Parsed coordinates from address: [48.990280170713675, 2.0652013945627465]
2026-02-28 01:19:06 [http-nio-8080-exec-5] INFO  c.d.dineo.common.util.GeocodingUtil - ✅ Address is already coordinates: [48.990280170713675, 2.0652013945627465]
2026-02-28 01:19:07 [http-nio-8080-exec-7] INFO  c.d.dineo.common.util.GeocodingUtil - 📍 Parsed coordinates from address: [48.990280170713675, 2.0652013945627465]
2026-02-28 01:19:07 [http-nio-8080-exec-7] INFO  c.d.dineo.common.util.GeocodingUtil - ✅ Address is already coordinates: [48.990280170713675, 2.0652013945627465]
2026-02-28 01:19:07 [http-nio-8080-exec-5] INFO  c.d.dineo.common.util.GeocodingUtil - 📍 Parsed coordinates from address: [48.990280170713675, 2.0652013945627465]
2026-02-28 01:19:07 [http-nio-8080-exec-5] INFO  c.d.dineo.common.util.GeocodingUtil - ✅ Address is already coordinates: [48.990280170713675, 2.0652013945627465]
2026-02-28 01:19:07 [http-nio-8080-exec-7] INFO  c.d.dineo.common.util.GeocodingUtil - 📍 Parsed coordinates from address: [48.990280170713675, 2.0652013945627465]
2026-02-28 01:19:07 [http-nio-8080-exec-7] INFO  c.d.dineo.common.util.GeocodingUtil - ✅ Address is already coordinates: [48.990280170713675, 2.0652013945627465]
2026-02-28 01:19:07 [http-nio-8080-exec-3] INFO  c.d.d.p.c.PublicPlatController - 🔍 addDistanceToResponse called for plat: Tacos
2026-02-28 01:19:07 [http-nio-8080-exec-10] INFO  c.d.d.p.c.PublicPlatController - 🔍 addDistanceToResponse called for plat: Tacos
2026-02-28 01:19:07 [http-nio-8080-exec-5] INFO  c.d.dineo.common.util.GeocodingUtil - 📍 Parsed coordinates from address: [48.990280170713675, 2.0652013945627465]
2026-02-28 01:19:07 [http-nio-8080-exec-5] INFO  c.d.dineo.common.util.GeocodingUtil - ✅ Address is already coordinates: [48.990280170713675, 2.0652013945627465]
2026-02-28 01:19:07 [http-nio-8080-exec-5] INFO  c.d.d.p.c.PublicPlatController - After location filtering: 1 plats within 30.0km
2026-02-28 01:19:07 [http-nio-8080-exec-5] INFO  c.d.d.p.c.PublicPlatController - Found 2 unique categories from filtered plats
2026-02-28 01:19:07 [http-nio-8080-exec-7] INFO  c.d.dineo.common.util.GeocodingUtil - 📍 Parsed coordinates from address: [48.990280170713675, 2.0652013945627465]
2026-02-28 01:19:07 [http-nio-8080-exec-7] INFO  c.d.dineo.common.util.GeocodingUtil - ✅ Address is already coordinates: [48.990280170713675, 2.0652013945627465]
2026-02-28 01:19:07 [http-nio-8080-exec-7] INFO  c.d.d.p.c.PublicPlatController - After location filtering: 1 plats within 30.0km
2026-02-28 01:19:07 [http-nio-8080-exec-3] INFO  c.d.d.p.c.PublicPlatController - 📍 Geocoding address for chef 51438312-db03-469c-b476-e4511f8e8e67: 48.990280170713675, 2.0652013945627465
2026-02-28 01:19:07 [http-nio-8080-exec-3] INFO  c.d.dineo.common.util.GeocodingUtil - 📍 Parsed coordinates from address: [48.990280170713675, 2.0652013945627465]
2026-02-28 01:19:07 [http-nio-8080-exec-3] INFO  c.d.dineo.common.util.GeocodingUtil - ✅ Address is already coordinates: [48.990280170713675, 2.0652013945627465]
2026-02-28 01:19:07 [http-nio-8080-exec-3] INFO  c.d.d.p.c.PublicPlatController - ✅ Geocoded to: [48.990280170713675, 2.0652013945627465]
2026-02-28 01:19:07 [http-nio-8080-exec-3] INFO  c.d.d.p.c.PublicPlatController - ✅ Distance calculated for plat Tacos: 1499.1 km
2026-02-28 01:19:07 [http-nio-8080-exec-7] INFO  c.d.d.p.c.PublicPlatController - Found 2 unique categories from filtered plats
2026-02-28 01:19:07 [http-nio-8080-exec-10] INFO  c.d.d.p.c.PublicPlatController - 📍 Geocoding address for chef 51438312-db03-469c-b476-e4511f8e8e67: 48.990280170713675, 2.0652013945627465
2026-02-28 01:19:07 [http-nio-8080-exec-10] INFO  c.d.dineo.common.util.GeocodingUtil - 📍 Parsed coordinates from address: [48.990280170713675, 2.0652013945627465]
2026-02-28 01:19:07 [http-nio-8080-exec-10] INFO  c.d.dineo.common.util.GeocodingUtil - ✅ Address is already coordinates: [48.990280170713675, 2.0652013945627465]
2026-02-28 01:19:07 [http-nio-8080-exec-10] INFO  c.d.d.p.c.PublicPlatController - ✅ Geocoded to: [48.990280170713675, 2.0652013945627465]
2026-02-28 01:19:07 [http-nio-8080-exec-10] INFO  c.d.d.p.c.PublicPlatController - ✅ Distance calculated for plat Tacos: 1499.1 km
2026-02-28 01:19:08 [http-nio-8080-exec-3] INFO  c.d.d.p.c.PublicPlatController - 🔍 addDistanceToResponse called for plat: Tiramisu
2026-02-28 01:19:08 [http-nio-8080-exec-10] INFO  c.d.d.p.c.PublicPlatController - 🔍 addDistanceToResponse called for plat: Tiramisu
2026-02-28 01:19:08 [http-nio-8080-exec-3] INFO  c.d.d.p.c.PublicPlatController - 📍 Geocoding address for chef 51438312-db03-469c-b476-e4511f8e8e67: 48.990280170713675, 2.0652013945627465
2026-02-28 01:19:08 [http-nio-8080-exec-3] INFO  c.d.dineo.common.util.GeocodingUtil - 📍 Parsed coordinates from address: [48.990280170713675, 2.0652013945627465]
2026-02-28 01:19:08 [http-nio-8080-exec-3] INFO  c.d.dineo.common.util.GeocodingUtil - ✅ Address is already coordinates: [48.990280170713675, 2.0652013945627465]
2026-02-28 01:19:08 [http-nio-8080-exec-3] INFO  c.d.d.p.c.PublicPlatController - ✅ Geocoded to: [48.990280170713675, 2.0652013945627465]
2026-02-28 01:19:08 [http-nio-8080-exec-3] INFO  c.d.d.p.c.PublicPlatController - ✅ Distance calculated for plat Tiramisu: 1499.1 km
2026-02-28 01:19:08 [http-nio-8080-exec-10] INFO  c.d.d.p.c.PublicPlatController - 📍 Geocoding address for chef 51438312-db03-469c-b476-e4511f8e8e67: 48.990280170713675, 2.0652013945627465
2026-02-28 01:19:08 [http-nio-8080-exec-10] INFO  c.d.dineo.common.util.GeocodingUtil - 📍 Parsed coordinates from address: [48.990280170713675, 2.0652013945627465]
2026-02-28 01:19:08 [http-nio-8080-exec-10] INFO  c.d.dineo.common.util.GeocodingUtil - ✅ Address is already coordinates: [48.990280170713675, 2.0652013945627465]
2026-02-28 01:19:08 [http-nio-8080-exec-10] INFO  c.d.d.p.c.PublicPlatController - ✅ Geocoded to: [48.990280170713675, 2.0652013945627465]
2026-02-28 01:19:08 [http-nio-8080-exec-10] INFO  c.d.d.p.c.PublicPlatController - ✅ Distance calculated for plat Tiramisu: 1499.1 km
2026-02-28 01:19:09 [http-nio-8080-exec-3] INFO  c.d.d.p.c.PublicPlatController - 🔍 addDistanceToResponse called for plat: Steak
2026-02-28 01:19:09 [http-nio-8080-exec-10] INFO  c.d.d.p.c.PublicPlatController - 🔍 addDistanceToResponse called for plat: Steak
2026-02-28 01:19:09 [http-nio-8080-exec-3] INFO  c.d.d.p.c.PublicPlatController - 📍 Geocoding address for chef 51438312-db03-469c-b476-e4511f8e8e67: 48.990280170713675, 2.0652013945627465
2026-02-28 01:19:09 [http-nio-8080-exec-3] INFO  c.d.dineo.common.util.GeocodingUtil - 📍 Parsed coordinates from address: [48.990280170713675, 2.0652013945627465]
2026-02-28 01:19:09 [http-nio-8080-exec-3] INFO  c.d.dineo.common.util.GeocodingUtil - ✅ Address is already coordinates: [48.990280170713675, 2.0652013945627465]
2026-02-28 01:19:09 [http-nio-8080-exec-3] INFO  c.d.d.p.c.PublicPlatController - ✅ Geocoded to: [48.990280170713675, 2.0652013945627465]
2026-02-28 01:19:09 [http-nio-8080-exec-3] INFO  c.d.d.p.c.PublicPlatController - ✅ Distance calculated for plat Steak: 1499.1 km
2026-02-28 01:19:09 [http-nio-8080-exec-10] INFO  c.d.d.p.c.PublicPlatController - 📍 Geocoding address for chef 51438312-db03-469c-b476-e4511f8e8e67: 48.990280170713675, 2.0652013945627465
2026-02-28 01:19:09 [http-nio-8080-exec-10] INFO  c.d.dineo.common.util.GeocodingUtil - 📍 Parsed coordinates from address: [48.990280170713675, 2.0652013945627465]
2026-02-28 01:19:09 [http-nio-8080-exec-10] INFO  c.d.dineo.common.util.GeocodingUtil - ✅ Address is already coordinates: [48.990280170713675, 2.0652013945627465]
2026-02-28 01:19:09 [http-nio-8080-exec-10] INFO  c.d.d.p.c.PublicPlatController - ✅ Geocoded to: [48.990280170713675, 2.0652013945627465]
2026-02-28 01:19:09 [http-nio-8080-exec-10] INFO  c.d.d.p.c.PublicPlatController - ✅ Distance calculated for plat Steak: 1499.1 km
2026-02-28 01:19:09 [http-nio-8080-exec-3] INFO  c.d.d.p.c.PublicPlatController - 🔍 addDistanceToResponse called for plat: Kouskous tunisien
2026-02-28 01:19:09 [http-nio-8080-exec-10] INFO  c.d.d.p.c.PublicPlatController - 🔍 addDistanceToResponse called for plat: Kouskous tunisien
2026-02-28 01:19:10 [http-nio-8080-exec-3] INFO  c.d.d.p.c.PublicPlatController - 📍 Geocoding address for chef 51438312-db03-469c-b476-e4511f8e8e67: 48.990280170713675, 2.0652013945627465
2026-02-28 01:19:10 [http-nio-8080-exec-3] INFO  c.d.dineo.common.util.GeocodingUtil - 📍 Parsed coordinates from address: [48.990280170713675, 2.0652013945627465]
2026-02-28 01:19:10 [http-nio-8080-exec-3] INFO  c.d.dineo.common.util.GeocodingUtil - ✅ Address is already coordinates: [48.990280170713675, 2.0652013945627465]
2026-02-28 01:19:10 [http-nio-8080-exec-3] INFO  c.d.d.p.c.PublicPlatController - ✅ Geocoded to: [48.990280170713675, 2.0652013945627465]
2026-02-28 01:19:10 [http-nio-8080-exec-3] INFO  c.d.d.p.c.PublicPlatController - ✅ Distance calculated for plat Kouskous tunisien: 1499.1 km
2026-02-28 01:19:10 [http-nio-8080-exec-10] INFO  c.d.d.p.c.PublicPlatController - 📍 Geocoding address for chef 51438312-db03-469c-b476-e4511f8e8e67: 48.990280170713675, 2.0652013945627465
2026-02-28 01:19:10 [http-nio-8080-exec-10] INFO  c.d.dineo.common.util.GeocodingUtil - 📍 Parsed coordinates from address: [48.990280170713675, 2.0652013945627465]
2026-02-28 01:19:10 [http-nio-8080-exec-10] INFO  c.d.dineo.common.util.GeocodingUtil - ✅ Address is already coordinates: [48.990280170713675, 2.0652013945627465]
2026-02-28 01:19:10 [http-nio-8080-exec-10] INFO  c.d.d.p.c.PublicPlatController - ✅ Geocoded to: [48.990280170713675, 2.0652013945627465]
2026-02-28 01:19:10 [http-nio-8080-exec-10] INFO  c.d.d.p.c.PublicPlatController - ✅ Distance calculated for plat Kouskous tunisien: 1499.1 km
2026-02-28 01:19:10 [http-nio-8080-exec-3] INFO  c.d.d.p.c.PublicPlatController - 🔍 addDistanceToResponse called for plat: Sushi
2026-02-28 01:19:10 [http-nio-8080-exec-10] INFO  c.d.d.p.c.PublicPlatController - 🔍 addDistanceToResponse called for plat: Sushi
2026-02-28 01:19:10 [http-nio-8080-exec-3] INFO  c.d.d.p.c.PublicPlatController - 📍 Geocoding address for chef 51438312-db03-469c-b476-e4511f8e8e67: 48.990280170713675, 2.0652013945627465
2026-02-28 01:19:10 [http-nio-8080-exec-3] INFO  c.d.dineo.common.util.GeocodingUtil - 📍 Parsed coordinates from address: [48.990280170713675, 2.0652013945627465]
2026-02-28 01:19:10 [http-nio-8080-exec-3] INFO  c.d.dineo.common.util.GeocodingUtil - ✅ Address is already coordinates: [48.990280170713675, 2.0652013945627465]
2026-02-28 01:19:10 [http-nio-8080-exec-3] INFO  c.d.d.p.c.PublicPlatController - ✅ Geocoded to: [48.990280170713675, 2.0652013945627465]
2026-02-28 01:19:10 [http-nio-8080-exec-3] INFO  c.d.d.p.c.PublicPlatController - ✅ Distance calculated for plat Sushi: 1499.1 km
2026-02-28 01:19:11 [http-nio-8080-exec-10] INFO  c.d.d.p.c.PublicPlatController - 📍 Geocoding address for chef 51438312-db03-469c-b476-e4511f8e8e67: 48.990280170713675, 2.0652013945627465
2026-02-28 01:19:11 [http-nio-8080-exec-10] INFO  c.d.dineo.common.util.GeocodingUtil - 📍 Parsed coordinates from address: [48.990280170713675, 2.0652013945627465]
2026-02-28 01:19:11 [http-nio-8080-exec-10] INFO  c.d.dineo.common.util.GeocodingUtil - ✅ Address is already coordinates: [48.990280170713675, 2.0652013945627465]
2026-02-28 01:19:11 [http-nio-8080-exec-10] INFO  c.d.d.p.c.PublicPlatController - ✅ Geocoded to: [48.990280170713675, 2.0652013945627465]
2026-02-28 01:19:11 [http-nio-8080-exec-10] INFO  c.d.d.p.c.PublicPlatController - ✅ Distance calculated for plat Sushi: 1499.1 km
2026-02-28 01:19:11 [http-nio-8080-exec-3] INFO  c.d.d.p.c.PublicPlatController - 🔍 addDistanceToResponse called for plat: Salade César
2026-02-28 01:19:11 [http-nio-8080-exec-10] INFO  c.d.d.p.c.PublicPlatController - 🔍 addDistanceToResponse called for plat: Salade César
2026-02-28 01:19:11 [http-nio-8080-exec-3] INFO  c.d.d.p.c.PublicPlatController - 📍 Geocoding address for chef 51438312-db03-469c-b476-e4511f8e8e67: 48.990280170713675, 2.0652013945627465
2026-02-28 01:19:11 [http-nio-8080-exec-3] INFO  c.d.dineo.common.util.GeocodingUtil - 📍 Parsed coordinates from address: [48.990280170713675, 2.0652013945627465]
2026-02-28 01:19:11 [http-nio-8080-exec-3] INFO  c.d.dineo.common.util.GeocodingUtil - ✅ Address is already coordinates: [48.990280170713675, 2.0652013945627465]
2026-02-28 01:19:11 [http-nio-8080-exec-3] INFO  c.d.d.p.c.PublicPlatController - ✅ Geocoded to: [48.990280170713675, 2.0652013945627465]
2026-02-28 01:19:11 [http-nio-8080-exec-3] INFO  c.d.d.p.c.PublicPlatController - ✅ Distance calculated for plat Salade César: 1499.1 km
2026-02-28 01:19:11 [http-nio-8080-exec-10] INFO  c.d.d.p.c.PublicPlatController - 📍 Geocoding address for chef 51438312-db03-469c-b476-e4511f8e8e67: 48.990280170713675, 2.0652013945627465
2026-02-28 01:19:11 [http-nio-8080-exec-10] INFO  c.d.dineo.common.util.GeocodingUtil - 📍 Parsed coordinates from address: [48.990280170713675, 2.0652013945627465]
2026-02-28 01:19:11 [http-nio-8080-exec-10] INFO  c.d.dineo.common.util.GeocodingUtil - ✅ Address is already coordinates: [48.990280170713675, 2.0652013945627465]
2026-02-28 01:19:11 [http-nio-8080-exec-10] INFO  c.d.d.p.c.PublicPlatController - ✅ Geocoded to: [48.990280170713675, 2.0652013945627465]
2026-02-28 01:19:11 [http-nio-8080-exec-10] INFO  c.d.d.p.c.PublicPlatController - ✅ Distance calculated for plat Salade César: 1499.1 km
2026-02-28 01:19:12 [http-nio-8080-exec-3] INFO  c.d.d.p.c.PublicPlatController - 🔍 addDistanceToResponse called for plat: Pizza
2026-02-28 01:19:12 [http-nio-8080-exec-10] INFO  c.d.d.p.c.PublicPlatController - 🔍 addDistanceToResponse called for plat: Pizza
2026-02-28 01:19:12 [http-nio-8080-exec-3] INFO  c.d.d.p.c.PublicPlatController - 📍 Geocoding address for chef 51438312-db03-469c-b476-e4511f8e8e67: 48.990280170713675, 2.0652013945627465
2026-02-28 01:19:12 [http-nio-8080-exec-3] INFO  c.d.dineo.common.util.GeocodingUtil - 📍 Parsed coordinates from address: [48.990280170713675, 2.0652013945627465]
2026-02-28 01:19:12 [http-nio-8080-exec-3] INFO  c.d.dineo.common.util.GeocodingUtil - ✅ Address is already coordinates: [48.990280170713675, 2.0652013945627465]
2026-02-28 01:19:12 [http-nio-8080-exec-3] INFO  c.d.d.p.c.PublicPlatController - ✅ Geocoded to: [48.990280170713675, 2.0652013945627465]
2026-02-28 01:19:12 [http-nio-8080-exec-3] INFO  c.d.d.p.c.PublicPlatController - ✅ Distance calculated for plat Pizza: 1499.1 km
2026-02-28 01:19:12 [http-nio-8080-exec-10] INFO  c.d.d.p.c.PublicPlatController - 📍 Geocoding address for chef 51438312-db03-469c-b476-e4511f8e8e67: 48.990280170713675, 2.0652013945627465
2026-02-28 01:19:12 [http-nio-8080-exec-10] INFO  c.d.dineo.common.util.GeocodingUtil - 📍 Parsed coordinates from address: [48.990280170713675, 2.0652013945627465]
2026-02-28 01:19:12 [http-nio-8080-exec-10] INFO  c.d.dineo.common.util.GeocodingUtil - ✅ Address is already coordinates: [48.990280170713675, 2.0652013945627465]
2026-02-28 01:19:12 [http-nio-8080-exec-10] INFO  c.d.d.p.c.PublicPlatController - ✅ Geocoded to: [48.990280170713675, 2.0652013945627465]
2026-02-28 01:19:12 [http-nio-8080-exec-10] INFO  c.d.d.p.c.PublicPlatController - ✅ Distance calculated for plat Pizza: 1499.1 km
2026-02-28 01:19:13 [http-nio-8080-exec-3] INFO  c.d.d.p.c.PublicPlatController - 🔍 addDistanceToResponse called for plat: Plat fruit de mer
2026-02-28 01:19:13 [http-nio-8080-exec-10] INFO  c.d.d.p.c.PublicPlatController - 🔍 addDistanceToResponse called for plat: Plat fruit de mer
2026-02-28 01:19:13 [http-nio-8080-exec-3] INFO  c.d.d.p.c.PublicPlatController - 📍 Geocoding address for chef 51438312-db03-469c-b476-e4511f8e8e67: 48.990280170713675, 2.0652013945627465
2026-02-28 01:19:13 [http-nio-8080-exec-3] INFO  c.d.dineo.common.util.GeocodingUtil - 📍 Parsed coordinates from address: [48.990280170713675, 2.0652013945627465]
2026-02-28 01:19:13 [http-nio-8080-exec-3] INFO  c.d.dineo.common.util.GeocodingUtil - ✅ Address is already coordinates: [48.990280170713675, 2.0652013945627465]
2026-02-28 01:19:13 [http-nio-8080-exec-3] INFO  c.d.d.p.c.PublicPlatController - ✅ Geocoded to: [48.990280170713675, 2.0652013945627465]
2026-02-28 01:19:13 [http-nio-8080-exec-3] INFO  c.d.d.p.c.PublicPlatController - ✅ Distance calculated for plat Plat fruit de mer: 1499.1 km
2026-02-28 01:19:13 [http-nio-8080-exec-10] INFO  c.d.d.p.c.PublicPlatController - 📍 Geocoding address for chef 51438312-db03-469c-b476-e4511f8e8e67: 48.990280170713675, 2.0652013945627465
2026-02-28 01:19:13 [http-nio-8080-exec-10] INFO  c.d.dineo.common.util.GeocodingUtil - 📍 Parsed coordinates from address: [48.990280170713675, 2.0652013945627465]
2026-02-28 01:19:13 [http-nio-8080-exec-10] INFO  c.d.dineo.common.util.GeocodingUtil - ✅ Address is already coordinates: [48.990280170713675, 2.0652013945627465]
2026-02-28 01:19:13 [http-nio-8080-exec-10] INFO  c.d.d.p.c.PublicPlatController - ✅ Geocoded to: [48.990280170713675, 2.0652013945627465]
2026-02-28 01:19:13 [http-nio-8080-exec-10] INFO  c.d.d.p.c.PublicPlatController - ✅ Distance calculated for plat Plat fruit de mer: 1499.1 km
2026-02-28 01:19:13 [http-nio-8080-exec-3] INFO  c.d.d.p.c.PublicPlatController - 🔍 addDistanceToResponse called for plat: Par-là
2026-02-28 01:19:14 [http-nio-8080-exec-10] INFO  c.d.d.p.c.PublicPlatController - 🔍 addDistanceToResponse called for plat: Par-là
2026-02-28 01:19:14 [http-nio-8080-exec-3] INFO  c.d.d.p.c.PublicPlatController - 📍 Geocoding address for chef 51438312-db03-469c-b476-e4511f8e8e67: 48.990280170713675, 2.0652013945627465
2026-02-28 01:19:14 [http-nio-8080-exec-3] INFO  c.d.dineo.common.util.GeocodingUtil - 📍 Parsed coordinates from address: [48.990280170713675, 2.0652013945627465]
2026-02-28 01:19:14 [http-nio-8080-exec-3] INFO  c.d.dineo.common.util.GeocodingUtil - ✅ Address is already coordinates: [48.990280170713675, 2.0652013945627465]
2026-02-28 01:19:14 [http-nio-8080-exec-3] INFO  c.d.d.p.c.PublicPlatController - ✅ Geocoded to: [48.990280170713675, 2.0652013945627465]
2026-02-28 01:19:14 [http-nio-8080-exec-3] INFO  c.d.d.p.c.PublicPlatController - ✅ Distance calculated for plat Par-là: 1499.1 km
2026-02-28 01:19:14 [http-nio-8080-exec-3] INFO  c.d.d.p.c.PublicPlatController - After all filters: 1 plats remaining
2026-02-28 01:19:14 [http-nio-8080-exec-3] INFO  c.d.d.p.c.PublicPlatController - Search returned 1 total results, page 1/1
2026-02-28 01:19:14 [http-nio-8080-exec-10] INFO  c.d.d.p.c.PublicPlatController - 📍 Geocoding address for chef 51438312-db03-469c-b476-e4511f8e8e67: 48.990280170713675, 2.0652013945627465
2026-02-28 01:19:14 [http-nio-8080-exec-10] INFO  c.d.dineo.common.util.GeocodingUtil - 📍 Parsed coordinates from address: [48.990280170713675, 2.0652013945627465]
2026-02-28 01:19:14 [http-nio-8080-exec-10] INFO  c.d.dineo.common.util.GeocodingUtil - ✅ Address is already coordinates: [48.990280170713675, 2.0652013945627465]
2026-02-28 01:19:14 [http-nio-8080-exec-10] INFO  c.d.d.p.c.PublicPlatController - ✅ Geocoded to: [48.990280170713675, 2.0652013945627465]
2026-02-28 01:19:14 [http-nio-8080-exec-10] INFO  c.d.d.p.c.PublicPlatController - ✅ Distance calculated for plat Par-là: 1499.1 km
2026-02-28 01:19:14 [http-nio-8080-exec-10] INFO  c.d.d.p.c.PublicPlatController - After all filters: 1 plats remaining
2026-02-28 01:19:14 [http-nio-8080-exec-10] INFO  c.d.d.p.c.PublicPlatController - Search returned 1 total results, page 1/1
2026-02-28 01:19:19 [http-nio-8080-exec-2] INFO  c.d.d.c.c.PublicChefController - 🚨🚨🚨 CHEF ENDPOINT CALLED - lat: 36.86185454999997, lon: 10.162940019999994, radius: 30.0 km, page: 0, pageSize: 12
2026-02-28 01:19:19 [http-nio-8080-exec-4] INFO  c.d.d.c.c.PublicChefController - 🚨🚨🚨 CHEF ENDPOINT CALLED - lat: 36.86185454999997, lon: 10.162940019999994, radius: 30.0 km, page: 0, pageSize: 12
2026-02-28 01:19:19 [http-nio-8080-exec-2] INFO  c.d.d.c.c.PublicChefController - Get nearby chefs request received for location (36.86185454999997, 10.162940019999994) within 30.0 km
2026-02-28 01:19:19 [http-nio-8080-exec-4] INFO  c.d.d.c.c.PublicChefController - Get nearby chefs request received for location (36.86185454999997, 10.162940019999994) within 30.0 km
2026-02-28 01:19:20 [http-nio-8080-exec-2] INFO  c.d.d.c.c.PublicChefController - Found 6 PROVIDER users
2026-02-28 01:19:20 [http-nio-8080-exec-4] INFO  c.d.d.c.c.PublicChefController - Found 6 PROVIDER users
2026-02-28 01:19:20 [http-nio-8080-exec-2] INFO  c.d.d.c.c.PublicChefController - Retrieved 3 chef users from database
2026-02-28 01:19:20 [http-nio-8080-exec-4] INFO  c.d.d.c.c.PublicChefController - Retrieved 3 chef users from database
2026-02-28 01:19:20 [http-nio-8080-exec-2] INFO  c.d.d.c.c.PublicChefController - 📍 Adding distance for chef 2b9ae655-331b-44dd-a316-505318613279 at address: 36.86798171618947, 10.170494516278797
2026-02-28 01:19:20 [http-nio-8080-exec-2] INFO  c.d.d.c.c.PublicChefController - 📍 Adding distance for chef 2b9ae655-331b-44dd-a316-505318613279 at address: 36.86798171618947, 10.170494516278797
2026-02-28 01:19:20 [http-nio-8080-exec-2] INFO  c.d.dineo.common.util.GeocodingUtil - 📍 Parsed coordinates from address: [36.86798171618947, 10.170494516278797]
2026-02-28 01:19:20 [http-nio-8080-exec-2] INFO  c.d.dineo.common.util.GeocodingUtil - ✅ Address is already coordinates: [36.86798171618947, 10.170494516278797]
2026-02-28 01:19:20 [http-nio-8080-exec-2] INFO  c.d.d.c.c.PublicChefController - 📏 Distance calculated: 1.0 km
2026-02-28 01:19:20 [http-nio-8080-exec-2] INFO  c.d.d.c.c.PublicChefController - 📏 Distance calculated: 1.0 km
2026-02-28 01:19:20 [http-nio-8080-exec-4] INFO  c.d.d.c.c.PublicChefController - 📍 Adding distance for chef 2b9ae655-331b-44dd-a316-505318613279 at address: 36.86798171618947, 10.170494516278797
2026-02-28 01:19:20 [http-nio-8080-exec-4] INFO  c.d.d.c.c.PublicChefController - 📍 Adding distance for chef 2b9ae655-331b-44dd-a316-505318613279 at address: 36.86798171618947, 10.170494516278797
2026-02-28 01:19:20 [http-nio-8080-exec-4] INFO  c.d.dineo.common.util.GeocodingUtil - 📍 Parsed coordinates from address: [36.86798171618947, 10.170494516278797]
2026-02-28 01:19:20 [http-nio-8080-exec-4] INFO  c.d.dineo.common.util.GeocodingUtil - ✅ Address is already coordinates: [36.86798171618947, 10.170494516278797]
2026-02-28 01:19:20 [http-nio-8080-exec-4] INFO  c.d.d.c.c.PublicChefController - 📏 Distance calculated: 1.0 km
2026-02-28 01:19:20 [http-nio-8080-exec-4] INFO  c.d.d.c.c.PublicChefController - 📏 Distance calculated: 1.0 km
2026-02-28 01:19:20 [http-nio-8080-exec-2] INFO  c.d.d.c.c.PublicChefController - 📍 Adding distance for chef 51438312-db03-469c-b476-e4511f8e8e67 at address: 48.990280170713675, 2.0652013945627465
2026-02-28 01:19:20 [http-nio-8080-exec-2] INFO  c.d.d.c.c.PublicChefController - 📍 Adding distance for chef 51438312-db03-469c-b476-e4511f8e8e67 at address: 48.990280170713675, 2.0652013945627465
2026-02-28 01:19:20 [http-nio-8080-exec-2] INFO  c.d.dineo.common.util.GeocodingUtil - 📍 Parsed coordinates from address: [48.990280170713675, 2.0652013945627465]
2026-02-28 01:19:20 [http-nio-8080-exec-2] INFO  c.d.dineo.common.util.GeocodingUtil - ✅ Address is already coordinates: [48.990280170713675, 2.0652013945627465]
2026-02-28 01:19:20 [http-nio-8080-exec-2] INFO  c.d.d.c.c.PublicChefController - 📏 Distance calculated: 1499.1 km
2026-02-28 01:19:20 [http-nio-8080-exec-2] INFO  c.d.d.c.c.PublicChefController - 📏 Distance calculated: 1499.1 km
2026-02-28 01:19:20 [http-nio-8080-exec-4] INFO  c.d.d.c.c.PublicChefController - 📍 Adding distance for chef 51438312-db03-469c-b476-e4511f8e8e67 at address: 48.990280170713675, 2.0652013945627465
2026-02-28 01:19:20 [http-nio-8080-exec-4] INFO  c.d.d.c.c.PublicChefController - 📍 Adding distance for chef 51438312-db03-469c-b476-e4511f8e8e67 at address: 48.990280170713675, 2.0652013945627465
2026-02-28 01:19:20 [http-nio-8080-exec-4] INFO  c.d.dineo.common.util.GeocodingUtil - 📍 Parsed coordinates from address: [48.990280170713675, 2.0652013945627465]
2026-02-28 01:19:20 [http-nio-8080-exec-4] INFO  c.d.dineo.common.util.GeocodingUtil - ✅ Address is already coordinates: [48.990280170713675, 2.0652013945627465]
2026-02-28 01:19:20 [http-nio-8080-exec-4] INFO  c.d.d.c.c.PublicChefController - 📏 Distance calculated: 1499.1 km
2026-02-28 01:19:20 [http-nio-8080-exec-4] INFO  c.d.d.c.c.PublicChefController - 📏 Distance calculated: 1499.1 km
2026-02-28 01:19:20 [http-nio-8080-exec-2] INFO  c.d.d.c.c.PublicChefController - 📍 Adding distance for chef 8b1c9d91-8d1d-43e8-ab9f-904a95c1b8d4 at address: 48.98818216984314, 2.0658558535655827
2026-02-28 01:19:20 [http-nio-8080-exec-4] INFO  c.d.d.c.c.PublicChefController - 📍 Adding distance for chef 8b1c9d91-8d1d-43e8-ab9f-904a95c1b8d4 at address: 48.98818216984314, 2.0658558535655827
2026-02-28 01:19:20 [http-nio-8080-exec-2] INFO  c.d.d.c.c.PublicChefController - 📍 Adding distance for chef 8b1c9d91-8d1d-43e8-ab9f-904a95c1b8d4 at address: 48.98818216984314, 2.0658558535655827
2026-02-28 01:19:20 [http-nio-8080-exec-4] INFO  c.d.d.c.c.PublicChefController - 📍 Adding distance for chef 8b1c9d91-8d1d-43e8-ab9f-904a95c1b8d4 at address: 48.98818216984314, 2.0658558535655827
2026-02-28 01:19:20 [http-nio-8080-exec-4] INFO  c.d.dineo.common.util.GeocodingUtil - 📍 Parsed coordinates from address: [48.98818216984314, 2.0658558535655827]
2026-02-28 01:19:20 [http-nio-8080-exec-2] INFO  c.d.dineo.common.util.GeocodingUtil - 📍 Parsed coordinates from address: [48.98818216984314, 2.0658558535655827]
2026-02-28 01:19:20 [http-nio-8080-exec-4] INFO  c.d.dineo.common.util.GeocodingUtil - ✅ Address is already coordinates: [48.98818216984314, 2.0658558535655827]
2026-02-28 01:19:20 [http-nio-8080-exec-2] INFO  c.d.dineo.common.util.GeocodingUtil - ✅ Address is already coordinates: [48.98818216984314, 2.0658558535655827]
2026-02-28 01:19:20 [http-nio-8080-exec-4] INFO  c.d.d.c.c.PublicChefController - 📏 Distance calculated: 1498.9 km
2026-02-28 01:19:20 [http-nio-8080-exec-2] INFO  c.d.d.c.c.PublicChefController - 📏 Distance calculated: 1498.9 km
2026-02-28 01:19:20 [http-nio-8080-exec-4] INFO  c.d.d.c.c.PublicChefController - 📏 Distance calculated: 1498.9 km
2026-02-28 01:19:20 [http-nio-8080-exec-2] INFO  c.d.d.c.c.PublicChefController - 📏 Distance calculated: 1498.9 km
2026-02-28 01:19:20 [http-nio-8080-exec-4] INFO  c.d.d.c.c.PublicChefController - Found 1 chefs within 30.0 km radius
2026-02-28 01:19:20 [http-nio-8080-exec-2] INFO  c.d.d.c.c.PublicChefController - Found 1 chefs within 30.0 km radius
2026-02-28 01:19:20 [http-nio-8080-exec-4] INFO  c.d.d.c.c.PublicChefController - Successfully retrieved 1 nearby chefs (page 1/1)
2026-02-28 01:19:20 [http-nio-8080-exec-2] INFO  c.d.d.c.c.PublicChefController - Successfully retrieved 1 nearby chefs (page 1/1)
2026-02-28 01:20:32 [http-nio-8080-exec-3] INFO  c.d.d.c.c.PublicChefController - 🚨🚨🚨 CHEF ENDPOINT CALLED - lat: 36.86185454999997, lon: 10.162940019999994, radius: 30.0 km, page: 0, pageSize: 12
2026-02-28 01:20:32 [http-nio-8080-exec-3] INFO  c.d.d.c.c.PublicChefController - Get nearby chefs request received for location (36.86185454999997, 10.162940019999994) within 30.0 km
2026-02-28 01:20:32 [http-nio-8080-exec-3] INFO  c.d.d.c.c.PublicChefController - Found 6 PROVIDER users
2026-02-28 01:20:32 [http-nio-8080-exec-3] INFO  c.d.d.c.c.PublicChefController - Retrieved 3 chef users from database
2026-02-28 01:20:32 [http-nio-8080-exec-3] INFO  c.d.d.c.c.PublicChefController - 📍 Adding distance for chef 2b9ae655-331b-44dd-a316-505318613279 at address: 36.86798171618947, 10.170494516278797
2026-02-28 01:20:32 [http-nio-8080-exec-3] INFO  c.d.d.c.c.PublicChefController - 📍 Adding distance for chef 2b9ae655-331b-44dd-a316-505318613279 at address: 36.86798171618947, 10.170494516278797
2026-02-28 01:20:32 [http-nio-8080-exec-3] INFO  c.d.dineo.common.util.GeocodingUtil - 📍 Parsed coordinates from address: [36.86798171618947, 10.170494516278797]
2026-02-28 01:20:32 [http-nio-8080-exec-3] INFO  c.d.dineo.common.util.GeocodingUtil - ✅ Address is already coordinates: [36.86798171618947, 10.170494516278797]
2026-02-28 01:20:32 [http-nio-8080-exec-3] INFO  c.d.d.c.c.PublicChefController - 📏 Distance calculated: 1.0 km
2026-02-28 01:20:32 [http-nio-8080-exec-3] INFO  c.d.d.c.c.PublicChefController - 📏 Distance calculated: 1.0 km
2026-02-28 01:20:32 [http-nio-8080-exec-3] INFO  c.d.d.c.c.PublicChefController - 📍 Adding distance for chef 51438312-db03-469c-b476-e4511f8e8e67 at address: 48.990280170713675, 2.0652013945627465
2026-02-28 01:20:32 [http-nio-8080-exec-3] INFO  c.d.d.c.c.PublicChefController - 📍 Adding distance for chef 51438312-db03-469c-b476-e4511f8e8e67 at address: 48.990280170713675, 2.0652013945627465
2026-02-28 01:20:32 [http-nio-8080-exec-3] INFO  c.d.dineo.common.util.GeocodingUtil - 📍 Parsed coordinates from address: [48.990280170713675, 2.0652013945627465]
2026-02-28 01:20:32 [http-nio-8080-exec-3] INFO  c.d.dineo.common.util.GeocodingUtil - ✅ Address is already coordinates: [48.990280170713675, 2.0652013945627465]
2026-02-28 01:20:32 [http-nio-8080-exec-3] INFO  c.d.d.c.c.PublicChefController - 📏 Distance calculated: 1499.1 km
2026-02-28 01:20:32 [http-nio-8080-exec-3] INFO  c.d.d.c.c.PublicChefController - 📏 Distance calculated: 1499.1 km
2026-02-28 01:20:32 [http-nio-8080-exec-3] INFO  c.d.d.c.c.PublicChefController - 📍 Adding distance for chef 8b1c9d91-8d1d-43e8-ab9f-904a95c1b8d4 at address: 48.98818216984314, 2.0658558535655827
2026-02-28 01:20:32 [http-nio-8080-exec-3] INFO  c.d.d.c.c.PublicChefController - 📍 Adding distance for chef 8b1c9d91-8d1d-43e8-ab9f-904a95c1b8d4 at address: 48.98818216984314, 2.0658558535655827
2026-02-28 01:20:32 [http-nio-8080-exec-3] INFO  c.d.dineo.common.util.GeocodingUtil - 📍 Parsed coordinates from address: [48.98818216984314, 2.0658558535655827]
2026-02-28 01:20:32 [http-nio-8080-exec-3] INFO  c.d.dineo.common.util.GeocodingUtil - ✅ Address is already coordinates: [48.98818216984314, 2.0658558535655827]
2026-02-28 01:20:32 [http-nio-8080-exec-3] INFO  c.d.d.c.c.PublicChefController - 📏 Distance calculated: 1498.9 km
2026-02-28 01:20:32 [http-nio-8080-exec-3] INFO  c.d.d.c.c.PublicChefController - 📏 Distance calculated: 1498.9 km
2026-02-28 01:20:32 [http-nio-8080-exec-3] INFO  c.d.d.c.c.PublicChefController - Found 1 chefs within 30.0 km radius
2026-02-28 01:20:32 [http-nio-8080-exec-3] INFO  c.d.d.c.c.PublicChefController - Successfully retrieved 1 nearby chefs (page 1/1)
2026-02-28 01:20:44 [http-nio-8080-exec-10] INFO  c.d.d.c.c.PublicChefController - 🚨🚨🚨 CHEF ENDPOINT CALLED - lat: 36.86185454999997, lon: 10.162940019999994, radius: 30.0 km, page: 0, pageSize: 12
2026-02-28 01:20:44 [http-nio-8080-exec-10] INFO  c.d.d.c.c.PublicChefController - Get nearby chefs request received for location (36.86185454999997, 10.162940019999994) within 30.0 km
2026-02-28 01:20:44 [http-nio-8080-exec-10] INFO  c.d.d.c.c.PublicChefController - Found 6 PROVIDER users
2026-02-28 01:20:45 [http-nio-8080-exec-10] INFO  c.d.d.c.c.PublicChefController - Retrieved 3 chef users from database
2026-02-28 01:20:45 [http-nio-8080-exec-10] INFO  c.d.d.c.c.PublicChefController - 📍 Adding distance for chef 2b9ae655-331b-44dd-a316-505318613279 at address: 36.86798171618947, 10.170494516278797
2026-02-28 01:20:45 [http-nio-8080-exec-10] INFO  c.d.d.c.c.PublicChefController - 📍 Adding distance for chef 2b9ae655-331b-44dd-a316-505318613279 at address: 36.86798171618947, 10.170494516278797
2026-02-28 01:20:45 [http-nio-8080-exec-10] INFO  c.d.dineo.common.util.GeocodingUtil - 📍 Parsed coordinates from address: [36.86798171618947, 10.170494516278797]
2026-02-28 01:20:45 [http-nio-8080-exec-10] INFO  c.d.dineo.common.util.GeocodingUtil - ✅ Address is already coordinates: [36.86798171618947, 10.170494516278797]
2026-02-28 01:20:45 [http-nio-8080-exec-10] INFO  c.d.d.c.c.PublicChefController - 📏 Distance calculated: 1.0 km
2026-02-28 01:20:45 [http-nio-8080-exec-10] INFO  c.d.d.c.c.PublicChefController - 📏 Distance calculated: 1.0 km
2026-02-28 01:20:45 [http-nio-8080-exec-10] INFO  c.d.d.c.c.PublicChefController - 📍 Adding distance for chef 51438312-db03-469c-b476-e4511f8e8e67 at address: 48.990280170713675, 2.0652013945627465
2026-02-28 01:20:45 [http-nio-8080-exec-10] INFO  c.d.d.c.c.PublicChefController - 📍 Adding distance for chef 51438312-db03-469c-b476-e4511f8e8e67 at address: 48.990280170713675, 2.0652013945627465
2026-02-28 01:20:45 [http-nio-8080-exec-10] INFO  c.d.dineo.common.util.GeocodingUtil - 📍 Parsed coordinates from address: [48.990280170713675, 2.0652013945627465]
2026-02-28 01:20:45 [http-nio-8080-exec-10] INFO  c.d.dineo.common.util.GeocodingUtil - ✅ Address is already coordinates: [48.990280170713675, 2.0652013945627465]
2026-02-28 01:20:45 [http-nio-8080-exec-10] INFO  c.d.d.c.c.PublicChefController - 📏 Distance calculated: 1499.1 km
2026-02-28 01:20:45 [http-nio-8080-exec-10] INFO  c.d.d.c.c.PublicChefController - 📏 Distance calculated: 1499.1 km
2026-02-28 01:20:45 [http-nio-8080-exec-10] INFO  c.d.d.c.c.PublicChefController - 📍 Adding distance for chef 8b1c9d91-8d1d-43e8-ab9f-904a95c1b8d4 at address: 48.98818216984314, 2.0658558535655827
2026-02-28 01:20:45 [http-nio-8080-exec-10] INFO  c.d.d.c.c.PublicChefController - 📍 Adding distance for chef 8b1c9d91-8d1d-43e8-ab9f-904a95c1b8d4 at address: 48.98818216984314, 2.0658558535655827
2026-02-28 01:20:45 [http-nio-8080-exec-10] INFO  c.d.dineo.common.util.GeocodingUtil - 📍 Parsed coordinates from address: [48.98818216984314, 2.0658558535655827]
2026-02-28 01:20:45 [http-nio-8080-exec-10] INFO  c.d.dineo.common.util.GeocodingUtil - ✅ Address is already coordinates: [48.98818216984314, 2.0658558535655827]
2026-02-28 01:20:45 [http-nio-8080-exec-10] INFO  c.d.d.c.c.PublicChefController - 📏 Distance calculated: 1498.9 km
2026-02-28 01:20:45 [http-nio-8080-exec-10] INFO  c.d.d.c.c.PublicChefController - 📏 Distance calculated: 1498.9 km
2026-02-28 01:20:45 [http-nio-8080-exec-10] INFO  c.d.d.c.c.PublicChefController - Found 1 chefs within 30.0 km radius
2026-02-28 01:20:45 [http-nio-8080-exec-10] INFO  c.d.d.c.c.PublicChefController - Successfully retrieved 1 nearby chefs (page 1/1)
2026-02-28 01:24:00 [http-nio-8080-exec-4] INFO  c.d.d.c.c.PublicChefController - 🚨🚨🚨 CHEF ENDPOINT CALLED - lat: 48.8566, lon: 2.3522, radius: 100.0 km, page: 0, pageSize: 3
2026-02-28 01:24:00 [http-nio-8080-exec-4] INFO  c.d.d.c.c.PublicChefController - Get nearby chefs request received for location (48.8566, 2.3522) within 100.0 km
2026-02-28 01:24:00 [http-nio-8080-exec-4] INFO  c.d.d.c.c.PublicChefController - Found 6 PROVIDER users
2026-02-28 01:24:00 [http-nio-8080-exec-4] INFO  c.d.d.c.c.PublicChefController - Retrieved 3 chef users from database
2026-02-28 01:24:00 [http-nio-8080-exec-4] INFO  c.d.d.c.c.PublicChefController - 📍 Adding distance for chef 2b9ae655-331b-44dd-a316-505318613279 at address: 36.86798171618947, 10.170494516278797
2026-02-28 01:24:00 [http-nio-8080-exec-4] INFO  c.d.d.c.c.PublicChefController - 📍 Adding distance for chef 2b9ae655-331b-44dd-a316-505318613279 at address: 36.86798171618947, 10.170494516278797
2026-02-28 01:24:00 [http-nio-8080-exec-4] INFO  c.d.dineo.common.util.GeocodingUtil - 📍 Parsed coordinates from address: [36.86798171618947, 10.170494516278797]
2026-02-28 01:24:00 [http-nio-8080-exec-4] INFO  c.d.dineo.common.util.GeocodingUtil - ✅ Address is already coordinates: [36.86798171618947, 10.170494516278797]
2026-02-28 01:24:00 [http-nio-8080-exec-4] INFO  c.d.d.c.c.PublicChefController - 📏 Distance calculated: 1475.6 km
2026-02-28 01:24:00 [http-nio-8080-exec-4] INFO  c.d.d.c.c.PublicChefController - 📏 Distance calculated: 1475.6 km
2026-02-28 01:24:01 [http-nio-8080-exec-4] INFO  c.d.d.c.c.PublicChefController - 📍 Adding distance for chef 51438312-db03-469c-b476-e4511f8e8e67 at address: 48.990280170713675, 2.0652013945627465
2026-02-28 01:24:01 [http-nio-8080-exec-4] INFO  c.d.d.c.c.PublicChefController - 📍 Adding distance for chef 51438312-db03-469c-b476-e4511f8e8e67 at address: 48.990280170713675, 2.0652013945627465
2026-02-28 01:24:01 [http-nio-8080-exec-4] INFO  c.d.dineo.common.util.GeocodingUtil - 📍 Parsed coordinates from address: [48.990280170713675, 2.0652013945627465]
2026-02-28 01:24:01 [http-nio-8080-exec-4] INFO  c.d.dineo.common.util.GeocodingUtil - ✅ Address is already coordinates: [48.990280170713675, 2.0652013945627465]
2026-02-28 01:24:01 [http-nio-8080-exec-4] INFO  c.d.d.c.c.PublicChefController - 📏 Distance calculated: 25.7 km
2026-02-28 01:24:01 [http-nio-8080-exec-4] INFO  c.d.d.c.c.PublicChefController - 📏 Distance calculated: 25.7 km
2026-02-28 01:24:01 [http-nio-8080-exec-4] INFO  c.d.d.c.c.PublicChefController - 📍 Adding distance for chef 8b1c9d91-8d1d-43e8-ab9f-904a95c1b8d4 at address: 48.98818216984314, 2.0658558535655827
2026-02-28 01:24:01 [http-nio-8080-exec-4] INFO  c.d.d.c.c.PublicChefController - 📍 Adding distance for chef 8b1c9d91-8d1d-43e8-ab9f-904a95c1b8d4 at address: 48.98818216984314, 2.0658558535655827
2026-02-28 01:24:01 [http-nio-8080-exec-4] INFO  c.d.dineo.common.util.GeocodingUtil - 📍 Parsed coordinates from address: [48.98818216984314, 2.0658558535655827]
2026-02-28 01:24:01 [http-nio-8080-exec-4] INFO  c.d.dineo.common.util.GeocodingUtil - ✅ Address is already coordinates: [48.98818216984314, 2.0658558535655827]
2026-02-28 01:24:01 [http-nio-8080-exec-4] INFO  c.d.d.c.c.PublicChefController - 📏 Distance calculated: 25.5 km
2026-02-28 01:24:01 [http-nio-8080-exec-4] INFO  c.d.d.c.c.PublicChefController - 📏 Distance calculated: 25.5 km
2026-02-28 01:24:01 [http-nio-8080-exec-4] INFO  c.d.d.c.c.PublicChefController - Found 2 chefs within 100.0 km radius
2026-02-28 01:24:01 [http-nio-8080-exec-4] INFO  c.d.d.c.c.PublicChefController - Successfully retrieved 2 nearby chefs (page 1/1)
2026-02-28 01:24:10 [http-nio-8080-exec-9] INFO  c.d.d.p.c.PublicPlatController - Public request to get categories (location: 36.86185454999997, 10.162940019999994, radius: 30.0km)
2026-02-28 01:24:10 [http-nio-8080-exec-7] INFO  c.d.d.p.c.PublicPlatController - Public search request - query: null, category: null, maxCookTime: null, minRating: null, sortBy: newest, sortOrder: desc, location: 36.86185454999997, 10.162940019999994, radius: 30.0km, page: 1, pageSize: 12
2026-02-28 01:24:10 [http-nio-8080-exec-1] INFO  c.d.d.p.c.PublicPlatController - Public request to get categories (location: 36.86185454999997, 10.162940019999994, radius: 30.0km)
2026-02-28 01:24:10 [http-nio-8080-exec-6] INFO  c.d.d.p.c.PublicPlatController - Public search request - query: null, category: null, maxCookTime: null, minRating: null, sortBy: newest, sortOrder: desc, location: 36.86185454999997, 10.162940019999994, radius: 30.0km, page: 1, pageSize: 12
2026-02-28 01:24:10 [http-nio-8080-exec-9] INFO  c.d.d.p.c.PublicPlatController - Found 12 available plats before filtering
2026-02-28 01:24:10 [http-nio-8080-exec-7] INFO  c.d.d.p.c.PublicPlatController - Found 12 available plats in database
2026-02-28 01:24:10 [http-nio-8080-exec-6] INFO  c.d.d.p.c.PublicPlatController - Found 12 available plats in database
2026-02-28 01:24:10 [http-nio-8080-exec-1] INFO  c.d.d.p.c.PublicPlatController - Found 12 available plats before filtering
2026-02-28 01:24:11 [http-nio-8080-exec-1] INFO  c.d.dineo.common.util.GeocodingUtil - 📍 Parsed coordinates from address: [48.990280170713675, 2.0652013945627465]
2026-02-28 01:24:11 [http-nio-8080-exec-9] INFO  c.d.dineo.common.util.GeocodingUtil - 📍 Parsed coordinates from address: [48.990280170713675, 2.0652013945627465]
2026-02-28 01:24:11 [http-nio-8080-exec-1] INFO  c.d.dineo.common.util.GeocodingUtil - ✅ Address is already coordinates: [48.990280170713675, 2.0652013945627465]
2026-02-28 01:24:11 [http-nio-8080-exec-9] INFO  c.d.dineo.common.util.GeocodingUtil - ✅ Address is already coordinates: [48.990280170713675, 2.0652013945627465]
2026-02-28 01:24:11 [http-nio-8080-exec-9] INFO  c.d.dineo.common.util.GeocodingUtil - 📍 Parsed coordinates from address: [48.990280170713675, 2.0652013945627465]
2026-02-28 01:24:11 [http-nio-8080-exec-9] INFO  c.d.dineo.common.util.GeocodingUtil - ✅ Address is already coordinates: [48.990280170713675, 2.0652013945627465]
2026-02-28 01:24:11 [http-nio-8080-exec-6] INFO  c.d.d.p.c.PublicPlatController - 🔍 addDistanceToResponse called for plat: Noodels
2026-02-28 01:24:11 [http-nio-8080-exec-1] INFO  c.d.dineo.common.util.GeocodingUtil - 📍 Parsed coordinates from address: [48.990280170713675, 2.0652013945627465]
2026-02-28 01:24:11 [http-nio-8080-exec-1] INFO  c.d.dineo.common.util.GeocodingUtil - ✅ Address is already coordinates: [48.990280170713675, 2.0652013945627465]
2026-02-28 01:24:11 [http-nio-8080-exec-7] INFO  c.d.d.p.c.PublicPlatController - 🔍 addDistanceToResponse called for plat: Noodels
2026-02-28 01:24:12 [http-nio-8080-exec-6] INFO  c.d.d.p.c.PublicPlatController - 📍 Geocoding address for chef 51438312-db03-469c-b476-e4511f8e8e67: 48.990280170713675, 2.0652013945627465
2026-02-28 01:24:12 [http-nio-8080-exec-7] INFO  c.d.d.p.c.PublicPlatController - 📍 Geocoding address for chef 51438312-db03-469c-b476-e4511f8e8e67: 48.990280170713675, 2.0652013945627465
2026-02-28 01:24:12 [http-nio-8080-exec-6] INFO  c.d.dineo.common.util.GeocodingUtil - 📍 Parsed coordinates from address: [48.990280170713675, 2.0652013945627465]
2026-02-28 01:24:12 [http-nio-8080-exec-7] INFO  c.d.dineo.common.util.GeocodingUtil - 📍 Parsed coordinates from address: [48.990280170713675, 2.0652013945627465]
2026-02-28 01:24:12 [http-nio-8080-exec-6] INFO  c.d.dineo.common.util.GeocodingUtil - ✅ Address is already coordinates: [48.990280170713675, 2.0652013945627465]
2026-02-28 01:24:12 [http-nio-8080-exec-7] INFO  c.d.dineo.common.util.GeocodingUtil - ✅ Address is already coordinates: [48.990280170713675, 2.0652013945627465]
2026-02-28 01:24:12 [http-nio-8080-exec-6] INFO  c.d.d.p.c.PublicPlatController - ✅ Geocoded to: [48.990280170713675, 2.0652013945627465]
2026-02-28 01:24:12 [http-nio-8080-exec-7] INFO  c.d.d.p.c.PublicPlatController - ✅ Geocoded to: [48.990280170713675, 2.0652013945627465]
2026-02-28 01:24:12 [http-nio-8080-exec-6] INFO  c.d.d.p.c.PublicPlatController - ✅ Distance calculated for plat Noodels: 1499.1 km
2026-02-28 01:24:12 [http-nio-8080-exec-7] INFO  c.d.d.p.c.PublicPlatController - ✅ Distance calculated for plat Noodels: 1499.1 km
2026-02-28 01:24:12 [http-nio-8080-exec-3] INFO  c.d.d.p.c.PublicPlatController - Public request to get paginated plats with promotions (location: 36.86185454999997, 10.162940019999994, radius: 30.0km, page: 1, pageSize: 12)
2026-02-28 01:24:12 [http-nio-8080-exec-5] INFO  c.d.d.p.c.PublicPlatController - Public request to get paginated plats with promotions (location: 36.86185454999997, 10.162940019999994, radius: 30.0km, page: 1, pageSize: 12)
2026-02-28 01:24:12 [http-nio-8080-exec-1] INFO  c.d.dineo.common.util.GeocodingUtil - 📍 Parsed coordinates from address: [36.86798171618947, 10.170494516278797]
2026-02-28 01:24:12 [http-nio-8080-exec-1] INFO  c.d.dineo.common.util.GeocodingUtil - ✅ Address is already coordinates: [36.86798171618947, 10.170494516278797]
2026-02-28 01:24:12 [http-nio-8080-exec-9] INFO  c.d.dineo.common.util.GeocodingUtil - 📍 Parsed coordinates from address: [36.86798171618947, 10.170494516278797]
2026-02-28 01:24:12 [http-nio-8080-exec-9] INFO  c.d.dineo.common.util.GeocodingUtil - ✅ Address is already coordinates: [36.86798171618947, 10.170494516278797]
2026-02-28 01:24:12 [http-nio-8080-exec-5] INFO  c.d.d.p.c.PublicPlatController - Found 12 available plats in database
2026-02-28 01:24:12 [http-nio-8080-exec-3] INFO  c.d.d.p.c.PublicPlatController - Found 12 available plats in database
2026-02-28 01:24:12 [http-nio-8080-exec-9] INFO  c.d.dineo.common.util.GeocodingUtil - 📍 Parsed coordinates from address: [48.990280170713675, 2.0652013945627465]
2026-02-28 01:24:12 [http-nio-8080-exec-1] INFO  c.d.dineo.common.util.GeocodingUtil - 📍 Parsed coordinates from address: [48.990280170713675, 2.0652013945627465]
2026-02-28 01:24:12 [http-nio-8080-exec-1] INFO  c.d.dineo.common.util.GeocodingUtil - ✅ Address is already coordinates: [48.990280170713675, 2.0652013945627465]
2026-02-28 01:24:12 [http-nio-8080-exec-9] INFO  c.d.dineo.common.util.GeocodingUtil - ✅ Address is already coordinates: [48.990280170713675, 2.0652013945627465]
2026-02-28 01:24:13 [http-nio-8080-exec-6] INFO  c.d.d.p.c.PublicPlatController - 🔍 addDistanceToResponse called for plat: Fricassé
2026-02-28 01:24:13 [http-nio-8080-exec-7] INFO  c.d.d.p.c.PublicPlatController - 🔍 addDistanceToResponse called for plat: Fricassé
2026-02-28 01:24:13 [http-nio-8080-exec-9] INFO  c.d.dineo.common.util.GeocodingUtil - 📍 Parsed coordinates from address: [48.990280170713675, 2.0652013945627465]
2026-02-28 01:24:13 [http-nio-8080-exec-9] INFO  c.d.dineo.common.util.GeocodingUtil - ✅ Address is already coordinates: [48.990280170713675, 2.0652013945627465]
2026-02-28 01:24:13 [http-nio-8080-exec-1] INFO  c.d.dineo.common.util.GeocodingUtil - 📍 Parsed coordinates from address: [48.990280170713675, 2.0652013945627465]
2026-02-28 01:24:13 [http-nio-8080-exec-1] INFO  c.d.dineo.common.util.GeocodingUtil - ✅ Address is already coordinates: [48.990280170713675, 2.0652013945627465]
2026-02-28 01:24:13 [http-nio-8080-exec-5] INFO  c.d.d.p.c.PublicPlatController - After filtering: 0 plats with active promotions
2026-02-28 01:24:13 [http-nio-8080-exec-3] INFO  c.d.d.p.c.PublicPlatController - After filtering: 0 plats with active promotions
2026-02-28 01:24:13 [http-nio-8080-exec-5] INFO  c.d.d.p.c.PublicPlatController - Paginated promotions returned 0 total results, page 1/0
2026-02-28 01:24:13 [http-nio-8080-exec-3] INFO  c.d.d.p.c.PublicPlatController - Paginated promotions returned 0 total results, page 1/0
2026-02-28 01:24:13 [http-nio-8080-exec-2] INFO  c.d.d.c.c.PublicChefController - 🚨🚨🚨 CHEF ENDPOINT CALLED - lat: 36.86185454999997, lon: 10.162940019999994, radius: 30.0 km, page: 0, pageSize: 12
2026-02-28 01:24:13 [http-nio-8080-exec-2] INFO  c.d.d.c.c.PublicChefController - Get nearby chefs request received for location (36.86185454999997, 10.162940019999994) within 30.0 km
2026-02-28 01:24:13 [http-nio-8080-exec-10] INFO  c.d.d.c.c.PublicChefController - 🚨🚨🚨 CHEF ENDPOINT CALLED - lat: 36.86185454999997, lon: 10.162940019999994, radius: 30.0 km, page: 0, pageSize: 12
2026-02-28 01:24:13 [http-nio-8080-exec-10] INFO  c.d.d.c.c.PublicChefController - Get nearby chefs request received for location (36.86185454999997, 10.162940019999994) within 30.0 km
2026-02-28 01:24:13 [http-nio-8080-exec-6] INFO  c.d.d.p.c.PublicPlatController - 📍 Geocoding address for chef 51438312-db03-469c-b476-e4511f8e8e67: 48.990280170713675, 2.0652013945627465
2026-02-28 01:24:13 [http-nio-8080-exec-7] INFO  c.d.d.p.c.PublicPlatController - 📍 Geocoding address for chef 51438312-db03-469c-b476-e4511f8e8e67: 48.990280170713675, 2.0652013945627465
2026-02-28 01:24:13 [http-nio-8080-exec-6] INFO  c.d.dineo.common.util.GeocodingUtil - 📍 Parsed coordinates from address: [48.990280170713675, 2.0652013945627465]
2026-02-28 01:24:13 [http-nio-8080-exec-6] INFO  c.d.dineo.common.util.GeocodingUtil - ✅ Address is already coordinates: [48.990280170713675, 2.0652013945627465]
2026-02-28 01:24:13 [http-nio-8080-exec-7] INFO  c.d.dineo.common.util.GeocodingUtil - 📍 Parsed coordinates from address: [48.990280170713675, 2.0652013945627465]
2026-02-28 01:24:13 [http-nio-8080-exec-10] INFO  c.d.d.c.c.PublicChefController - Found 6 PROVIDER users
2026-02-28 01:24:13 [http-nio-8080-exec-7] INFO  c.d.dineo.common.util.GeocodingUtil - ✅ Address is already coordinates: [48.990280170713675, 2.0652013945627465]
2026-02-28 01:24:13 [http-nio-8080-exec-6] INFO  c.d.d.p.c.PublicPlatController - ✅ Geocoded to: [48.990280170713675, 2.0652013945627465]
2026-02-28 01:24:13 [http-nio-8080-exec-2] INFO  c.d.d.c.c.PublicChefController - Found 6 PROVIDER users
2026-02-28 01:24:13 [http-nio-8080-exec-6] INFO  c.d.d.p.c.PublicPlatController - ✅ Distance calculated for plat Fricassé: 1499.1 km
2026-02-28 01:24:13 [http-nio-8080-exec-7] INFO  c.d.d.p.c.PublicPlatController - ✅ Geocoded to: [48.990280170713675, 2.0652013945627465]
2026-02-28 01:24:13 [http-nio-8080-exec-7] INFO  c.d.d.p.c.PublicPlatController - ✅ Distance calculated for plat Fricassé: 1499.1 km
2026-02-28 01:24:13 [http-nio-8080-exec-9] INFO  c.d.dineo.common.util.GeocodingUtil - 📍 Parsed coordinates from address: [48.990280170713675, 2.0652013945627465]
2026-02-28 01:24:13 [http-nio-8080-exec-1] INFO  c.d.dineo.common.util.GeocodingUtil - 📍 Parsed coordinates from address: [48.990280170713675, 2.0652013945627465]
2026-02-28 01:24:13 [http-nio-8080-exec-9] INFO  c.d.dineo.common.util.GeocodingUtil - ✅ Address is already coordinates: [48.990280170713675, 2.0652013945627465]
2026-02-28 01:24:13 [http-nio-8080-exec-1] INFO  c.d.dineo.common.util.GeocodingUtil - ✅ Address is already coordinates: [48.990280170713675, 2.0652013945627465]
2026-02-28 01:24:13 [http-nio-8080-exec-2] INFO  c.d.d.c.c.PublicChefController - Retrieved 3 chef users from database
2026-02-28 01:24:13 [http-nio-8080-exec-9] INFO  c.d.dineo.common.util.GeocodingUtil - 📍 Parsed coordinates from address: [48.990280170713675, 2.0652013945627465]
2026-02-28 01:24:13 [http-nio-8080-exec-9] INFO  c.d.dineo.common.util.GeocodingUtil - ✅ Address is already coordinates: [48.990280170713675, 2.0652013945627465]
2026-02-28 01:24:13 [http-nio-8080-exec-1] INFO  c.d.dineo.common.util.GeocodingUtil - 📍 Parsed coordinates from address: [48.990280170713675, 2.0652013945627465]
2026-02-28 01:24:13 [http-nio-8080-exec-1] INFO  c.d.dineo.common.util.GeocodingUtil - ✅ Address is already coordinates: [48.990280170713675, 2.0652013945627465]
2026-02-28 01:24:13 [http-nio-8080-exec-10] INFO  c.d.d.c.c.PublicChefController - Retrieved 3 chef users from database
2026-02-28 01:24:14 [http-nio-8080-exec-2] INFO  c.d.d.c.c.PublicChefController - 📍 Adding distance for chef 2b9ae655-331b-44dd-a316-505318613279 at address: 36.86798171618947, 10.170494516278797
2026-02-28 01:24:14 [http-nio-8080-exec-10] INFO  c.d.d.c.c.PublicChefController - 📍 Adding distance for chef 2b9ae655-331b-44dd-a316-505318613279 at address: 36.86798171618947, 10.170494516278797
2026-02-28 01:24:14 [http-nio-8080-exec-10] INFO  c.d.d.c.c.PublicChefController - 📍 Adding distance for chef 2b9ae655-331b-44dd-a316-505318613279 at address: 36.86798171618947, 10.170494516278797
2026-02-28 01:24:14 [http-nio-8080-exec-2] INFO  c.d.d.c.c.PublicChefController - 📍 Adding distance for chef 2b9ae655-331b-44dd-a316-505318613279 at address: 36.86798171618947, 10.170494516278797
2026-02-28 01:24:14 [http-nio-8080-exec-10] INFO  c.d.dineo.common.util.GeocodingUtil - 📍 Parsed coordinates from address: [36.86798171618947, 10.170494516278797]
2026-02-28 01:24:14 [http-nio-8080-exec-10] INFO  c.d.dineo.common.util.GeocodingUtil - ✅ Address is already coordinates: [36.86798171618947, 10.170494516278797]
2026-02-28 01:24:14 [http-nio-8080-exec-10] INFO  c.d.d.c.c.PublicChefController - 📏 Distance calculated: 1.0 km
2026-02-28 01:24:14 [http-nio-8080-exec-10] INFO  c.d.d.c.c.PublicChefController - 📏 Distance calculated: 1.0 km
2026-02-28 01:24:14 [http-nio-8080-exec-2] INFO  c.d.dineo.common.util.GeocodingUtil - 📍 Parsed coordinates from address: [36.86798171618947, 10.170494516278797]
2026-02-28 01:24:14 [http-nio-8080-exec-2] INFO  c.d.dineo.common.util.GeocodingUtil - ✅ Address is already coordinates: [36.86798171618947, 10.170494516278797]
2026-02-28 01:24:14 [http-nio-8080-exec-2] INFO  c.d.d.c.c.PublicChefController - 📏 Distance calculated: 1.0 km
2026-02-28 01:24:14 [http-nio-8080-exec-2] INFO  c.d.d.c.c.PublicChefController - 📏 Distance calculated: 1.0 km
2026-02-28 01:24:14 [http-nio-8080-exec-2] INFO  c.d.d.c.c.PublicChefController - 📍 Adding distance for chef 51438312-db03-469c-b476-e4511f8e8e67 at address: 48.990280170713675, 2.0652013945627465
2026-02-28 01:24:14 [http-nio-8080-exec-10] INFO  c.d.d.c.c.PublicChefController - 📍 Adding distance for chef 51438312-db03-469c-b476-e4511f8e8e67 at address: 48.990280170713675, 2.0652013945627465
2026-02-28 01:24:14 [http-nio-8080-exec-10] INFO  c.d.d.c.c.PublicChefController - 📍 Adding distance for chef 51438312-db03-469c-b476-e4511f8e8e67 at address: 48.990280170713675, 2.0652013945627465
2026-02-28 01:24:14 [http-nio-8080-exec-2] INFO  c.d.d.c.c.PublicChefController - 📍 Adding distance for chef 51438312-db03-469c-b476-e4511f8e8e67 at address: 48.990280170713675, 2.0652013945627465
2026-02-28 01:24:14 [http-nio-8080-exec-10] INFO  c.d.dineo.common.util.GeocodingUtil - 📍 Parsed coordinates from address: [48.990280170713675, 2.0652013945627465]
2026-02-28 01:24:14 [http-nio-8080-exec-2] INFO  c.d.dineo.common.util.GeocodingUtil - 📍 Parsed coordinates from address: [48.990280170713675, 2.0652013945627465]
2026-02-28 01:24:14 [http-nio-8080-exec-10] INFO  c.d.dineo.common.util.GeocodingUtil - ✅ Address is already coordinates: [48.990280170713675, 2.0652013945627465]
2026-02-28 01:24:14 [http-nio-8080-exec-2] INFO  c.d.dineo.common.util.GeocodingUtil - ✅ Address is already coordinates: [48.990280170713675, 2.0652013945627465]
2026-02-28 01:24:14 [http-nio-8080-exec-10] INFO  c.d.d.c.c.PublicChefController - 📏 Distance calculated: 1499.1 km
2026-02-28 01:24:14 [http-nio-8080-exec-10] INFO  c.d.d.c.c.PublicChefController - 📏 Distance calculated: 1499.1 km
2026-02-28 01:24:14 [http-nio-8080-exec-2] INFO  c.d.d.c.c.PublicChefController - 📏 Distance calculated: 1499.1 km
2026-02-28 01:24:14 [http-nio-8080-exec-2] INFO  c.d.d.c.c.PublicChefController - 📏 Distance calculated: 1499.1 km
2026-02-28 01:24:14 [http-nio-8080-exec-7] INFO  c.d.d.p.c.PublicPlatController - 🔍 addDistanceToResponse called for plat: lasagne
2026-02-28 01:24:14 [http-nio-8080-exec-9] INFO  c.d.dineo.common.util.GeocodingUtil - 📍 Parsed coordinates from address: [48.990280170713675, 2.0652013945627465]
2026-02-28 01:24:14 [http-nio-8080-exec-6] INFO  c.d.d.p.c.PublicPlatController - 🔍 addDistanceToResponse called for plat: lasagne
2026-02-28 01:24:14 [http-nio-8080-exec-1] INFO  c.d.dineo.common.util.GeocodingUtil - 📍 Parsed coordinates from address: [48.990280170713675, 2.0652013945627465]
2026-02-28 01:24:14 [http-nio-8080-exec-9] INFO  c.d.dineo.common.util.GeocodingUtil - ✅ Address is already coordinates: [48.990280170713675, 2.0652013945627465]
2026-02-28 01:24:14 [http-nio-8080-exec-1] INFO  c.d.dineo.common.util.GeocodingUtil - ✅ Address is already coordinates: [48.990280170713675, 2.0652013945627465]
2026-02-28 01:24:14 [http-nio-8080-exec-2] INFO  c.d.d.c.c.PublicChefController - 📍 Adding distance for chef 8b1c9d91-8d1d-43e8-ab9f-904a95c1b8d4 at address: 48.98818216984314, 2.0658558535655827
2026-02-28 01:24:14 [http-nio-8080-exec-2] INFO  c.d.d.c.c.PublicChefController - 📍 Adding distance for chef 8b1c9d91-8d1d-43e8-ab9f-904a95c1b8d4 at address: 48.98818216984314, 2.0658558535655827
2026-02-28 01:24:14 [http-nio-8080-exec-2] INFO  c.d.dineo.common.util.GeocodingUtil - 📍 Parsed coordinates from address: [48.98818216984314, 2.0658558535655827]
2026-02-28 01:24:14 [http-nio-8080-exec-2] INFO  c.d.dineo.common.util.GeocodingUtil - ✅ Address is already coordinates: [48.98818216984314, 2.0658558535655827]
2026-02-28 01:24:14 [http-nio-8080-exec-2] INFO  c.d.d.c.c.PublicChefController - 📏 Distance calculated: 1498.9 km
2026-02-28 01:24:14 [http-nio-8080-exec-2] INFO  c.d.d.c.c.PublicChefController - 📏 Distance calculated: 1498.9 km
2026-02-28 01:24:14 [http-nio-8080-exec-2] INFO  c.d.d.c.c.PublicChefController - Found 1 chefs within 30.0 km radius
2026-02-28 01:24:14 [http-nio-8080-exec-2] INFO  c.d.d.c.c.PublicChefController - Successfully retrieved 1 nearby chefs (page 1/1)
2026-02-28 01:24:14 [http-nio-8080-exec-10] INFO  c.d.d.c.c.PublicChefController - 📍 Adding distance for chef 8b1c9d91-8d1d-43e8-ab9f-904a95c1b8d4 at address: 48.98818216984314, 2.0658558535655827
2026-02-28 01:24:14 [http-nio-8080-exec-10] INFO  c.d.d.c.c.PublicChefController - 📍 Adding distance for chef 8b1c9d91-8d1d-43e8-ab9f-904a95c1b8d4 at address: 48.98818216984314, 2.0658558535655827
2026-02-28 01:24:14 [http-nio-8080-exec-10] INFO  c.d.dineo.common.util.GeocodingUtil - 📍 Parsed coordinates from address: [48.98818216984314, 2.0658558535655827]
2026-02-28 01:24:14 [http-nio-8080-exec-10] INFO  c.d.dineo.common.util.GeocodingUtil - ✅ Address is already coordinates: [48.98818216984314, 2.0658558535655827]
2026-02-28 01:24:14 [http-nio-8080-exec-10] INFO  c.d.d.c.c.PublicChefController - 📏 Distance calculated: 1498.9 km
2026-02-28 01:24:14 [http-nio-8080-exec-10] INFO  c.d.d.c.c.PublicChefController - 📏 Distance calculated: 1498.9 km
2026-02-28 01:24:14 [http-nio-8080-exec-10] INFO  c.d.d.c.c.PublicChefController - Found 1 chefs within 30.0 km radius
2026-02-28 01:24:14 [http-nio-8080-exec-10] INFO  c.d.d.c.c.PublicChefController - Successfully retrieved 1 nearby chefs (page 1/1)
2026-02-28 01:24:14 [http-nio-8080-exec-4] INFO  c.d.d.c.c.PublicChefController - 🚨🚨🚨 CHEF ENDPOINT CALLED - lat: 36.86185454999997, lon: 10.162940019999994, radius: 30.0 km, page: 0, pageSize: 12
2026-02-28 01:24:14 [http-nio-8080-exec-4] INFO  c.d.d.c.c.PublicChefController - Get nearby chefs request received for location (36.86185454999997, 10.162940019999994) within 30.0 km
2026-02-28 01:24:15 [http-nio-8080-exec-4] INFO  c.d.d.c.c.PublicChefController - Found 6 PROVIDER users
2026-02-28 01:24:15 [http-nio-8080-exec-7] INFO  c.d.d.p.c.PublicPlatController - 📍 Geocoding address for chef 2b9ae655-331b-44dd-a316-505318613279: 36.86798171618947, 10.170494516278797
2026-02-28 01:24:15 [http-nio-8080-exec-7] INFO  c.d.dineo.common.util.GeocodingUtil - 📍 Parsed coordinates from address: [36.86798171618947, 10.170494516278797]
2026-02-28 01:24:15 [http-nio-8080-exec-7] INFO  c.d.dineo.common.util.GeocodingUtil - ✅ Address is already coordinates: [36.86798171618947, 10.170494516278797]
2026-02-28 01:24:15 [http-nio-8080-exec-7] INFO  c.d.d.p.c.PublicPlatController - ✅ Geocoded to: [36.86798171618947, 10.170494516278797]
2026-02-28 01:24:15 [http-nio-8080-exec-7] INFO  c.d.d.p.c.PublicPlatController - ✅ Distance calculated for plat lasagne: 1.0 km
2026-02-28 01:24:15 [http-nio-8080-exec-6] INFO  c.d.d.p.c.PublicPlatController - 📍 Geocoding address for chef 2b9ae655-331b-44dd-a316-505318613279: 36.86798171618947, 10.170494516278797
2026-02-28 01:24:15 [http-nio-8080-exec-1] INFO  c.d.dineo.common.util.GeocodingUtil - 📍 Parsed coordinates from address: [48.990280170713675, 2.0652013945627465]
2026-02-28 01:24:15 [http-nio-8080-exec-9] INFO  c.d.dineo.common.util.GeocodingUtil - 📍 Parsed coordinates from address: [48.990280170713675, 2.0652013945627465]
2026-02-28 01:24:15 [http-nio-8080-exec-6] INFO  c.d.dineo.common.util.GeocodingUtil - 📍 Parsed coordinates from address: [36.86798171618947, 10.170494516278797]
2026-02-28 01:24:15 [http-nio-8080-exec-1] INFO  c.d.dineo.common.util.GeocodingUtil - ✅ Address is already coordinates: [48.990280170713675, 2.0652013945627465]
2026-02-28 01:24:15 [http-nio-8080-exec-9] INFO  c.d.dineo.common.util.GeocodingUtil - ✅ Address is already coordinates: [48.990280170713675, 2.0652013945627465]
2026-02-28 01:24:15 [http-nio-8080-exec-6] INFO  c.d.dineo.common.util.GeocodingUtil - ✅ Address is already coordinates: [36.86798171618947, 10.170494516278797]
2026-02-28 01:24:15 [http-nio-8080-exec-6] INFO  c.d.d.p.c.PublicPlatController - ✅ Geocoded to: [36.86798171618947, 10.170494516278797]
2026-02-28 01:24:15 [http-nio-8080-exec-6] INFO  c.d.d.p.c.PublicPlatController - ✅ Distance calculated for plat lasagne: 1.0 km
2026-02-28 01:24:15 [http-nio-8080-exec-4] INFO  c.d.d.c.c.PublicChefController - Retrieved 3 chef users from database
2026-02-28 01:24:15 [http-nio-8080-exec-9] INFO  c.d.dineo.common.util.GeocodingUtil - 📍 Parsed coordinates from address: [48.990280170713675, 2.0652013945627465]
2026-02-28 01:24:15 [http-nio-8080-exec-9] INFO  c.d.dineo.common.util.GeocodingUtil - ✅ Address is already coordinates: [48.990280170713675, 2.0652013945627465]
2026-02-28 01:24:15 [http-nio-8080-exec-1] INFO  c.d.dineo.common.util.GeocodingUtil - 📍 Parsed coordinates from address: [48.990280170713675, 2.0652013945627465]
2026-02-28 01:24:15 [http-nio-8080-exec-1] INFO  c.d.dineo.common.util.GeocodingUtil - ✅ Address is already coordinates: [48.990280170713675, 2.0652013945627465]
2026-02-28 01:24:15 [http-nio-8080-exec-4] INFO  c.d.d.c.c.PublicChefController - 📍 Adding distance for chef 2b9ae655-331b-44dd-a316-505318613279 at address: 36.86798171618947, 10.170494516278797
2026-02-28 01:24:15 [http-nio-8080-exec-4] INFO  c.d.d.c.c.PublicChefController - 📍 Adding distance for chef 2b9ae655-331b-44dd-a316-505318613279 at address: 36.86798171618947, 10.170494516278797
2026-02-28 01:24:15 [http-nio-8080-exec-4] INFO  c.d.dineo.common.util.GeocodingUtil - 📍 Parsed coordinates from address: [36.86798171618947, 10.170494516278797]
2026-02-28 01:24:15 [http-nio-8080-exec-4] INFO  c.d.dineo.common.util.GeocodingUtil - ✅ Address is already coordinates: [36.86798171618947, 10.170494516278797]
2026-02-28 01:24:15 [http-nio-8080-exec-4] INFO  c.d.d.c.c.PublicChefController - 📏 Distance calculated: 1.0 km
2026-02-28 01:24:15 [http-nio-8080-exec-4] INFO  c.d.d.c.c.PublicChefController - 📏 Distance calculated: 1.0 km
2026-02-28 01:24:15 [http-nio-8080-exec-4] INFO  c.d.d.c.c.PublicChefController - 📍 Adding distance for chef 51438312-db03-469c-b476-e4511f8e8e67 at address: 48.990280170713675, 2.0652013945627465
2026-02-28 01:24:15 [http-nio-8080-exec-4] INFO  c.d.d.c.c.PublicChefController - 📍 Adding distance for chef 51438312-db03-469c-b476-e4511f8e8e67 at address: 48.990280170713675, 2.0652013945627465
2026-02-28 01:24:15 [http-nio-8080-exec-4] INFO  c.d.dineo.common.util.GeocodingUtil - 📍 Parsed coordinates from address: [48.990280170713675, 2.0652013945627465]
2026-02-28 01:24:15 [http-nio-8080-exec-4] INFO  c.d.dineo.common.util.GeocodingUtil - ✅ Address is already coordinates: [48.990280170713675, 2.0652013945627465]
2026-02-28 01:24:15 [http-nio-8080-exec-4] INFO  c.d.d.c.c.PublicChefController - 📏 Distance calculated: 1499.1 km
2026-02-28 01:24:15 [http-nio-8080-exec-4] INFO  c.d.d.c.c.PublicChefController - 📏 Distance calculated: 1499.1 km
2026-02-28 01:24:15 [http-nio-8080-exec-9] INFO  c.d.dineo.common.util.GeocodingUtil - 📍 Parsed coordinates from address: [48.990280170713675, 2.0652013945627465]
2026-02-28 01:24:15 [http-nio-8080-exec-9] INFO  c.d.dineo.common.util.GeocodingUtil - ✅ Address is already coordinates: [48.990280170713675, 2.0652013945627465]
2026-02-28 01:24:16 [http-nio-8080-exec-4] INFO  c.d.d.c.c.PublicChefController - 📍 Adding distance for chef 8b1c9d91-8d1d-43e8-ab9f-904a95c1b8d4 at address: 48.98818216984314, 2.0658558535655827
2026-02-28 01:24:16 [http-nio-8080-exec-4] INFO  c.d.d.c.c.PublicChefController - 📍 Adding distance for chef 8b1c9d91-8d1d-43e8-ab9f-904a95c1b8d4 at address: 48.98818216984314, 2.0658558535655827
2026-02-28 01:24:16 [http-nio-8080-exec-4] INFO  c.d.dineo.common.util.GeocodingUtil - 📍 Parsed coordinates from address: [48.98818216984314, 2.0658558535655827]
2026-02-28 01:24:16 [http-nio-8080-exec-4] INFO  c.d.dineo.common.util.GeocodingUtil - ✅ Address is already coordinates: [48.98818216984314, 2.0658558535655827]
2026-02-28 01:24:16 [http-nio-8080-exec-4] INFO  c.d.d.c.c.PublicChefController - 📏 Distance calculated: 1498.9 km
2026-02-28 01:24:16 [http-nio-8080-exec-4] INFO  c.d.d.c.c.PublicChefController - 📏 Distance calculated: 1498.9 km
2026-02-28 01:24:16 [http-nio-8080-exec-4] INFO  c.d.d.c.c.PublicChefController - Found 1 chefs within 30.0 km radius
2026-02-28 01:24:16 [http-nio-8080-exec-4] INFO  c.d.d.c.c.PublicChefController - Successfully retrieved 1 nearby chefs (page 1/1)
2026-02-28 01:24:16 [http-nio-8080-exec-1] INFO  c.d.dineo.common.util.GeocodingUtil - 📍 Parsed coordinates from address: [48.990280170713675, 2.0652013945627465]
2026-02-28 01:24:16 [http-nio-8080-exec-1] INFO  c.d.dineo.common.util.GeocodingUtil - ✅ Address is already coordinates: [48.990280170713675, 2.0652013945627465]
2026-02-28 01:24:16 [http-nio-8080-exec-6] INFO  c.d.d.p.c.PublicPlatController - 🔍 addDistanceToResponse called for plat: Tacos
2026-02-28 01:24:16 [http-nio-8080-exec-7] INFO  c.d.d.p.c.PublicPlatController - 🔍 addDistanceToResponse called for plat: Tacos
2026-02-28 01:24:16 [http-nio-8080-exec-9] INFO  c.d.dineo.common.util.GeocodingUtil - 📍 Parsed coordinates from address: [48.990280170713675, 2.0652013945627465]
2026-02-28 01:24:16 [http-nio-8080-exec-9] INFO  c.d.dineo.common.util.GeocodingUtil - ✅ Address is already coordinates: [48.990280170713675, 2.0652013945627465]
2026-02-28 01:24:16 [http-nio-8080-exec-9] INFO  c.d.d.p.c.PublicPlatController - After location filtering: 1 plats within 30.0km
2026-02-28 01:24:16 [http-nio-8080-exec-1] INFO  c.d.dineo.common.util.GeocodingUtil - 📍 Parsed coordinates from address: [48.990280170713675, 2.0652013945627465]
2026-02-28 01:24:16 [http-nio-8080-exec-1] INFO  c.d.dineo.common.util.GeocodingUtil - ✅ Address is already coordinates: [48.990280170713675, 2.0652013945627465]
2026-02-28 01:24:16 [http-nio-8080-exec-1] INFO  c.d.d.p.c.PublicPlatController - After location filtering: 1 plats within 30.0km
2026-02-28 01:24:16 [http-nio-8080-exec-9] INFO  c.d.d.p.c.PublicPlatController - Found 2 unique categories from filtered plats
2026-02-28 01:24:16 [http-nio-8080-exec-6] INFO  c.d.d.p.c.PublicPlatController - 📍 Geocoding address for chef 51438312-db03-469c-b476-e4511f8e8e67: 48.990280170713675, 2.0652013945627465
2026-02-28 01:24:16 [http-nio-8080-exec-7] INFO  c.d.d.p.c.PublicPlatController - 📍 Geocoding address for chef 51438312-db03-469c-b476-e4511f8e8e67: 48.990280170713675, 2.0652013945627465
2026-02-28 01:24:16 [http-nio-8080-exec-6] INFO  c.d.dineo.common.util.GeocodingUtil - 📍 Parsed coordinates from address: [48.990280170713675, 2.0652013945627465]
2026-02-28 01:24:16 [http-nio-8080-exec-7] INFO  c.d.dineo.common.util.GeocodingUtil - 📍 Parsed coordinates from address: [48.990280170713675, 2.0652013945627465]
2026-02-28 01:24:16 [http-nio-8080-exec-6] INFO  c.d.dineo.common.util.GeocodingUtil - ✅ Address is already coordinates: [48.990280170713675, 2.0652013945627465]
2026-02-28 01:24:16 [http-nio-8080-exec-7] INFO  c.d.dineo.common.util.GeocodingUtil - ✅ Address is already coordinates: [48.990280170713675, 2.0652013945627465]
2026-02-28 01:24:16 [http-nio-8080-exec-6] INFO  c.d.d.p.c.PublicPlatController - ✅ Geocoded to: [48.990280170713675, 2.0652013945627465]
2026-02-28 01:24:16 [http-nio-8080-exec-7] INFO  c.d.d.p.c.PublicPlatController - ✅ Geocoded to: [48.990280170713675, 2.0652013945627465]
2026-02-28 01:24:16 [http-nio-8080-exec-6] INFO  c.d.d.p.c.PublicPlatController - ✅ Distance calculated for plat Tacos: 1499.1 km
2026-02-28 01:24:16 [http-nio-8080-exec-7] INFO  c.d.d.p.c.PublicPlatController - ✅ Distance calculated for plat Tacos: 1499.1 km
2026-02-28 01:24:16 [http-nio-8080-exec-1] INFO  c.d.d.p.c.PublicPlatController - Found 2 unique categories from filtered plats
2026-02-28 01:24:17 [http-nio-8080-exec-7] INFO  c.d.d.p.c.PublicPlatController - 🔍 addDistanceToResponse called for plat: Tiramisu
2026-02-28 01:24:17 [http-nio-8080-exec-6] INFO  c.d.d.p.c.PublicPlatController - 🔍 addDistanceToResponse called for plat: Tiramisu
2026-02-28 01:24:17 [http-nio-8080-exec-7] INFO  c.d.d.p.c.PublicPlatController - 📍 Geocoding address for chef 51438312-db03-469c-b476-e4511f8e8e67: 48.990280170713675, 2.0652013945627465
2026-02-28 01:24:17 [http-nio-8080-exec-6] INFO  c.d.d.p.c.PublicPlatController - 📍 Geocoding address for chef 51438312-db03-469c-b476-e4511f8e8e67: 48.990280170713675, 2.0652013945627465
2026-02-28 01:24:17 [http-nio-8080-exec-7] INFO  c.d.dineo.common.util.GeocodingUtil - 📍 Parsed coordinates from address: [48.990280170713675, 2.0652013945627465]
2026-02-28 01:24:17 [http-nio-8080-exec-6] INFO  c.d.dineo.common.util.GeocodingUtil - 📍 Parsed coordinates from address: [48.990280170713675, 2.0652013945627465]
2026-02-28 01:24:17 [http-nio-8080-exec-7] INFO  c.d.dineo.common.util.GeocodingUtil - ✅ Address is already coordinates: [48.990280170713675, 2.0652013945627465]
2026-02-28 01:24:17 [http-nio-8080-exec-6] INFO  c.d.dineo.common.util.GeocodingUtil - ✅ Address is already coordinates: [48.990280170713675, 2.0652013945627465]
2026-02-28 01:24:17 [http-nio-8080-exec-7] INFO  c.d.d.p.c.PublicPlatController - ✅ Geocoded to: [48.990280170713675, 2.0652013945627465]
2026-02-28 01:24:17 [http-nio-8080-exec-6] INFO  c.d.d.p.c.PublicPlatController - ✅ Geocoded to: [48.990280170713675, 2.0652013945627465]
2026-02-28 01:24:17 [http-nio-8080-exec-7] INFO  c.d.d.p.c.PublicPlatController - ✅ Distance calculated for plat Tiramisu: 1499.1 km
2026-02-28 01:24:17 [http-nio-8080-exec-6] INFO  c.d.d.p.c.PublicPlatController - ✅ Distance calculated for plat Tiramisu: 1499.1 km
2026-02-28 01:24:18 [http-nio-8080-exec-7] INFO  c.d.d.p.c.PublicPlatController - 🔍 addDistanceToResponse called for plat: Steak
2026-02-28 01:24:18 [http-nio-8080-exec-6] INFO  c.d.d.p.c.PublicPlatController - 🔍 addDistanceToResponse called for plat: Steak
2026-02-28 01:24:18 [http-nio-8080-exec-6] INFO  c.d.d.p.c.PublicPlatController - 📍 Geocoding address for chef 51438312-db03-469c-b476-e4511f8e8e67: 48.990280170713675, 2.0652013945627465
2026-02-28 01:24:18 [http-nio-8080-exec-6] INFO  c.d.dineo.common.util.GeocodingUtil - 📍 Parsed coordinates from address: [48.990280170713675, 2.0652013945627465]
2026-02-28 01:24:18 [http-nio-8080-exec-6] INFO  c.d.dineo.common.util.GeocodingUtil - ✅ Address is already coordinates: [48.990280170713675, 2.0652013945627465]
2026-02-28 01:24:18 [http-nio-8080-exec-6] INFO  c.d.d.p.c.PublicPlatController - ✅ Geocoded to: [48.990280170713675, 2.0652013945627465]
2026-02-28 01:24:18 [http-nio-8080-exec-6] INFO  c.d.d.p.c.PublicPlatController - ✅ Distance calculated for plat Steak: 1499.1 km
2026-02-28 01:24:18 [http-nio-8080-exec-7] INFO  c.d.d.p.c.PublicPlatController - 📍 Geocoding address for chef 51438312-db03-469c-b476-e4511f8e8e67: 48.990280170713675, 2.0652013945627465
2026-02-28 01:24:18 [http-nio-8080-exec-7] INFO  c.d.dineo.common.util.GeocodingUtil - 📍 Parsed coordinates from address: [48.990280170713675, 2.0652013945627465]
2026-02-28 01:24:18 [http-nio-8080-exec-7] INFO  c.d.dineo.common.util.GeocodingUtil - ✅ Address is already coordinates: [48.990280170713675, 2.0652013945627465]
2026-02-28 01:24:18 [http-nio-8080-exec-7] INFO  c.d.d.p.c.PublicPlatController - ✅ Geocoded to: [48.990280170713675, 2.0652013945627465]
2026-02-28 01:24:18 [http-nio-8080-exec-7] INFO  c.d.d.p.c.PublicPlatController - ✅ Distance calculated for plat Steak: 1499.1 km
2026-02-28 01:24:19 [http-nio-8080-exec-6] INFO  c.d.d.p.c.PublicPlatController - 🔍 addDistanceToResponse called for plat: Kouskous tunisien
2026-02-28 01:24:19 [http-nio-8080-exec-7] INFO  c.d.d.p.c.PublicPlatController - 🔍 addDistanceToResponse called for plat: Kouskous tunisien
2026-02-28 01:24:19 [http-nio-8080-exec-6] INFO  c.d.d.p.c.PublicPlatController - 📍 Geocoding address for chef 51438312-db03-469c-b476-e4511f8e8e67: 48.990280170713675, 2.0652013945627465
2026-02-28 01:24:19 [http-nio-8080-exec-6] INFO  c.d.dineo.common.util.GeocodingUtil - 📍 Parsed coordinates from address: [48.990280170713675, 2.0652013945627465]
2026-02-28 01:24:19 [http-nio-8080-exec-6] INFO  c.d.dineo.common.util.GeocodingUtil - ✅ Address is already coordinates: [48.990280170713675, 2.0652013945627465]
2026-02-28 01:24:19 [http-nio-8080-exec-6] INFO  c.d.d.p.c.PublicPlatController - ✅ Geocoded to: [48.990280170713675, 2.0652013945627465]
2026-02-28 01:24:19 [http-nio-8080-exec-6] INFO  c.d.d.p.c.PublicPlatController - ✅ Distance calculated for plat Kouskous tunisien: 1499.1 km
2026-02-28 01:24:19 [http-nio-8080-exec-7] INFO  c.d.d.p.c.PublicPlatController - 📍 Geocoding address for chef 51438312-db03-469c-b476-e4511f8e8e67: 48.990280170713675, 2.0652013945627465
2026-02-28 01:24:19 [http-nio-8080-exec-7] INFO  c.d.dineo.common.util.GeocodingUtil - 📍 Parsed coordinates from address: [48.990280170713675, 2.0652013945627465]
2026-02-28 01:24:19 [http-nio-8080-exec-7] INFO  c.d.dineo.common.util.GeocodingUtil - ✅ Address is already coordinates: [48.990280170713675, 2.0652013945627465]
2026-02-28 01:24:19 [http-nio-8080-exec-7] INFO  c.d.d.p.c.PublicPlatController - ✅ Geocoded to: [48.990280170713675, 2.0652013945627465]
2026-02-28 01:24:19 [http-nio-8080-exec-7] INFO  c.d.d.p.c.PublicPlatController - ✅ Distance calculated for plat Kouskous tunisien: 1499.1 km
2026-02-28 01:24:19 [http-nio-8080-exec-6] INFO  c.d.d.p.c.PublicPlatController - 🔍 addDistanceToResponse called for plat: Sushi
2026-02-28 01:24:20 [http-nio-8080-exec-7] INFO  c.d.d.p.c.PublicPlatController - 🔍 addDistanceToResponse called for plat: Sushi
2026-02-28 01:24:20 [http-nio-8080-exec-6] INFO  c.d.d.p.c.PublicPlatController - 📍 Geocoding address for chef 51438312-db03-469c-b476-e4511f8e8e67: 48.990280170713675, 2.0652013945627465
2026-02-28 01:24:20 [http-nio-8080-exec-6] INFO  c.d.dineo.common.util.GeocodingUtil - 📍 Parsed coordinates from address: [48.990280170713675, 2.0652013945627465]
2026-02-28 01:24:20 [http-nio-8080-exec-6] INFO  c.d.dineo.common.util.GeocodingUtil - ✅ Address is already coordinates: [48.990280170713675, 2.0652013945627465]
2026-02-28 01:24:20 [http-nio-8080-exec-6] INFO  c.d.d.p.c.PublicPlatController - ✅ Geocoded to: [48.990280170713675, 2.0652013945627465]
2026-02-28 01:24:20 [http-nio-8080-exec-6] INFO  c.d.d.p.c.PublicPlatController - ✅ Distance calculated for plat Sushi: 1499.1 km
2026-02-28 01:24:20 [http-nio-8080-exec-7] INFO  c.d.d.p.c.PublicPlatController - 📍 Geocoding address for chef 51438312-db03-469c-b476-e4511f8e8e67: 48.990280170713675, 2.0652013945627465
2026-02-28 01:24:20 [http-nio-8080-exec-7] INFO  c.d.dineo.common.util.GeocodingUtil - 📍 Parsed coordinates from address: [48.990280170713675, 2.0652013945627465]
2026-02-28 01:24:20 [http-nio-8080-exec-7] INFO  c.d.dineo.common.util.GeocodingUtil - ✅ Address is already coordinates: [48.990280170713675, 2.0652013945627465]
2026-02-28 01:24:20 [http-nio-8080-exec-7] INFO  c.d.d.p.c.PublicPlatController - ✅ Geocoded to: [48.990280170713675, 2.0652013945627465]
2026-02-28 01:24:20 [http-nio-8080-exec-7] INFO  c.d.d.p.c.PublicPlatController - ✅ Distance calculated for plat Sushi: 1499.1 km
2026-02-28 01:24:20 [http-nio-8080-exec-6] INFO  c.d.d.p.c.PublicPlatController - 🔍 addDistanceToResponse called for plat: Salade César
2026-02-28 01:24:20 [http-nio-8080-exec-7] INFO  c.d.d.p.c.PublicPlatController - 🔍 addDistanceToResponse called for plat: Salade César
2026-02-28 01:24:21 [http-nio-8080-exec-6] INFO  c.d.d.p.c.PublicPlatController - 📍 Geocoding address for chef 51438312-db03-469c-b476-e4511f8e8e67: 48.990280170713675, 2.0652013945627465
2026-02-28 01:24:21 [http-nio-8080-exec-6] INFO  c.d.dineo.common.util.GeocodingUtil - 📍 Parsed coordinates from address: [48.990280170713675, 2.0652013945627465]
2026-02-28 01:24:21 [http-nio-8080-exec-6] INFO  c.d.dineo.common.util.GeocodingUtil - ✅ Address is already coordinates: [48.990280170713675, 2.0652013945627465]
2026-02-28 01:24:21 [http-nio-8080-exec-6] INFO  c.d.d.p.c.PublicPlatController - ✅ Geocoded to: [48.990280170713675, 2.0652013945627465]
2026-02-28 01:24:21 [http-nio-8080-exec-6] INFO  c.d.d.p.c.PublicPlatController - ✅ Distance calculated for plat Salade César: 1499.1 km
2026-02-28 01:24:21 [http-nio-8080-exec-7] INFO  c.d.d.p.c.PublicPlatController - 📍 Geocoding address for chef 51438312-db03-469c-b476-e4511f8e8e67: 48.990280170713675, 2.0652013945627465
2026-02-28 01:24:21 [http-nio-8080-exec-7] INFO  c.d.dineo.common.util.GeocodingUtil - 📍 Parsed coordinates from address: [48.990280170713675, 2.0652013945627465]
2026-02-28 01:24:21 [http-nio-8080-exec-7] INFO  c.d.dineo.common.util.GeocodingUtil - ✅ Address is already coordinates: [48.990280170713675, 2.0652013945627465]
2026-02-28 01:24:21 [http-nio-8080-exec-7] INFO  c.d.d.p.c.PublicPlatController - ✅ Geocoded to: [48.990280170713675, 2.0652013945627465]
2026-02-28 01:24:21 [http-nio-8080-exec-7] INFO  c.d.d.p.c.PublicPlatController - ✅ Distance calculated for plat Salade César: 1499.1 km
2026-02-28 01:24:21 [http-nio-8080-exec-6] INFO  c.d.d.p.c.PublicPlatController - 🔍 addDistanceToResponse called for plat: Pizza
2026-02-28 01:24:21 [http-nio-8080-exec-7] INFO  c.d.d.p.c.PublicPlatController - 🔍 addDistanceToResponse called for plat: Pizza
2026-02-28 01:24:21 [http-nio-8080-exec-6] INFO  c.d.d.p.c.PublicPlatController - 📍 Geocoding address for chef 51438312-db03-469c-b476-e4511f8e8e67: 48.990280170713675, 2.0652013945627465
2026-02-28 01:24:21 [http-nio-8080-exec-6] INFO  c.d.dineo.common.util.GeocodingUtil - 📍 Parsed coordinates from address: [48.990280170713675, 2.0652013945627465]
2026-02-28 01:24:21 [http-nio-8080-exec-6] INFO  c.d.dineo.common.util.GeocodingUtil - ✅ Address is already coordinates: [48.990280170713675, 2.0652013945627465]
2026-02-28 01:24:21 [http-nio-8080-exec-6] INFO  c.d.d.p.c.PublicPlatController - ✅ Geocoded to: [48.990280170713675, 2.0652013945627465]
2026-02-28 01:24:21 [http-nio-8080-exec-6] INFO  c.d.d.p.c.PublicPlatController - ✅ Distance calculated for plat Pizza: 1499.1 km
2026-02-28 01:24:21 [http-nio-8080-exec-7] INFO  c.d.d.p.c.PublicPlatController - 📍 Geocoding address for chef 51438312-db03-469c-b476-e4511f8e8e67: 48.990280170713675, 2.0652013945627465
2026-02-28 01:24:21 [http-nio-8080-exec-7] INFO  c.d.dineo.common.util.GeocodingUtil - 📍 Parsed coordinates from address: [48.990280170713675, 2.0652013945627465]
2026-02-28 01:24:21 [http-nio-8080-exec-7] INFO  c.d.dineo.common.util.GeocodingUtil - ✅ Address is already coordinates: [48.990280170713675, 2.0652013945627465]
2026-02-28 01:24:21 [http-nio-8080-exec-7] INFO  c.d.d.p.c.PublicPlatController - ✅ Geocoded to: [48.990280170713675, 2.0652013945627465]
2026-02-28 01:24:21 [http-nio-8080-exec-7] INFO  c.d.d.p.c.PublicPlatController - ✅ Distance calculated for plat Pizza: 1499.1 km
2026-02-28 01:24:22 [http-nio-8080-exec-6] INFO  c.d.d.p.c.PublicPlatController - 🔍 addDistanceToResponse called for plat: Plat fruit de mer
2026-02-28 01:24:22 [http-nio-8080-exec-7] INFO  c.d.d.p.c.PublicPlatController - 🔍 addDistanceToResponse called for plat: Plat fruit de mer
2026-02-28 01:24:22 [http-nio-8080-exec-6] INFO  c.d.d.p.c.PublicPlatController - 📍 Geocoding address for chef 51438312-db03-469c-b476-e4511f8e8e67: 48.990280170713675, 2.0652013945627465
2026-02-28 01:24:22 [http-nio-8080-exec-6] INFO  c.d.dineo.common.util.GeocodingUtil - 📍 Parsed coordinates from address: [48.990280170713675, 2.0652013945627465]
2026-02-28 01:24:22 [http-nio-8080-exec-6] INFO  c.d.dineo.common.util.GeocodingUtil - ✅ Address is already coordinates: [48.990280170713675, 2.0652013945627465]
2026-02-28 01:24:22 [http-nio-8080-exec-6] INFO  c.d.d.p.c.PublicPlatController - ✅ Geocoded to: [48.990280170713675, 2.0652013945627465]
2026-02-28 01:24:22 [http-nio-8080-exec-6] INFO  c.d.d.p.c.PublicPlatController - ✅ Distance calculated for plat Plat fruit de mer: 1499.1 km
2026-02-28 01:24:22 [http-nio-8080-exec-7] INFO  c.d.d.p.c.PublicPlatController - 📍 Geocoding address for chef 51438312-db03-469c-b476-e4511f8e8e67: 48.990280170713675, 2.0652013945627465
2026-02-28 01:24:22 [http-nio-8080-exec-7] INFO  c.d.dineo.common.util.GeocodingUtil - 📍 Parsed coordinates from address: [48.990280170713675, 2.0652013945627465]
2026-02-28 01:24:22 [http-nio-8080-exec-7] INFO  c.d.dineo.common.util.GeocodingUtil - ✅ Address is already coordinates: [48.990280170713675, 2.0652013945627465]
2026-02-28 01:24:22 [http-nio-8080-exec-7] INFO  c.d.d.p.c.PublicPlatController - ✅ Geocoded to: [48.990280170713675, 2.0652013945627465]
2026-02-28 01:24:22 [http-nio-8080-exec-7] INFO  c.d.d.p.c.PublicPlatController - ✅ Distance calculated for plat Plat fruit de mer: 1499.1 km
2026-02-28 01:24:23 [http-nio-8080-exec-6] INFO  c.d.d.p.c.PublicPlatController - 🔍 addDistanceToResponse called for plat: Par-là
2026-02-28 01:24:23 [http-nio-8080-exec-7] INFO  c.d.d.p.c.PublicPlatController - 🔍 addDistanceToResponse called for plat: Par-là
2026-02-28 01:24:23 [http-nio-8080-exec-6] INFO  c.d.d.p.c.PublicPlatController - 📍 Geocoding address for chef 51438312-db03-469c-b476-e4511f8e8e67: 48.990280170713675, 2.0652013945627465
2026-02-28 01:24:23 [http-nio-8080-exec-6] INFO  c.d.dineo.common.util.GeocodingUtil - 📍 Parsed coordinates from address: [48.990280170713675, 2.0652013945627465]
2026-02-28 01:24:23 [http-nio-8080-exec-6] INFO  c.d.dineo.common.util.GeocodingUtil - ✅ Address is already coordinates: [48.990280170713675, 2.0652013945627465]
2026-02-28 01:24:23 [http-nio-8080-exec-6] INFO  c.d.d.p.c.PublicPlatController - ✅ Geocoded to: [48.990280170713675, 2.0652013945627465]
2026-02-28 01:24:23 [http-nio-8080-exec-6] INFO  c.d.d.p.c.PublicPlatController - ✅ Distance calculated for plat Par-là: 1499.1 km
2026-02-28 01:24:23 [http-nio-8080-exec-6] INFO  c.d.d.p.c.PublicPlatController - After all filters: 1 plats remaining
2026-02-28 01:24:23 [http-nio-8080-exec-6] INFO  c.d.d.p.c.PublicPlatController - Search returned 1 total results, page 1/1
2026-02-28 01:24:23 [http-nio-8080-exec-7] INFO  c.d.d.p.c.PublicPlatController - 📍 Geocoding address for chef 51438312-db03-469c-b476-e4511f8e8e67: 48.990280170713675, 2.0652013945627465
2026-02-28 01:24:23 [http-nio-8080-exec-7] INFO  c.d.dineo.common.util.GeocodingUtil - 📍 Parsed coordinates from address: [48.990280170713675, 2.0652013945627465]
2026-02-28 01:24:23 [http-nio-8080-exec-7] INFO  c.d.dineo.common.util.GeocodingUtil - ✅ Address is already coordinates: [48.990280170713675, 2.0652013945627465]
2026-02-28 01:24:23 [http-nio-8080-exec-7] INFO  c.d.d.p.c.PublicPlatController - ✅ Geocoded to: [48.990280170713675, 2.0652013945627465]
2026-02-28 01:24:23 [http-nio-8080-exec-7] INFO  c.d.d.p.c.PublicPlatController - ✅ Distance calculated for plat Par-là: 1499.1 km
2026-02-28 01:24:23 [http-nio-8080-exec-7] INFO  c.d.d.p.c.PublicPlatController - After all filters: 1 plats remaining
2026-02-28 01:24:23 [http-nio-8080-exec-7] INFO  c.d.d.p.c.PublicPlatController - Search returned 1 total results, page 1/1
2026-02-28 01:25:46 [MessageBroker-3] INFO  o.s.w.s.c.WebSocketMessageBrokerStats - WebSocketSession[0 current WS(0)-HttpStream(0)-HttpPoll(0), 0 total, 0 closed abnormally (0 connect failure, 0 send limit, 0 transport error)], stompSubProtocol[processed CONNECT(0)-CONNECTED(0)-DISCONNECT(0)], stompBrokerRelay[null], inboundChannel[pool size = 0, active threads = 0, queued tasks = 0, completed tasks = 0], outboundChannel[pool size = 0, active threads = 0, queued tasks = 0, completed tasks = 0], sockJsScheduler[pool size = 5, active threads = 1, queued tasks = 2, completed tasks = 2]
2026-02-28 01:26:06 [http-nio-8080-exec-9] INFO  c.d.d.c.c.PublicChefController - 🚨🚨🚨 CHEF ENDPOINT CALLED - lat: 36.86185454999997, lon: 10.162940019999994, radius: 30.0 km, page: 0, pageSize: 12
2026-02-28 01:26:06 [http-nio-8080-exec-9] INFO  c.d.d.c.c.PublicChefController - Get nearby chefs request received for location (36.86185454999997, 10.162940019999994) within 30.0 km
2026-02-28 01:26:07 [http-nio-8080-exec-9] INFO  c.d.d.c.c.PublicChefController - Found 6 PROVIDER users
2026-02-28 01:26:07 [http-nio-8080-exec-9] INFO  c.d.d.c.c.PublicChefController - Retrieved 3 chef users from database
2026-02-28 01:26:07 [http-nio-8080-exec-9] INFO  c.d.d.c.c.PublicChefController - 📍 Adding distance for chef 2b9ae655-331b-44dd-a316-505318613279 at address: 36.86798171618947, 10.170494516278797
2026-02-28 01:26:07 [http-nio-8080-exec-9] INFO  c.d.d.c.c.PublicChefController - 📍 Adding distance for chef 2b9ae655-331b-44dd-a316-505318613279 at address: 36.86798171618947, 10.170494516278797
2026-02-28 01:26:07 [http-nio-8080-exec-9] INFO  c.d.dineo.common.util.GeocodingUtil - 📍 Parsed coordinates from address: [36.86798171618947, 10.170494516278797]
2026-02-28 01:26:07 [http-nio-8080-exec-9] INFO  c.d.dineo.common.util.GeocodingUtil - ✅ Address is already coordinates: [36.86798171618947, 10.170494516278797]
2026-02-28 01:26:07 [http-nio-8080-exec-9] INFO  c.d.d.c.c.PublicChefController - 📏 Distance calculated: 1.0 km
2026-02-28 01:26:07 [http-nio-8080-exec-9] INFO  c.d.d.c.c.PublicChefController - 📏 Distance calculated: 1.0 km
2026-02-28 01:26:07 [http-nio-8080-exec-9] INFO  c.d.d.c.c.PublicChefController - 📍 Adding distance for chef 51438312-db03-469c-b476-e4511f8e8e67 at address: 48.990280170713675, 2.0652013945627465
2026-02-28 01:26:07 [http-nio-8080-exec-9] INFO  c.d.d.c.c.PublicChefController - 📍 Adding distance for chef 51438312-db03-469c-b476-e4511f8e8e67 at address: 48.990280170713675, 2.0652013945627465
2026-02-28 01:26:07 [http-nio-8080-exec-9] INFO  c.d.dineo.common.util.GeocodingUtil - 📍 Parsed coordinates from address: [48.990280170713675, 2.0652013945627465]
2026-02-28 01:26:07 [http-nio-8080-exec-9] INFO  c.d.dineo.common.util.GeocodingUtil - ✅ Address is already coordinates: [48.990280170713675, 2.0652013945627465]
2026-02-28 01:26:07 [http-nio-8080-exec-9] INFO  c.d.d.c.c.PublicChefController - 📏 Distance calculated: 1499.1 km
2026-02-28 01:26:07 [http-nio-8080-exec-9] INFO  c.d.d.c.c.PublicChefController - 📏 Distance calculated: 1499.1 km
2026-02-28 01:26:07 [http-nio-8080-exec-9] INFO  c.d.d.c.c.PublicChefController - 📍 Adding distance for chef 8b1c9d91-8d1d-43e8-ab9f-904a95c1b8d4 at address: 48.98818216984314, 2.0658558535655827
2026-02-28 01:26:07 [http-nio-8080-exec-9] INFO  c.d.d.c.c.PublicChefController - 📍 Adding distance for chef 8b1c9d91-8d1d-43e8-ab9f-904a95c1b8d4 at address: 48.98818216984314, 2.0658558535655827
2026-02-28 01:26:07 [http-nio-8080-exec-9] INFO  c.d.dineo.common.util.GeocodingUtil - 📍 Parsed coordinates from address: [48.98818216984314, 2.0658558535655827]
2026-02-28 01:26:07 [http-nio-8080-exec-9] INFO  c.d.dineo.common.util.GeocodingUtil - ✅ Address is already coordinates: [48.98818216984314, 2.0658558535655827]
2026-02-28 01:26:07 [http-nio-8080-exec-9] INFO  c.d.d.c.c.PublicChefController - 📏 Distance calculated: 1498.9 km
2026-02-28 01:26:07 [http-nio-8080-exec-9] INFO  c.d.d.c.c.PublicChefController - 📏 Distance calculated: 1498.9 km
2026-02-28 01:26:07 [http-nio-8080-exec-9] INFO  c.d.d.c.c.PublicChefController - Found 1 chefs within 30.0 km radius
2026-02-28 01:26:07 [http-nio-8080-exec-9] INFO  c.d.d.c.c.PublicChefController - Successfully retrieved 1 nearby chefs (page 1/1)
2026-02-28 01:26:13 [http-nio-8080-exec-6] INFO  c.d.d.c.c.PublicChefController - 🚨🚨🚨 CHEF ENDPOINT CALLED - lat: 36.86185454999997, lon: 10.162940019999994, radius: 30.0 km, page: 0, pageSize: 12
2026-02-28 01:26:13 [http-nio-8080-exec-7] INFO  c.d.d.c.c.PublicChefController - 🚨🚨🚨 CHEF ENDPOINT CALLED - lat: 36.86185454999997, lon: 10.162940019999994, radius: 30.0 km, page: 0, pageSize: 12
2026-02-28 01:26:13 [http-nio-8080-exec-6] INFO  c.d.d.c.c.PublicChefController - Get nearby chefs request received for location (36.86185454999997, 10.162940019999994) within 30.0 km
2026-02-28 01:26:13 [http-nio-8080-exec-7] INFO  c.d.d.c.c.PublicChefController - Get nearby chefs request received for location (36.86185454999997, 10.162940019999994) within 30.0 km
2026-02-28 01:26:13 [http-nio-8080-exec-7] INFO  c.d.d.c.c.PublicChefController - Found 6 PROVIDER users
2026-02-28 01:26:13 [http-nio-8080-exec-6] INFO  c.d.d.c.c.PublicChefController - Found 6 PROVIDER users
2026-02-28 01:26:14 [http-nio-8080-exec-6] INFO  c.d.d.c.c.PublicChefController - Retrieved 3 chef users from database
2026-02-28 01:26:14 [http-nio-8080-exec-7] INFO  c.d.d.c.c.PublicChefController - Retrieved 3 chef users from database
2026-02-28 01:26:14 [http-nio-8080-exec-6] INFO  c.d.d.c.c.PublicChefController - 📍 Adding distance for chef 2b9ae655-331b-44dd-a316-505318613279 at address: 36.86798171618947, 10.170494516278797
2026-02-28 01:26:14 [http-nio-8080-exec-7] INFO  c.d.d.c.c.PublicChefController - 📍 Adding distance for chef 2b9ae655-331b-44dd-a316-505318613279 at address: 36.86798171618947, 10.170494516278797
2026-02-28 01:26:14 [http-nio-8080-exec-6] INFO  c.d.d.c.c.PublicChefController - 📍 Adding distance for chef 2b9ae655-331b-44dd-a316-505318613279 at address: 36.86798171618947, 10.170494516278797
2026-02-28 01:26:14 [http-nio-8080-exec-7] INFO  c.d.d.c.c.PublicChefController - 📍 Adding distance for chef 2b9ae655-331b-44dd-a316-505318613279 at address: 36.86798171618947, 10.170494516278797
2026-02-28 01:26:14 [http-nio-8080-exec-7] INFO  c.d.dineo.common.util.GeocodingUtil - 📍 Parsed coordinates from address: [36.86798171618947, 10.170494516278797]
2026-02-28 01:26:14 [http-nio-8080-exec-6] INFO  c.d.dineo.common.util.GeocodingUtil - 📍 Parsed coordinates from address: [36.86798171618947, 10.170494516278797]
2026-02-28 01:26:14 [http-nio-8080-exec-7] INFO  c.d.dineo.common.util.GeocodingUtil - ✅ Address is already coordinates: [36.86798171618947, 10.170494516278797]
2026-02-28 01:26:14 [http-nio-8080-exec-6] INFO  c.d.dineo.common.util.GeocodingUtil - ✅ Address is already coordinates: [36.86798171618947, 10.170494516278797]
2026-02-28 01:26:14 [http-nio-8080-exec-7] INFO  c.d.d.c.c.PublicChefController - 📏 Distance calculated: 1.0 km
2026-02-28 01:26:14 [http-nio-8080-exec-6] INFO  c.d.d.c.c.PublicChefController - 📏 Distance calculated: 1.0 km
2026-02-28 01:26:14 [http-nio-8080-exec-7] INFO  c.d.d.c.c.PublicChefController - 📏 Distance calculated: 1.0 km
2026-02-28 01:26:14 [http-nio-8080-exec-6] INFO  c.d.d.c.c.PublicChefController - 📏 Distance calculated: 1.0 km
2026-02-28 01:26:14 [http-nio-8080-exec-7] INFO  c.d.d.c.c.PublicChefController - 📍 Adding distance for chef 51438312-db03-469c-b476-e4511f8e8e67 at address: 48.990280170713675, 2.0652013945627465
2026-02-28 01:26:14 [http-nio-8080-exec-6] INFO  c.d.d.c.c.PublicChefController - 📍 Adding distance for chef 51438312-db03-469c-b476-e4511f8e8e67 at address: 48.990280170713675, 2.0652013945627465
2026-02-28 01:26:14 [http-nio-8080-exec-7] INFO  c.d.d.c.c.PublicChefController - 📍 Adding distance for chef 51438312-db03-469c-b476-e4511f8e8e67 at address: 48.990280170713675, 2.0652013945627465
2026-02-28 01:26:14 [http-nio-8080-exec-6] INFO  c.d.d.c.c.PublicChefController - 📍 Adding distance for chef 51438312-db03-469c-b476-e4511f8e8e67 at address: 48.990280170713675, 2.0652013945627465
2026-02-28 01:26:14 [http-nio-8080-exec-7] INFO  c.d.dineo.common.util.GeocodingUtil - 📍 Parsed coordinates from address: [48.990280170713675, 2.0652013945627465]
2026-02-28 01:26:14 [http-nio-8080-exec-6] INFO  c.d.dineo.common.util.GeocodingUtil - 📍 Parsed coordinates from address: [48.990280170713675, 2.0652013945627465]
2026-02-28 01:26:14 [http-nio-8080-exec-7] INFO  c.d.dineo.common.util.GeocodingUtil - ✅ Address is already coordinates: [48.990280170713675, 2.0652013945627465]
2026-02-28 01:26:14 [http-nio-8080-exec-6] INFO  c.d.dineo.common.util.GeocodingUtil - ✅ Address is already coordinates: [48.990280170713675, 2.0652013945627465]
2026-02-28 01:26:14 [http-nio-8080-exec-7] INFO  c.d.d.c.c.PublicChefController - 📏 Distance calculated: 1499.1 km
2026-02-28 01:26:14 [http-nio-8080-exec-6] INFO  c.d.d.c.c.PublicChefController - 📏 Distance calculated: 1499.1 km
2026-02-28 01:26:14 [http-nio-8080-exec-7] INFO  c.d.d.c.c.PublicChefController - 📏 Distance calculated: 1499.1 km
2026-02-28 01:26:14 [http-nio-8080-exec-6] INFO  c.d.d.c.c.PublicChefController - 📏 Distance calculated: 1499.1 km
2026-02-28 01:26:14 [http-nio-8080-exec-6] INFO  c.d.d.c.c.PublicChefController - 📍 Adding distance for chef 8b1c9d91-8d1d-43e8-ab9f-904a95c1b8d4 at address: 48.98818216984314, 2.0658558535655827
2026-02-28 01:26:14 [http-nio-8080-exec-7] INFO  c.d.d.c.c.PublicChefController - 📍 Adding distance for chef 8b1c9d91-8d1d-43e8-ab9f-904a95c1b8d4 at address: 48.98818216984314, 2.0658558535655827
2026-02-28 01:26:14 [http-nio-8080-exec-6] INFO  c.d.d.c.c.PublicChefController - 📍 Adding distance for chef 8b1c9d91-8d1d-43e8-ab9f-904a95c1b8d4 at address: 48.98818216984314, 2.0658558535655827
2026-02-28 01:26:14 [http-nio-8080-exec-7] INFO  c.d.d.c.c.PublicChefController - 📍 Adding distance for chef 8b1c9d91-8d1d-43e8-ab9f-904a95c1b8d4 at address: 48.98818216984314, 2.0658558535655827
2026-02-28 01:26:14 [http-nio-8080-exec-7] INFO  c.d.dineo.common.util.GeocodingUtil - 📍 Parsed coordinates from address: [48.98818216984314, 2.0658558535655827]
2026-02-28 01:26:14 [http-nio-8080-exec-6] INFO  c.d.dineo.common.util.GeocodingUtil - 📍 Parsed coordinates from address: [48.98818216984314, 2.0658558535655827]
2026-02-28 01:26:14 [http-nio-8080-exec-7] INFO  c.d.dineo.common.util.GeocodingUtil - ✅ Address is already coordinates: [48.98818216984314, 2.0658558535655827]
2026-02-28 01:26:14 [http-nio-8080-exec-6] INFO  c.d.dineo.common.util.GeocodingUtil - ✅ Address is already coordinates: [48.98818216984314, 2.0658558535655827]
2026-02-28 01:26:14 [http-nio-8080-exec-7] INFO  c.d.d.c.c.PublicChefController - 📏 Distance calculated: 1498.9 km
2026-02-28 01:26:14 [http-nio-8080-exec-6] INFO  c.d.d.c.c.PublicChefController - 📏 Distance calculated: 1498.9 km
2026-02-28 01:26:14 [http-nio-8080-exec-7] INFO  c.d.d.c.c.PublicChefController - 📏 Distance calculated: 1498.9 km
2026-02-28 01:26:14 [http-nio-8080-exec-6] INFO  c.d.d.c.c.PublicChefController - 📏 Distance calculated: 1498.9 km
2026-02-28 01:26:14 [http-nio-8080-exec-7] INFO  c.d.d.c.c.PublicChefController - Found 1 chefs within 30.0 km radius
2026-02-28 01:26:14 [http-nio-8080-exec-6] INFO  c.d.d.c.c.PublicChefController - Found 1 chefs within 30.0 km radius
2026-02-28 01:26:14 [http-nio-8080-exec-7] INFO  c.d.d.c.c.PublicChefController - Successfully retrieved 1 nearby chefs (page 1/1)
2026-02-28 01:26:14 [http-nio-8080-exec-6] INFO  c.d.d.c.c.PublicChefController - Successfully retrieved 1 nearby chefs (page 1/1)
2026-02-28 01:30:03 [http-nio-8080-exec-3] INFO  c.d.d.c.c.PublicChefController - 🚨🚨🚨 CHEF ENDPOINT CALLED - lat: 36.86185454999997, lon: 10.162940019999994, radius: 30.0 km, page: 0, pageSize: 12
2026-02-28 01:30:03 [http-nio-8080-exec-2] INFO  c.d.d.c.c.PublicChefController - 🚨🚨🚨 CHEF ENDPOINT CALLED - lat: 36.86185454999997, lon: 10.162940019999994, radius: 30.0 km, page: 0, pageSize: 12
2026-02-28 01:30:03 [http-nio-8080-exec-3] INFO  c.d.d.c.c.PublicChefController - Get nearby chefs request received for location (36.86185454999997, 10.162940019999994) within 30.0 km
2026-02-28 01:30:03 [http-nio-8080-exec-2] INFO  c.d.d.c.c.PublicChefController - Get nearby chefs request received for location (36.86185454999997, 10.162940019999994) within 30.0 km
2026-02-28 01:30:03 [http-nio-8080-exec-3] INFO  c.d.d.c.c.PublicChefController - Found 6 PROVIDER users
2026-02-28 01:30:03 [http-nio-8080-exec-2] INFO  c.d.d.c.c.PublicChefController - Found 6 PROVIDER users
2026-02-28 01:30:03 [http-nio-8080-exec-3] INFO  c.d.d.c.c.PublicChefController - Retrieved 3 chef users from database
2026-02-28 01:30:03 [http-nio-8080-exec-2] INFO  c.d.d.c.c.PublicChefController - Retrieved 3 chef users from database
2026-02-28 01:30:04 [http-nio-8080-exec-3] INFO  c.d.d.c.c.PublicChefController - 📍 Adding distance for chef 2b9ae655-331b-44dd-a316-505318613279 at address: 36.86798171618947, 10.170494516278797
2026-02-28 01:30:04 [http-nio-8080-exec-3] INFO  c.d.d.c.c.PublicChefController - 📍 Adding distance for chef 2b9ae655-331b-44dd-a316-505318613279 at address: 36.86798171618947, 10.170494516278797
2026-02-28 01:30:04 [http-nio-8080-exec-3] INFO  c.d.dineo.common.util.GeocodingUtil - 📍 Parsed coordinates from address: [36.86798171618947, 10.170494516278797]
2026-02-28 01:30:04 [http-nio-8080-exec-3] INFO  c.d.dineo.common.util.GeocodingUtil - ✅ Address is already coordinates: [36.86798171618947, 10.170494516278797]
2026-02-28 01:30:04 [http-nio-8080-exec-3] INFO  c.d.d.c.c.PublicChefController - 📏 Distance calculated: 1.0 km
2026-02-28 01:30:04 [http-nio-8080-exec-3] INFO  c.d.d.c.c.PublicChefController - 📏 Distance calculated: 1.0 km
2026-02-28 01:30:04 [http-nio-8080-exec-2] INFO  c.d.d.c.c.PublicChefController - 📍 Adding distance for chef 2b9ae655-331b-44dd-a316-505318613279 at address: 36.86798171618947, 10.170494516278797
2026-02-28 01:30:04 [http-nio-8080-exec-2] INFO  c.d.d.c.c.PublicChefController - 📍 Adding distance for chef 2b9ae655-331b-44dd-a316-505318613279 at address: 36.86798171618947, 10.170494516278797
2026-02-28 01:30:04 [http-nio-8080-exec-2] INFO  c.d.dineo.common.util.GeocodingUtil - 📍 Parsed coordinates from address: [36.86798171618947, 10.170494516278797]
2026-02-28 01:30:04 [http-nio-8080-exec-2] INFO  c.d.dineo.common.util.GeocodingUtil - ✅ Address is already coordinates: [36.86798171618947, 10.170494516278797]
2026-02-28 01:30:04 [http-nio-8080-exec-2] INFO  c.d.d.c.c.PublicChefController - 📏 Distance calculated: 1.0 km
2026-02-28 01:30:04 [http-nio-8080-exec-2] INFO  c.d.d.c.c.PublicChefController - 📏 Distance calculated: 1.0 km
2026-02-28 01:30:04 [http-nio-8080-exec-3] INFO  c.d.d.c.c.PublicChefController - 📍 Adding distance for chef 51438312-db03-469c-b476-e4511f8e8e67 at address: 48.990280170713675, 2.0652013945627465
2026-02-28 01:30:04 [http-nio-8080-exec-3] INFO  c.d.d.c.c.PublicChefController - 📍 Adding distance for chef 51438312-db03-469c-b476-e4511f8e8e67 at address: 48.990280170713675, 2.0652013945627465
2026-02-28 01:30:04 [http-nio-8080-exec-3] INFO  c.d.dineo.common.util.GeocodingUtil - 📍 Parsed coordinates from address: [48.990280170713675, 2.0652013945627465]
2026-02-28 01:30:04 [http-nio-8080-exec-3] INFO  c.d.dineo.common.util.GeocodingUtil - ✅ Address is already coordinates: [48.990280170713675, 2.0652013945627465]
2026-02-28 01:30:04 [http-nio-8080-exec-3] INFO  c.d.d.c.c.PublicChefController - 📏 Distance calculated: 1499.1 km
2026-02-28 01:30:04 [http-nio-8080-exec-3] INFO  c.d.d.c.c.PublicChefController - 📏 Distance calculated: 1499.1 km
2026-02-28 01:30:04 [http-nio-8080-exec-2] INFO  c.d.d.c.c.PublicChefController - 📍 Adding distance for chef 51438312-db03-469c-b476-e4511f8e8e67 at address: 48.990280170713675, 2.0652013945627465
2026-02-28 01:30:04 [http-nio-8080-exec-2] INFO  c.d.d.c.c.PublicChefController - 📍 Adding distance for chef 51438312-db03-469c-b476-e4511f8e8e67 at address: 48.990280170713675, 2.0652013945627465
2026-02-28 01:30:04 [http-nio-8080-exec-2] INFO  c.d.dineo.common.util.GeocodingUtil - 📍 Parsed coordinates from address: [48.990280170713675, 2.0652013945627465]
2026-02-28 01:30:04 [http-nio-8080-exec-2] INFO  c.d.dineo.common.util.GeocodingUtil - ✅ Address is already coordinates: [48.990280170713675, 2.0652013945627465]
2026-02-28 01:30:04 [http-nio-8080-exec-2] INFO  c.d.d.c.c.PublicChefController - 📏 Distance calculated: 1499.1 km
2026-02-28 01:30:04 [http-nio-8080-exec-2] INFO  c.d.d.c.c.PublicChefController - 📏 Distance calculated: 1499.1 km
2026-02-28 01:30:04 [http-nio-8080-exec-3] INFO  c.d.d.c.c.PublicChefController - 📍 Adding distance for chef 8b1c9d91-8d1d-43e8-ab9f-904a95c1b8d4 at address: 48.98818216984314, 2.0658558535655827
2026-02-28 01:30:04 [http-nio-8080-exec-3] INFO  c.d.d.c.c.PublicChefController - 📍 Adding distance for chef 8b1c9d91-8d1d-43e8-ab9f-904a95c1b8d4 at address: 48.98818216984314, 2.0658558535655827
2026-02-28 01:30:04 [http-nio-8080-exec-3] INFO  c.d.dineo.common.util.GeocodingUtil - 📍 Parsed coordinates from address: [48.98818216984314, 2.0658558535655827]
2026-02-28 01:30:04 [http-nio-8080-exec-3] INFO  c.d.dineo.common.util.GeocodingUtil - ✅ Address is already coordinates: [48.98818216984314, 2.0658558535655827]
2026-02-28 01:30:04 [http-nio-8080-exec-3] INFO  c.d.d.c.c.PublicChefController - 📏 Distance calculated: 1498.9 km
2026-02-28 01:30:04 [http-nio-8080-exec-3] INFO  c.d.d.c.c.PublicChefController - 📏 Distance calculated: 1498.9 km
2026-02-28 01:30:04 [http-nio-8080-exec-3] INFO  c.d.d.c.c.PublicChefController - Found 1 chefs within 30.0 km radius
2026-02-28 01:30:04 [http-nio-8080-exec-3] INFO  c.d.d.c.c.PublicChefController - Successfully retrieved 1 nearby chefs (page 1/1)
2026-02-28 01:30:04 [http-nio-8080-exec-2] INFO  c.d.d.c.c.PublicChefController - 📍 Adding distance for chef 8b1c9d91-8d1d-43e8-ab9f-904a95c1b8d4 at address: 48.98818216984314, 2.0658558535655827
2026-02-28 01:30:04 [http-nio-8080-exec-2] INFO  c.d.d.c.c.PublicChefController - 📍 Adding distance for chef 8b1c9d91-8d1d-43e8-ab9f-904a95c1b8d4 at address: 48.98818216984314, 2.0658558535655827
2026-02-28 01:30:04 [http-nio-8080-exec-2] INFO  c.d.dineo.common.util.GeocodingUtil - 📍 Parsed coordinates from address: [48.98818216984314, 2.0658558535655827]
2026-02-28 01:30:04 [http-nio-8080-exec-2] INFO  c.d.dineo.common.util.GeocodingUtil - ✅ Address is already coordinates: [48.98818216984314, 2.0658558535655827]
2026-02-28 01:30:04 [http-nio-8080-exec-2] INFO  c.d.d.c.c.PublicChefController - 📏 Distance calculated: 1498.9 km
2026-02-28 01:30:04 [http-nio-8080-exec-2] INFO  c.d.d.c.c.PublicChefController - 📏 Distance calculated: 1498.9 km
2026-02-28 01:30:04 [http-nio-8080-exec-2] INFO  c.d.d.c.c.PublicChefController - Found 1 chefs within 30.0 km radius
2026-02-28 01:30:04 [http-nio-8080-exec-2] INFO  c.d.d.c.c.PublicChefController - Successfully retrieved 1 nearby chefs (page 1/1)
2026-02-28 01:30:53 [http-nio-8080-exec-10] INFO  c.d.d.p.c.PublicPlatController - Public request to get paginated plats with promotions (location: 36.86185454999997, 10.162940019999994, radius: 30.0km, page: 1, pageSize: 12)
2026-02-28 01:30:53 [http-nio-8080-exec-4] INFO  c.d.d.p.c.PublicPlatController - Public request to get paginated plats with promotions (location: 36.86185454999997, 10.162940019999994, radius: 30.0km, page: 1, pageSize: 12)
2026-02-28 01:30:53 [http-nio-8080-exec-4] INFO  c.d.d.p.c.PublicPlatController - Found 12 available plats in database
2026-02-28 01:30:53 [http-nio-8080-exec-10] INFO  c.d.d.p.c.PublicPlatController - Found 12 available plats in database
2026-02-28 01:30:54 [http-nio-8080-exec-4] INFO  c.d.d.p.c.PublicPlatController - After filtering: 0 plats with active promotions
2026-02-28 01:30:54 [http-nio-8080-exec-4] INFO  c.d.d.p.c.PublicPlatController - Paginated promotions returned 0 total results, page 1/0
2026-02-28 01:30:54 [http-nio-8080-exec-10] INFO  c.d.d.p.c.PublicPlatController - After filtering: 0 plats with active promotions
2026-02-28 01:30:54 [http-nio-8080-exec-10] INFO  c.d.d.p.c.PublicPlatController - Paginated promotions returned 0 total results, page 1/0
2026-02-28 01:30:56 [http-nio-8080-exec-9] INFO  c.d.d.p.c.PublicPlatController - Public request to get categories (location: 36.86185454999997, 10.162940019999994, radius: 30.0km)
2026-02-28 01:30:56 [http-nio-8080-exec-6] INFO  c.d.d.p.c.PublicPlatController - Public request to get categories (location: 36.86185454999997, 10.162940019999994, radius: 30.0km)
2026-02-28 01:30:56 [http-nio-8080-exec-1] INFO  c.d.d.p.c.PublicPlatController - Public search request - query: null, category: null, maxCookTime: null, minRating: null, sortBy: newest, sortOrder: desc, location: 36.86185454999997, 10.162940019999994, radius: 30.0km, page: 1, pageSize: 12
2026-02-28 01:30:56 [http-nio-8080-exec-7] INFO  c.d.d.p.c.PublicPlatController - Public search request - query: null, category: null, maxCookTime: null, minRating: null, sortBy: newest, sortOrder: desc, location: 36.86185454999997, 10.162940019999994, radius: 30.0km, page: 1, pageSize: 12
2026-02-28 01:30:56 [http-nio-8080-exec-6] INFO  c.d.d.p.c.PublicPlatController - Found 12 available plats before filtering
2026-02-28 01:30:56 [http-nio-8080-exec-9] INFO  c.d.d.p.c.PublicPlatController - Found 12 available plats before filtering
2026-02-28 01:30:56 [http-nio-8080-exec-1] INFO  c.d.d.p.c.PublicPlatController - Found 12 available plats in database
2026-02-28 01:30:56 [http-nio-8080-exec-7] INFO  c.d.d.p.c.PublicPlatController - Found 12 available plats in database
2026-02-28 01:30:57 [http-nio-8080-exec-6] INFO  c.d.dineo.common.util.GeocodingUtil - 📍 Parsed coordinates from address: [48.990280170713675, 2.0652013945627465]
2026-02-28 01:30:57 [http-nio-8080-exec-6] INFO  c.d.dineo.common.util.GeocodingUtil - ✅ Address is already coordinates: [48.990280170713675, 2.0652013945627465]
2026-02-28 01:30:57 [http-nio-8080-exec-9] INFO  c.d.dineo.common.util.GeocodingUtil - 📍 Parsed coordinates from address: [48.990280170713675, 2.0652013945627465]
2026-02-28 01:30:57 [http-nio-8080-exec-9] INFO  c.d.dineo.common.util.GeocodingUtil - ✅ Address is already coordinates: [48.990280170713675, 2.0652013945627465]
2026-02-28 01:30:57 [http-nio-8080-exec-6] INFO  c.d.dineo.common.util.GeocodingUtil - 📍 Parsed coordinates from address: [48.990280170713675, 2.0652013945627465]
2026-02-28 01:30:57 [http-nio-8080-exec-6] INFO  c.d.dineo.common.util.GeocodingUtil - ✅ Address is already coordinates: [48.990280170713675, 2.0652013945627465]
2026-02-28 01:30:57 [http-nio-8080-exec-9] INFO  c.d.dineo.common.util.GeocodingUtil - 📍 Parsed coordinates from address: [48.990280170713675, 2.0652013945627465]
2026-02-28 01:30:57 [http-nio-8080-exec-9] INFO  c.d.dineo.common.util.GeocodingUtil - ✅ Address is already coordinates: [48.990280170713675, 2.0652013945627465]
2026-02-28 01:30:57 [http-nio-8080-exec-1] INFO  c.d.d.p.c.PublicPlatController - 🔍 addDistanceToResponse called for plat: Noodels
2026-02-28 01:30:57 [http-nio-8080-exec-7] INFO  c.d.d.p.c.PublicPlatController - 🔍 addDistanceToResponse called for plat: Noodels
2026-02-28 01:30:57 [http-nio-8080-exec-6] INFO  c.d.dineo.common.util.GeocodingUtil - 📍 Parsed coordinates from address: [36.86798171618947, 10.170494516278797]
2026-02-28 01:30:57 [http-nio-8080-exec-6] INFO  c.d.dineo.common.util.GeocodingUtil - ✅ Address is already coordinates: [36.86798171618947, 10.170494516278797]
2026-02-28 01:30:57 [http-nio-8080-exec-1] INFO  c.d.d.p.c.PublicPlatController - 📍 Geocoding address for chef 51438312-db03-469c-b476-e4511f8e8e67: 48.990280170713675, 2.0652013945627465
2026-02-28 01:30:57 [http-nio-8080-exec-1] INFO  c.d.dineo.common.util.GeocodingUtil - 📍 Parsed coordinates from address: [48.990280170713675, 2.0652013945627465]
2026-02-28 01:30:57 [http-nio-8080-exec-1] INFO  c.d.dineo.common.util.GeocodingUtil - ✅ Address is already coordinates: [48.990280170713675, 2.0652013945627465]
2026-02-28 01:30:57 [http-nio-8080-exec-1] INFO  c.d.d.p.c.PublicPlatController - ✅ Geocoded to: [48.990280170713675, 2.0652013945627465]
2026-02-28 01:30:57 [http-nio-8080-exec-1] INFO  c.d.d.p.c.PublicPlatController - ✅ Distance calculated for plat Noodels: 1499.1 km
2026-02-28 01:30:57 [http-nio-8080-exec-7] INFO  c.d.d.p.c.PublicPlatController - 📍 Geocoding address for chef 51438312-db03-469c-b476-e4511f8e8e67: 48.990280170713675, 2.0652013945627465
2026-02-28 01:30:57 [http-nio-8080-exec-7] INFO  c.d.dineo.common.util.GeocodingUtil - 📍 Parsed coordinates from address: [48.990280170713675, 2.0652013945627465]
2026-02-28 01:30:57 [http-nio-8080-exec-7] INFO  c.d.dineo.common.util.GeocodingUtil - ✅ Address is already coordinates: [48.990280170713675, 2.0652013945627465]
2026-02-28 01:30:57 [http-nio-8080-exec-7] INFO  c.d.d.p.c.PublicPlatController - ✅ Geocoded to: [48.990280170713675, 2.0652013945627465]
2026-02-28 01:30:57 [http-nio-8080-exec-7] INFO  c.d.d.p.c.PublicPlatController - ✅ Distance calculated for plat Noodels: 1499.1 km
2026-02-28 01:30:57 [http-nio-8080-exec-9] INFO  c.d.dineo.common.util.GeocodingUtil - 📍 Parsed coordinates from address: [36.86798171618947, 10.170494516278797]
2026-02-28 01:30:57 [http-nio-8080-exec-9] INFO  c.d.dineo.common.util.GeocodingUtil - ✅ Address is already coordinates: [36.86798171618947, 10.170494516278797]
2026-02-28 01:30:57 [http-nio-8080-exec-6] INFO  c.d.dineo.common.util.GeocodingUtil - 📍 Parsed coordinates from address: [48.990280170713675, 2.0652013945627465]
2026-02-28 01:30:57 [http-nio-8080-exec-6] INFO  c.d.dineo.common.util.GeocodingUtil - ✅ Address is already coordinates: [48.990280170713675, 2.0652013945627465]
2026-02-28 01:30:57 [http-nio-8080-exec-9] INFO  c.d.dineo.common.util.GeocodingUtil - 📍 Parsed coordinates from address: [48.990280170713675, 2.0652013945627465]
2026-02-28 01:30:57 [http-nio-8080-exec-9] INFO  c.d.dineo.common.util.GeocodingUtil - ✅ Address is already coordinates: [48.990280170713675, 2.0652013945627465]
2026-02-28 01:30:58 [http-nio-8080-exec-6] INFO  c.d.dineo.common.util.GeocodingUtil - 📍 Parsed coordinates from address: [48.990280170713675, 2.0652013945627465]
2026-02-28 01:30:58 [http-nio-8080-exec-6] INFO  c.d.dineo.common.util.GeocodingUtil - ✅ Address is already coordinates: [48.990280170713675, 2.0652013945627465]
2026-02-28 01:30:58 [http-nio-8080-exec-9] INFO  c.d.dineo.common.util.GeocodingUtil - 📍 Parsed coordinates from address: [48.990280170713675, 2.0652013945627465]
2026-02-28 01:30:58 [http-nio-8080-exec-9] INFO  c.d.dineo.common.util.GeocodingUtil - ✅ Address is already coordinates: [48.990280170713675, 2.0652013945627465]
2026-02-28 01:30:58 [http-nio-8080-exec-1] INFO  c.d.d.p.c.PublicPlatController - 🔍 addDistanceToResponse called for plat: Fricassé
2026-02-28 01:30:58 [http-nio-8080-exec-7] INFO  c.d.d.p.c.PublicPlatController - 🔍 addDistanceToResponse called for plat: Fricassé
2026-02-28 01:30:58 [http-nio-8080-exec-6] INFO  c.d.dineo.common.util.GeocodingUtil - 📍 Parsed coordinates from address: [48.990280170713675, 2.0652013945627465]
2026-02-28 01:30:58 [http-nio-8080-exec-6] INFO  c.d.dineo.common.util.GeocodingUtil - ✅ Address is already coordinates: [48.990280170713675, 2.0652013945627465]
2026-02-28 01:30:58 [http-nio-8080-exec-9] INFO  c.d.dineo.common.util.GeocodingUtil - 📍 Parsed coordinates from address: [48.990280170713675, 2.0652013945627465]
2026-02-28 01:30:58 [http-nio-8080-exec-9] INFO  c.d.dineo.common.util.GeocodingUtil - ✅ Address is already coordinates: [48.990280170713675, 2.0652013945627465]
2026-02-28 01:30:58 [http-nio-8080-exec-1] INFO  c.d.d.p.c.PublicPlatController - 📍 Geocoding address for chef 51438312-db03-469c-b476-e4511f8e8e67: 48.990280170713675, 2.0652013945627465
2026-02-28 01:30:58 [http-nio-8080-exec-1] INFO  c.d.dineo.common.util.GeocodingUtil - 📍 Parsed coordinates from address: [48.990280170713675, 2.0652013945627465]
2026-02-28 01:30:58 [http-nio-8080-exec-1] INFO  c.d.dineo.common.util.GeocodingUtil - ✅ Address is already coordinates: [48.990280170713675, 2.0652013945627465]
2026-02-28 01:30:58 [http-nio-8080-exec-1] INFO  c.d.d.p.c.PublicPlatController - ✅ Geocoded to: [48.990280170713675, 2.0652013945627465]
2026-02-28 01:30:58 [http-nio-8080-exec-1] INFO  c.d.d.p.c.PublicPlatController - ✅ Distance calculated for plat Fricassé: 1499.1 km
2026-02-28 01:30:58 [http-nio-8080-exec-7] INFO  c.d.d.p.c.PublicPlatController - 📍 Geocoding address for chef 51438312-db03-469c-b476-e4511f8e8e67: 48.990280170713675, 2.0652013945627465
2026-02-28 01:30:58 [http-nio-8080-exec-7] INFO  c.d.dineo.common.util.GeocodingUtil - 📍 Parsed coordinates from address: [48.990280170713675, 2.0652013945627465]
2026-02-28 01:30:58 [http-nio-8080-exec-7] INFO  c.d.dineo.common.util.GeocodingUtil - ✅ Address is already coordinates: [48.990280170713675, 2.0652013945627465]
2026-02-28 01:30:58 [http-nio-8080-exec-7] INFO  c.d.d.p.c.PublicPlatController - ✅ Geocoded to: [48.990280170713675, 2.0652013945627465]
2026-02-28 01:30:58 [http-nio-8080-exec-7] INFO  c.d.d.p.c.PublicPlatController - ✅ Distance calculated for plat Fricassé: 1499.1 km
2026-02-28 01:30:58 [http-nio-8080-exec-6] INFO  c.d.dineo.common.util.GeocodingUtil - 📍 Parsed coordinates from address: [48.990280170713675, 2.0652013945627465]
2026-02-28 01:30:58 [http-nio-8080-exec-6] INFO  c.d.dineo.common.util.GeocodingUtil - ✅ Address is already coordinates: [48.990280170713675, 2.0652013945627465]
2026-02-28 01:30:58 [http-nio-8080-exec-9] INFO  c.d.dineo.common.util.GeocodingUtil - 📍 Parsed coordinates from address: [48.990280170713675, 2.0652013945627465]
2026-02-28 01:30:58 [http-nio-8080-exec-9] INFO  c.d.dineo.common.util.GeocodingUtil - ✅ Address is already coordinates: [48.990280170713675, 2.0652013945627465]
2026-02-28 01:30:59 [http-nio-8080-exec-6] INFO  c.d.dineo.common.util.GeocodingUtil - 📍 Parsed coordinates from address: [48.990280170713675, 2.0652013945627465]
2026-02-28 01:30:59 [http-nio-8080-exec-6] INFO  c.d.dineo.common.util.GeocodingUtil - ✅ Address is already coordinates: [48.990280170713675, 2.0652013945627465]
2026-02-28 01:30:59 [http-nio-8080-exec-9] INFO  c.d.dineo.common.util.GeocodingUtil - 📍 Parsed coordinates from address: [48.990280170713675, 2.0652013945627465]
2026-02-28 01:30:59 [http-nio-8080-exec-9] INFO  c.d.dineo.common.util.GeocodingUtil - ✅ Address is already coordinates: [48.990280170713675, 2.0652013945627465]
2026-02-28 01:30:59 [http-nio-8080-exec-1] INFO  c.d.d.p.c.PublicPlatController - 🔍 addDistanceToResponse called for plat: lasagne
2026-02-28 01:30:59 [http-nio-8080-exec-7] INFO  c.d.d.p.c.PublicPlatController - 🔍 addDistanceToResponse called for plat: lasagne
2026-02-28 01:30:59 [http-nio-8080-exec-6] INFO  c.d.dineo.common.util.GeocodingUtil - 📍 Parsed coordinates from address: [48.990280170713675, 2.0652013945627465]
2026-02-28 01:30:59 [http-nio-8080-exec-6] INFO  c.d.dineo.common.util.GeocodingUtil - ✅ Address is already coordinates: [48.990280170713675, 2.0652013945627465]
2026-02-28 01:30:59 [http-nio-8080-exec-9] INFO  c.d.dineo.common.util.GeocodingUtil - 📍 Parsed coordinates from address: [48.990280170713675, 2.0652013945627465]
2026-02-28 01:30:59 [http-nio-8080-exec-9] INFO  c.d.dineo.common.util.GeocodingUtil - ✅ Address is already coordinates: [48.990280170713675, 2.0652013945627465]
2026-02-28 01:30:59 [http-nio-8080-exec-7] INFO  c.d.d.p.c.PublicPlatController - 📍 Geocoding address for chef 2b9ae655-331b-44dd-a316-505318613279: 36.86798171618947, 10.170494516278797
2026-02-28 01:30:59 [http-nio-8080-exec-1] INFO  c.d.d.p.c.PublicPlatController - 📍 Geocoding address for chef 2b9ae655-331b-44dd-a316-505318613279: 36.86798171618947, 10.170494516278797
2026-02-28 01:30:59 [http-nio-8080-exec-7] INFO  c.d.dineo.common.util.GeocodingUtil - 📍 Parsed coordinates from address: [36.86798171618947, 10.170494516278797]
2026-02-28 01:30:59 [http-nio-8080-exec-1] INFO  c.d.dineo.common.util.GeocodingUtil - 📍 Parsed coordinates from address: [36.86798171618947, 10.170494516278797]
2026-02-28 01:30:59 [http-nio-8080-exec-7] INFO  c.d.dineo.common.util.GeocodingUtil - ✅ Address is already coordinates: [36.86798171618947, 10.170494516278797]
2026-02-28 01:30:59 [http-nio-8080-exec-1] INFO  c.d.dineo.common.util.GeocodingUtil - ✅ Address is already coordinates: [36.86798171618947, 10.170494516278797]
2026-02-28 01:30:59 [http-nio-8080-exec-7] INFO  c.d.d.p.c.PublicPlatController - ✅ Geocoded to: [36.86798171618947, 10.170494516278797]
2026-02-28 01:30:59 [http-nio-8080-exec-1] INFO  c.d.d.p.c.PublicPlatController - ✅ Geocoded to: [36.86798171618947, 10.170494516278797]
2026-02-28 01:30:59 [http-nio-8080-exec-1] INFO  c.d.d.p.c.PublicPlatController - ✅ Distance calculated for plat lasagne: 1.0 km
2026-02-28 01:30:59 [http-nio-8080-exec-7] INFO  c.d.d.p.c.PublicPlatController - ✅ Distance calculated for plat lasagne: 1.0 km
2026-02-28 01:30:59 [http-nio-8080-exec-6] INFO  c.d.dineo.common.util.GeocodingUtil - 📍 Parsed coordinates from address: [48.990280170713675, 2.0652013945627465]
2026-02-28 01:30:59 [http-nio-8080-exec-6] INFO  c.d.dineo.common.util.GeocodingUtil - ✅ Address is already coordinates: [48.990280170713675, 2.0652013945627465]
2026-02-28 01:30:59 [http-nio-8080-exec-9] INFO  c.d.dineo.common.util.GeocodingUtil - 📍 Parsed coordinates from address: [48.990280170713675, 2.0652013945627465]
2026-02-28 01:30:59 [http-nio-8080-exec-9] INFO  c.d.dineo.common.util.GeocodingUtil - ✅ Address is already coordinates: [48.990280170713675, 2.0652013945627465]
2026-02-28 01:31:00 [http-nio-8080-exec-6] INFO  c.d.dineo.common.util.GeocodingUtil - 📍 Parsed coordinates from address: [48.990280170713675, 2.0652013945627465]
2026-02-28 01:31:00 [http-nio-8080-exec-6] INFO  c.d.dineo.common.util.GeocodingUtil - ✅ Address is already coordinates: [48.990280170713675, 2.0652013945627465]
2026-02-28 01:31:00 [http-nio-8080-exec-9] INFO  c.d.dineo.common.util.GeocodingUtil - 📍 Parsed coordinates from address: [48.990280170713675, 2.0652013945627465]
2026-02-28 01:31:00 [http-nio-8080-exec-9] INFO  c.d.dineo.common.util.GeocodingUtil - ✅ Address is already coordinates: [48.990280170713675, 2.0652013945627465]
2026-02-28 01:31:00 [http-nio-8080-exec-1] INFO  c.d.d.p.c.PublicPlatController - 🔍 addDistanceToResponse called for plat: Tacos
2026-02-28 01:31:00 [http-nio-8080-exec-7] INFO  c.d.d.p.c.PublicPlatController - 🔍 addDistanceToResponse called for plat: Tacos
2026-02-28 01:31:00 [http-nio-8080-exec-6] INFO  c.d.dineo.common.util.GeocodingUtil - 📍 Parsed coordinates from address: [48.990280170713675, 2.0652013945627465]
2026-02-28 01:31:00 [http-nio-8080-exec-6] INFO  c.d.dineo.common.util.GeocodingUtil - ✅ Address is already coordinates: [48.990280170713675, 2.0652013945627465]
2026-02-28 01:31:00 [http-nio-8080-exec-6] INFO  c.d.d.p.c.PublicPlatController - After location filtering: 1 plats within 30.0km
2026-02-28 01:31:00 [http-nio-8080-exec-6] INFO  c.d.d.p.c.PublicPlatController - Found 2 unique categories from filtered plats
2026-02-28 01:31:00 [http-nio-8080-exec-9] INFO  c.d.dineo.common.util.GeocodingUtil - 📍 Parsed coordinates from address: [48.990280170713675, 2.0652013945627465]
2026-02-28 01:31:00 [http-nio-8080-exec-9] INFO  c.d.dineo.common.util.GeocodingUtil - ✅ Address is already coordinates: [48.990280170713675, 2.0652013945627465]
2026-02-28 01:31:00 [http-nio-8080-exec-9] INFO  c.d.d.p.c.PublicPlatController - After location filtering: 1 plats within 30.0km
2026-02-28 01:31:00 [http-nio-8080-exec-9] INFO  c.d.d.p.c.PublicPlatController - Found 2 unique categories from filtered plats
2026-02-28 01:31:00 [http-nio-8080-exec-7] INFO  c.d.d.p.c.PublicPlatController - 📍 Geocoding address for chef 51438312-db03-469c-b476-e4511f8e8e67: 48.990280170713675, 2.0652013945627465
2026-02-28 01:31:00 [http-nio-8080-exec-1] INFO  c.d.d.p.c.PublicPlatController - 📍 Geocoding address for chef 51438312-db03-469c-b476-e4511f8e8e67: 48.990280170713675, 2.0652013945627465
2026-02-28 01:31:00 [http-nio-8080-exec-7] INFO  c.d.dineo.common.util.GeocodingUtil - 📍 Parsed coordinates from address: [48.990280170713675, 2.0652013945627465]
2026-02-28 01:31:00 [http-nio-8080-exec-1] INFO  c.d.dineo.common.util.GeocodingUtil - 📍 Parsed coordinates from address: [48.990280170713675, 2.0652013945627465]
2026-02-28 01:31:00 [http-nio-8080-exec-7] INFO  c.d.dineo.common.util.GeocodingUtil - ✅ Address is already coordinates: [48.990280170713675, 2.0652013945627465]
2026-02-28 01:31:00 [http-nio-8080-exec-1] INFO  c.d.dineo.common.util.GeocodingUtil - ✅ Address is already coordinates: [48.990280170713675, 2.0652013945627465]
2026-02-28 01:31:00 [http-nio-8080-exec-7] INFO  c.d.d.p.c.PublicPlatController - ✅ Geocoded to: [48.990280170713675, 2.0652013945627465]
2026-02-28 01:31:00 [http-nio-8080-exec-1] INFO  c.d.d.p.c.PublicPlatController - ✅ Geocoded to: [48.990280170713675, 2.0652013945627465]
2026-02-28 01:31:00 [http-nio-8080-exec-7] INFO  c.d.d.p.c.PublicPlatController - ✅ Distance calculated for plat Tacos: 1499.1 km
2026-02-28 01:31:00 [http-nio-8080-exec-1] INFO  c.d.d.p.c.PublicPlatController - ✅ Distance calculated for plat Tacos: 1499.1 km
2026-02-28 01:31:01 [http-nio-8080-exec-1] INFO  c.d.d.p.c.PublicPlatController - 🔍 addDistanceToResponse called for plat: Tiramisu
2026-02-28 01:31:01 [http-nio-8080-exec-7] INFO  c.d.d.p.c.PublicPlatController - 🔍 addDistanceToResponse called for plat: Tiramisu
2026-02-28 01:31:01 [http-nio-8080-exec-1] INFO  c.d.d.p.c.PublicPlatController - 📍 Geocoding address for chef 51438312-db03-469c-b476-e4511f8e8e67: 48.990280170713675, 2.0652013945627465
2026-02-28 01:31:01 [http-nio-8080-exec-1] INFO  c.d.dineo.common.util.GeocodingUtil - 📍 Parsed coordinates from address: [48.990280170713675, 2.0652013945627465]
2026-02-28 01:31:01 [http-nio-8080-exec-1] INFO  c.d.dineo.common.util.GeocodingUtil - ✅ Address is already coordinates: [48.990280170713675, 2.0652013945627465]
2026-02-28 01:31:01 [http-nio-8080-exec-1] INFO  c.d.d.p.c.PublicPlatController - ✅ Geocoded to: [48.990280170713675, 2.0652013945627465]
2026-02-28 01:31:01 [http-nio-8080-exec-1] INFO  c.d.d.p.c.PublicPlatController - ✅ Distance calculated for plat Tiramisu: 1499.1 km
2026-02-28 01:31:01 [http-nio-8080-exec-7] INFO  c.d.d.p.c.PublicPlatController - 📍 Geocoding address for chef 51438312-db03-469c-b476-e4511f8e8e67: 48.990280170713675, 2.0652013945627465
2026-02-28 01:31:01 [http-nio-8080-exec-7] INFO  c.d.dineo.common.util.GeocodingUtil - 📍 Parsed coordinates from address: [48.990280170713675, 2.0652013945627465]
2026-02-28 01:31:01 [http-nio-8080-exec-7] INFO  c.d.dineo.common.util.GeocodingUtil - ✅ Address is already coordinates: [48.990280170713675, 2.0652013945627465]
2026-02-28 01:31:01 [http-nio-8080-exec-7] INFO  c.d.d.p.c.PublicPlatController - ✅ Geocoded to: [48.990280170713675, 2.0652013945627465]
2026-02-28 01:31:01 [http-nio-8080-exec-7] INFO  c.d.d.p.c.PublicPlatController - ✅ Distance calculated for plat Tiramisu: 1499.1 km
2026-02-28 01:31:01 [http-nio-8080-exec-1] INFO  c.d.d.p.c.PublicPlatController - 🔍 addDistanceToResponse called for plat: Steak
2026-02-28 01:31:01 [http-nio-8080-exec-7] INFO  c.d.d.p.c.PublicPlatController - 🔍 addDistanceToResponse called for plat: Steak
2026-02-28 01:31:02 [http-nio-8080-exec-1] INFO  c.d.d.p.c.PublicPlatController - 📍 Geocoding address for chef 51438312-db03-469c-b476-e4511f8e8e67: 48.990280170713675, 2.0652013945627465
2026-02-28 01:31:02 [http-nio-8080-exec-1] INFO  c.d.dineo.common.util.GeocodingUtil - 📍 Parsed coordinates from address: [48.990280170713675, 2.0652013945627465]
2026-02-28 01:31:02 [http-nio-8080-exec-1] INFO  c.d.dineo.common.util.GeocodingUtil - ✅ Address is already coordinates: [48.990280170713675, 2.0652013945627465]
2026-02-28 01:31:02 [http-nio-8080-exec-1] INFO  c.d.d.p.c.PublicPlatController - ✅ Geocoded to: [48.990280170713675, 2.0652013945627465]
2026-02-28 01:31:02 [http-nio-8080-exec-1] INFO  c.d.d.p.c.PublicPlatController - ✅ Distance calculated for plat Steak: 1499.1 km
2026-02-28 01:31:02 [http-nio-8080-exec-7] INFO  c.d.d.p.c.PublicPlatController - 📍 Geocoding address for chef 51438312-db03-469c-b476-e4511f8e8e67: 48.990280170713675, 2.0652013945627465
2026-02-28 01:31:02 [http-nio-8080-exec-7] INFO  c.d.dineo.common.util.GeocodingUtil - 📍 Parsed coordinates from address: [48.990280170713675, 2.0652013945627465]
2026-02-28 01:31:02 [http-nio-8080-exec-7] INFO  c.d.dineo.common.util.GeocodingUtil - ✅ Address is already coordinates: [48.990280170713675, 2.0652013945627465]
2026-02-28 01:31:02 [http-nio-8080-exec-7] INFO  c.d.d.p.c.PublicPlatController - ✅ Geocoded to: [48.990280170713675, 2.0652013945627465]
2026-02-28 01:31:02 [http-nio-8080-exec-7] INFO  c.d.d.p.c.PublicPlatController - ✅ Distance calculated for plat Steak: 1499.1 km
2026-02-28 01:31:02 [http-nio-8080-exec-1] INFO  c.d.d.p.c.PublicPlatController - 🔍 addDistanceToResponse called for plat: Kouskous tunisien
2026-02-28 01:31:02 [http-nio-8080-exec-7] INFO  c.d.d.p.c.PublicPlatController - 🔍 addDistanceToResponse called for plat: Kouskous tunisien
2026-02-28 01:31:02 [http-nio-8080-exec-1] INFO  c.d.d.p.c.PublicPlatController - 📍 Geocoding address for chef 51438312-db03-469c-b476-e4511f8e8e67: 48.990280170713675, 2.0652013945627465
2026-02-28 01:31:02 [http-nio-8080-exec-1] INFO  c.d.dineo.common.util.GeocodingUtil - 📍 Parsed coordinates from address: [48.990280170713675, 2.0652013945627465]
2026-02-28 01:31:02 [http-nio-8080-exec-1] INFO  c.d.dineo.common.util.GeocodingUtil - ✅ Address is already coordinates: [48.990280170713675, 2.0652013945627465]
2026-02-28 01:31:02 [http-nio-8080-exec-1] INFO  c.d.d.p.c.PublicPlatController - ✅ Geocoded to: [48.990280170713675, 2.0652013945627465]
2026-02-28 01:31:02 [http-nio-8080-exec-1] INFO  c.d.d.p.c.PublicPlatController - ✅ Distance calculated for plat Kouskous tunisien: 1499.1 km
2026-02-28 01:31:02 [http-nio-8080-exec-7] INFO  c.d.d.p.c.PublicPlatController - 📍 Geocoding address for chef 51438312-db03-469c-b476-e4511f8e8e67: 48.990280170713675, 2.0652013945627465
2026-02-28 01:31:02 [http-nio-8080-exec-7] INFO  c.d.dineo.common.util.GeocodingUtil - 📍 Parsed coordinates from address: [48.990280170713675, 2.0652013945627465]
2026-02-28 01:31:02 [http-nio-8080-exec-7] INFO  c.d.dineo.common.util.GeocodingUtil - ✅ Address is already coordinates: [48.990280170713675, 2.0652013945627465]
2026-02-28 01:31:02 [http-nio-8080-exec-7] INFO  c.d.d.p.c.PublicPlatController - ✅ Geocoded to: [48.990280170713675, 2.0652013945627465]
2026-02-28 01:31:02 [http-nio-8080-exec-7] INFO  c.d.d.p.c.PublicPlatController - ✅ Distance calculated for plat Kouskous tunisien: 1499.1 km
2026-02-28 01:31:03 [http-nio-8080-exec-7] INFO  c.d.d.p.c.PublicPlatController - 🔍 addDistanceToResponse called for plat: Sushi
2026-02-28 01:31:03 [http-nio-8080-exec-1] INFO  c.d.d.p.c.PublicPlatController - 🔍 addDistanceToResponse called for plat: Sushi
2026-02-28 01:31:03 [http-nio-8080-exec-7] INFO  c.d.d.p.c.PublicPlatController - 📍 Geocoding address for chef 51438312-db03-469c-b476-e4511f8e8e67: 48.990280170713675, 2.0652013945627465
2026-02-28 01:31:03 [http-nio-8080-exec-7] INFO  c.d.dineo.common.util.GeocodingUtil - 📍 Parsed coordinates from address: [48.990280170713675, 2.0652013945627465]
2026-02-28 01:31:03 [http-nio-8080-exec-7] INFO  c.d.dineo.common.util.GeocodingUtil - ✅ Address is already coordinates: [48.990280170713675, 2.0652013945627465]
2026-02-28 01:31:03 [http-nio-8080-exec-7] INFO  c.d.d.p.c.PublicPlatController - ✅ Geocoded to: [48.990280170713675, 2.0652013945627465]
2026-02-28 01:31:03 [http-nio-8080-exec-7] INFO  c.d.d.p.c.PublicPlatController - ✅ Distance calculated for plat Sushi: 1499.1 km
2026-02-28 01:31:03 [http-nio-8080-exec-1] INFO  c.d.d.p.c.PublicPlatController - 📍 Geocoding address for chef 51438312-db03-469c-b476-e4511f8e8e67: 48.990280170713675, 2.0652013945627465
2026-02-28 01:31:03 [http-nio-8080-exec-1] INFO  c.d.dineo.common.util.GeocodingUtil - 📍 Parsed coordinates from address: [48.990280170713675, 2.0652013945627465]
2026-02-28 01:31:03 [http-nio-8080-exec-1] INFO  c.d.dineo.common.util.GeocodingUtil - ✅ Address is already coordinates: [48.990280170713675, 2.0652013945627465]
2026-02-28 01:31:03 [http-nio-8080-exec-1] INFO  c.d.d.p.c.PublicPlatController - ✅ Geocoded to: [48.990280170713675, 2.0652013945627465]
2026-02-28 01:31:03 [http-nio-8080-exec-1] INFO  c.d.d.p.c.PublicPlatController - ✅ Distance calculated for plat Sushi: 1499.1 km
2026-02-28 01:31:04 [http-nio-8080-exec-7] INFO  c.d.d.p.c.PublicPlatController - 🔍 addDistanceToResponse called for plat: Salade César
2026-02-28 01:31:04 [http-nio-8080-exec-1] INFO  c.d.d.p.c.PublicPlatController - 🔍 addDistanceToResponse called for plat: Salade César
2026-02-28 01:31:04 [http-nio-8080-exec-7] INFO  c.d.d.p.c.PublicPlatController - 📍 Geocoding address for chef 51438312-db03-469c-b476-e4511f8e8e67: 48.990280170713675, 2.0652013945627465
2026-02-28 01:31:04 [http-nio-8080-exec-7] INFO  c.d.dineo.common.util.GeocodingUtil - 📍 Parsed coordinates from address: [48.990280170713675, 2.0652013945627465]
2026-02-28 01:31:04 [http-nio-8080-exec-7] INFO  c.d.dineo.common.util.GeocodingUtil - ✅ Address is already coordinates: [48.990280170713675, 2.0652013945627465]
2026-02-28 01:31:04 [http-nio-8080-exec-7] INFO  c.d.d.p.c.PublicPlatController - ✅ Geocoded to: [48.990280170713675, 2.0652013945627465]
2026-02-28 01:31:04 [http-nio-8080-exec-7] INFO  c.d.d.p.c.PublicPlatController - ✅ Distance calculated for plat Salade César: 1499.1 km
2026-02-28 01:31:04 [http-nio-8080-exec-1] INFO  c.d.d.p.c.PublicPlatController - 📍 Geocoding address for chef 51438312-db03-469c-b476-e4511f8e8e67: 48.990280170713675, 2.0652013945627465
2026-02-28 01:31:04 [http-nio-8080-exec-1] INFO  c.d.dineo.common.util.GeocodingUtil - 📍 Parsed coordinates from address: [48.990280170713675, 2.0652013945627465]
2026-02-28 01:31:04 [http-nio-8080-exec-1] INFO  c.d.dineo.common.util.GeocodingUtil - ✅ Address is already coordinates: [48.990280170713675, 2.0652013945627465]
2026-02-28 01:31:04 [http-nio-8080-exec-1] INFO  c.d.d.p.c.PublicPlatController - ✅ Geocoded to: [48.990280170713675, 2.0652013945627465]
2026-02-28 01:31:04 [http-nio-8080-exec-1] INFO  c.d.d.p.c.PublicPlatController - ✅ Distance calculated for plat Salade César: 1499.1 km
2026-02-28 01:31:05 [http-nio-8080-exec-1] INFO  c.d.d.p.c.PublicPlatController - 🔍 addDistanceToResponse called for plat: Pizza
2026-02-28 01:31:05 [http-nio-8080-exec-7] INFO  c.d.d.p.c.PublicPlatController - 🔍 addDistanceToResponse called for plat: Pizza
2026-02-28 01:31:05 [http-nio-8080-exec-1] INFO  c.d.d.p.c.PublicPlatController - 📍 Geocoding address for chef 51438312-db03-469c-b476-e4511f8e8e67: 48.990280170713675, 2.0652013945627465
2026-02-28 01:31:05 [http-nio-8080-exec-1] INFO  c.d.dineo.common.util.GeocodingUtil - 📍 Parsed coordinates from address: [48.990280170713675, 2.0652013945627465]
2026-02-28 01:31:05 [http-nio-8080-exec-1] INFO  c.d.dineo.common.util.GeocodingUtil - ✅ Address is already coordinates: [48.990280170713675, 2.0652013945627465]
2026-02-28 01:31:05 [http-nio-8080-exec-1] INFO  c.d.d.p.c.PublicPlatController - ✅ Geocoded to: [48.990280170713675, 2.0652013945627465]
2026-02-28 01:31:05 [http-nio-8080-exec-1] INFO  c.d.d.p.c.PublicPlatController - ✅ Distance calculated for plat Pizza: 1499.1 km
2026-02-28 01:31:05 [http-nio-8080-exec-7] INFO  c.d.d.p.c.PublicPlatController - 📍 Geocoding address for chef 51438312-db03-469c-b476-e4511f8e8e67: 48.990280170713675, 2.0652013945627465
2026-02-28 01:31:05 [http-nio-8080-exec-7] INFO  c.d.dineo.common.util.GeocodingUtil - 📍 Parsed coordinates from address: [48.990280170713675, 2.0652013945627465]
2026-02-28 01:31:05 [http-nio-8080-exec-7] INFO  c.d.dineo.common.util.GeocodingUtil - ✅ Address is already coordinates: [48.990280170713675, 2.0652013945627465]
2026-02-28 01:31:05 [http-nio-8080-exec-7] INFO  c.d.d.p.c.PublicPlatController - ✅ Geocoded to: [48.990280170713675, 2.0652013945627465]
2026-02-28 01:31:05 [http-nio-8080-exec-7] INFO  c.d.d.p.c.PublicPlatController - ✅ Distance calculated for plat Pizza: 1499.1 km
2026-02-28 01:31:05 [http-nio-8080-exec-1] INFO  c.d.d.p.c.PublicPlatController - 🔍 addDistanceToResponse called for plat: Plat fruit de mer
2026-02-28 01:31:05 [http-nio-8080-exec-7] INFO  c.d.d.p.c.PublicPlatController - 🔍 addDistanceToResponse called for plat: Plat fruit de mer
2026-02-28 01:31:05 [http-nio-8080-exec-5] INFO  c.d.d.c.c.PublicChefController - 🚨🚨🚨 CHEF ENDPOINT CALLED - lat: 48.8566, lon: 2.3522, radius: 100.0 km, page: 0, pageSize: 10
2026-02-28 01:31:05 [http-nio-8080-exec-5] INFO  c.d.d.c.c.PublicChefController - Get nearby chefs request received for location (48.8566, 2.3522) within 100.0 km
2026-02-28 01:31:05 [http-nio-8080-exec-5] INFO  c.d.d.c.c.PublicChefController - Found 6 PROVIDER users
2026-02-28 01:31:06 [http-nio-8080-exec-7] INFO  c.d.d.p.c.PublicPlatController - 📍 Geocoding address for chef 51438312-db03-469c-b476-e4511f8e8e67: 48.990280170713675, 2.0652013945627465
2026-02-28 01:31:06 [http-nio-8080-exec-7] INFO  c.d.dineo.common.util.GeocodingUtil - 📍 Parsed coordinates from address: [48.990280170713675, 2.0652013945627465]
2026-02-28 01:31:06 [http-nio-8080-exec-7] INFO  c.d.dineo.common.util.GeocodingUtil - ✅ Address is already coordinates: [48.990280170713675, 2.0652013945627465]
2026-02-28 01:31:06 [http-nio-8080-exec-7] INFO  c.d.d.p.c.PublicPlatController - ✅ Geocoded to: [48.990280170713675, 2.0652013945627465]
2026-02-28 01:31:06 [http-nio-8080-exec-7] INFO  c.d.d.p.c.PublicPlatController - ✅ Distance calculated for plat Plat fruit de mer: 1499.1 km
2026-02-28 01:31:06 [http-nio-8080-exec-1] INFO  c.d.d.p.c.PublicPlatController - 📍 Geocoding address for chef 51438312-db03-469c-b476-e4511f8e8e67: 48.990280170713675, 2.0652013945627465
2026-02-28 01:31:06 [http-nio-8080-exec-1] INFO  c.d.dineo.common.util.GeocodingUtil - 📍 Parsed coordinates from address: [48.990280170713675, 2.0652013945627465]
2026-02-28 01:31:06 [http-nio-8080-exec-1] INFO  c.d.dineo.common.util.GeocodingUtil - ✅ Address is already coordinates: [48.990280170713675, 2.0652013945627465]
2026-02-28 01:31:06 [http-nio-8080-exec-1] INFO  c.d.d.p.c.PublicPlatController - ✅ Geocoded to: [48.990280170713675, 2.0652013945627465]
2026-02-28 01:31:06 [http-nio-8080-exec-1] INFO  c.d.d.p.c.PublicPlatController - ✅ Distance calculated for plat Plat fruit de mer: 1499.1 km
2026-02-28 01:31:06 [http-nio-8080-exec-5] INFO  c.d.d.c.c.PublicChefController - Retrieved 3 chef users from database
2026-02-28 01:31:06 [http-nio-8080-exec-5] INFO  c.d.d.c.c.PublicChefController - 📍 Adding distance for chef 2b9ae655-331b-44dd-a316-505318613279 at address: 36.86798171618947, 10.170494516278797
2026-02-28 01:31:06 [http-nio-8080-exec-5] INFO  c.d.d.c.c.PublicChefController - 📍 Adding distance for chef 2b9ae655-331b-44dd-a316-505318613279 at address: 36.86798171618947, 10.170494516278797
2026-02-28 01:31:06 [http-nio-8080-exec-5] INFO  c.d.dineo.common.util.GeocodingUtil - 📍 Parsed coordinates from address: [36.86798171618947, 10.170494516278797]
2026-02-28 01:31:06 [http-nio-8080-exec-5] INFO  c.d.dineo.common.util.GeocodingUtil - ✅ Address is already coordinates: [36.86798171618947, 10.170494516278797]
2026-02-28 01:31:06 [http-nio-8080-exec-5] INFO  c.d.d.c.c.PublicChefController - 📏 Distance calculated: 1475.6 km
2026-02-28 01:31:06 [http-nio-8080-exec-5] INFO  c.d.d.c.c.PublicChefController - 📏 Distance calculated: 1475.6 km
2026-02-28 01:31:06 [http-nio-8080-exec-5] INFO  c.d.d.c.c.PublicChefController - 📍 Adding distance for chef 51438312-db03-469c-b476-e4511f8e8e67 at address: 48.990280170713675, 2.0652013945627465
2026-02-28 01:31:06 [http-nio-8080-exec-5] INFO  c.d.d.c.c.PublicChefController - 📍 Adding distance for chef 51438312-db03-469c-b476-e4511f8e8e67 at address: 48.990280170713675, 2.0652013945627465
2026-02-28 01:31:06 [http-nio-8080-exec-5] INFO  c.d.dineo.common.util.GeocodingUtil - 📍 Parsed coordinates from address: [48.990280170713675, 2.0652013945627465]
2026-02-28 01:31:06 [http-nio-8080-exec-5] INFO  c.d.dineo.common.util.GeocodingUtil - ✅ Address is already coordinates: [48.990280170713675, 2.0652013945627465]
2026-02-28 01:31:06 [http-nio-8080-exec-5] INFO  c.d.d.c.c.PublicChefController - 📏 Distance calculated: 25.7 km
2026-02-28 01:31:06 [http-nio-8080-exec-5] INFO  c.d.d.c.c.PublicChefController - 📏 Distance calculated: 25.7 km
2026-02-28 01:31:06 [http-nio-8080-exec-7] INFO  c.d.d.p.c.PublicPlatController - 🔍 addDistanceToResponse called for plat: Par-là
2026-02-28 01:31:06 [http-nio-8080-exec-5] INFO  c.d.d.c.c.PublicChefController - 📍 Adding distance for chef 8b1c9d91-8d1d-43e8-ab9f-904a95c1b8d4 at address: 48.98818216984314, 2.0658558535655827
2026-02-28 01:31:06 [http-nio-8080-exec-5] INFO  c.d.d.c.c.PublicChefController - 📍 Adding distance for chef 8b1c9d91-8d1d-43e8-ab9f-904a95c1b8d4 at address: 48.98818216984314, 2.0658558535655827
2026-02-28 01:31:06 [http-nio-8080-exec-5] INFO  c.d.dineo.common.util.GeocodingUtil - 📍 Parsed coordinates from address: [48.98818216984314, 2.0658558535655827]
2026-02-28 01:31:06 [http-nio-8080-exec-5] INFO  c.d.dineo.common.util.GeocodingUtil - ✅ Address is already coordinates: [48.98818216984314, 2.0658558535655827]
2026-02-28 01:31:06 [http-nio-8080-exec-5] INFO  c.d.d.c.c.PublicChefController - 📏 Distance calculated: 25.5 km
2026-02-28 01:31:06 [http-nio-8080-exec-5] INFO  c.d.d.c.c.PublicChefController - 📏 Distance calculated: 25.5 km
2026-02-28 01:31:06 [http-nio-8080-exec-5] INFO  c.d.d.c.c.PublicChefController - Found 2 chefs within 100.0 km radius
2026-02-28 01:31:06 [http-nio-8080-exec-5] INFO  c.d.d.c.c.PublicChefController - Successfully retrieved 2 nearby chefs (page 1/1)
2026-02-28 01:31:06 [http-nio-8080-exec-1] INFO  c.d.d.p.c.PublicPlatController - 🔍 addDistanceToResponse called for plat: Par-là
2026-02-28 01:31:06 [http-nio-8080-exec-7] INFO  c.d.d.p.c.PublicPlatController - 📍 Geocoding address for chef 51438312-db03-469c-b476-e4511f8e8e67: 48.990280170713675, 2.0652013945627465
2026-02-28 01:31:06 [http-nio-8080-exec-7] INFO  c.d.dineo.common.util.GeocodingUtil - 📍 Parsed coordinates from address: [48.990280170713675, 2.0652013945627465]
2026-02-28 01:31:06 [http-nio-8080-exec-7] INFO  c.d.dineo.common.util.GeocodingUtil - ✅ Address is already coordinates: [48.990280170713675, 2.0652013945627465]
2026-02-28 01:31:06 [http-nio-8080-exec-7] INFO  c.d.d.p.c.PublicPlatController - ✅ Geocoded to: [48.990280170713675, 2.0652013945627465]
2026-02-28 01:31:06 [http-nio-8080-exec-7] INFO  c.d.d.p.c.PublicPlatController - ✅ Distance calculated for plat Par-là: 1499.1 km
2026-02-28 01:31:06 [http-nio-8080-exec-7] INFO  c.d.d.p.c.PublicPlatController - After all filters: 1 plats remaining
2026-02-28 01:31:06 [http-nio-8080-exec-7] INFO  c.d.d.p.c.PublicPlatController - Search returned 1 total results, page 1/1
2026-02-28 01:31:06 [http-nio-8080-exec-1] INFO  c.d.d.p.c.PublicPlatController - 📍 Geocoding address for chef 51438312-db03-469c-b476-e4511f8e8e67: 48.990280170713675, 2.0652013945627465
2026-02-28 01:31:06 [http-nio-8080-exec-1] INFO  c.d.dineo.common.util.GeocodingUtil - 📍 Parsed coordinates from address: [48.990280170713675, 2.0652013945627465]
2026-02-28 01:31:06 [http-nio-8080-exec-1] INFO  c.d.dineo.common.util.GeocodingUtil - ✅ Address is already coordinates: [48.990280170713675, 2.0652013945627465]
2026-02-28 01:31:06 [http-nio-8080-exec-1] INFO  c.d.d.p.c.PublicPlatController - ✅ Geocoded to: [48.990280170713675, 2.0652013945627465]
2026-02-28 01:31:06 [http-nio-8080-exec-1] INFO  c.d.d.p.c.PublicPlatController - ✅ Distance calculated for plat Par-là: 1499.1 km
2026-02-28 01:31:06 [http-nio-8080-exec-1] INFO  c.d.d.p.c.PublicPlatController - After all filters: 1 plats remaining
2026-02-28 01:31:06 [http-nio-8080-exec-1] INFO  c.d.d.p.c.PublicPlatController - Search returned 1 total results, page 1/1
2026-02-28 01:31:12 [http-nio-8080-exec-3] INFO  c.d.d.c.c.PublicChefController - 🚨🚨🚨 CHEF ENDPOINT CALLED - lat: 36.8, lon: 10.18, radius: 30.0 km, page: 0, pageSize: 10
2026-02-28 01:31:12 [http-nio-8080-exec-3] INFO  c.d.d.c.c.PublicChefController - Get nearby chefs request received for location (36.8, 10.18) within 30.0 km
2026-02-28 01:31:12 [http-nio-8080-exec-3] INFO  c.d.d.c.c.PublicChefController - Found 6 PROVIDER users
2026-02-28 01:31:12 [http-nio-8080-exec-3] INFO  c.d.d.c.c.PublicChefController - Retrieved 3 chef users from database
2026-02-28 01:31:12 [http-nio-8080-exec-3] INFO  c.d.d.c.c.PublicChefController - 📍 Adding distance for chef 2b9ae655-331b-44dd-a316-505318613279 at address: 36.86798171618947, 10.170494516278797
2026-02-28 01:31:12 [http-nio-8080-exec-3] INFO  c.d.d.c.c.PublicChefController - 📍 Adding distance for chef 2b9ae655-331b-44dd-a316-505318613279 at address: 36.86798171618947, 10.170494516278797
2026-02-28 01:31:12 [http-nio-8080-exec-3] INFO  c.d.dineo.common.util.GeocodingUtil - 📍 Parsed coordinates from address: [36.86798171618947, 10.170494516278797]
2026-02-28 01:31:12 [http-nio-8080-exec-3] INFO  c.d.dineo.common.util.GeocodingUtil - ✅ Address is already coordinates: [36.86798171618947, 10.170494516278797]
2026-02-28 01:31:12 [http-nio-8080-exec-3] INFO  c.d.d.c.c.PublicChefController - 📏 Distance calculated: 7.6 km
2026-02-28 01:31:12 [http-nio-8080-exec-3] INFO  c.d.d.c.c.PublicChefController - 📏 Distance calculated: 7.6 km
2026-02-28 01:31:12 [http-nio-8080-exec-3] INFO  c.d.d.c.c.PublicChefController - 📍 Adding distance for chef 51438312-db03-469c-b476-e4511f8e8e67 at address: 48.990280170713675, 2.0652013945627465
2026-02-28 01:31:12 [http-nio-8080-exec-3] INFO  c.d.d.c.c.PublicChefController - 📍 Adding distance for chef 51438312-db03-469c-b476-e4511f8e8e67 at address: 48.990280170713675, 2.0652013945627465
2026-02-28 01:31:12 [http-nio-8080-exec-3] INFO  c.d.dineo.common.util.GeocodingUtil - 📍 Parsed coordinates from address: [48.990280170713675, 2.0652013945627465]
2026-02-28 01:31:12 [http-nio-8080-exec-3] INFO  c.d.dineo.common.util.GeocodingUtil - ✅ Address is already coordinates: [48.990280170713675, 2.0652013945627465]
2026-02-28 01:31:12 [http-nio-8080-exec-3] INFO  c.d.d.c.c.PublicChefController - 📏 Distance calculated: 1506.0 km
2026-02-28 01:31:12 [http-nio-8080-exec-3] INFO  c.d.d.c.c.PublicChefController - 📏 Distance calculated: 1506.0 km
2026-02-28 01:31:12 [http-nio-8080-exec-3] INFO  c.d.d.c.c.PublicChefController - 📍 Adding distance for chef 8b1c9d91-8d1d-43e8-ab9f-904a95c1b8d4 at address: 48.98818216984314, 2.0658558535655827
2026-02-28 01:31:12 [http-nio-8080-exec-3] INFO  c.d.d.c.c.PublicChefController - 📍 Adding distance for chef 8b1c9d91-8d1d-43e8-ab9f-904a95c1b8d4 at address: 48.98818216984314, 2.0658558535655827
2026-02-28 01:31:12 [http-nio-8080-exec-3] INFO  c.d.dineo.common.util.GeocodingUtil - 📍 Parsed coordinates from address: [48.98818216984314, 2.0658558535655827]
2026-02-28 01:31:12 [http-nio-8080-exec-3] INFO  c.d.dineo.common.util.GeocodingUtil - ✅ Address is already coordinates: [48.98818216984314, 2.0658558535655827]
2026-02-28 01:31:12 [http-nio-8080-exec-3] INFO  c.d.d.c.c.PublicChefController - 📏 Distance calculated: 1505.8 km
2026-02-28 01:31:12 [http-nio-8080-exec-3] INFO  c.d.d.c.c.PublicChefController - 📏 Distance calculated: 1505.8 km
2026-02-28 01:31:12 [http-nio-8080-exec-3] INFO  c.d.d.c.c.PublicChefController - Found 1 chefs within 30.0 km radius
2026-02-28 01:31:12 [http-nio-8080-exec-3] INFO  c.d.d.c.c.PublicChefController - Successfully retrieved 1 nearby chefs (page 1/1)
2026-02-28 01:31:15 [http-nio-8080-exec-4] INFO  c.d.d.c.c.PublicChefController - 🚨🚨🚨 CHEF ENDPOINT CALLED - lat: 36.8, lon: 10.18, radius: 30.0 km, page: 0, pageSize: 10
2026-02-28 01:31:15 [http-nio-8080-exec-4] INFO  c.d.d.c.c.PublicChefController - Get nearby chefs request received for location (36.8, 10.18) within 30.0 km
2026-02-28 01:31:15 [http-nio-8080-exec-4] INFO  c.d.d.c.c.PublicChefController - Found 6 PROVIDER users
2026-02-28 01:31:15 [http-nio-8080-exec-4] INFO  c.d.d.c.c.PublicChefController - Retrieved 3 chef users from database
2026-02-28 01:31:15 [http-nio-8080-exec-4] INFO  c.d.d.c.c.PublicChefController - 📍 Adding distance for chef 2b9ae655-331b-44dd-a316-505318613279 at address: 36.86798171618947, 10.170494516278797
2026-02-28 01:31:15 [http-nio-8080-exec-4] INFO  c.d.d.c.c.PublicChefController - 📍 Adding distance for chef 2b9ae655-331b-44dd-a316-505318613279 at address: 36.86798171618947, 10.170494516278797
2026-02-28 01:31:15 [http-nio-8080-exec-4] INFO  c.d.dineo.common.util.GeocodingUtil - 📍 Parsed coordinates from address: [36.86798171618947, 10.170494516278797]
2026-02-28 01:31:15 [http-nio-8080-exec-4] INFO  c.d.dineo.common.util.GeocodingUtil - ✅ Address is already coordinates: [36.86798171618947, 10.170494516278797]
2026-02-28 01:31:15 [http-nio-8080-exec-4] INFO  c.d.d.c.c.PublicChefController - 📏 Distance calculated: 7.6 km
2026-02-28 01:31:15 [http-nio-8080-exec-4] INFO  c.d.d.c.c.PublicChefController - 📏 Distance calculated: 7.6 km
2026-02-28 01:31:16 [http-nio-8080-exec-4] INFO  c.d.d.c.c.PublicChefController - 📍 Adding distance for chef 51438312-db03-469c-b476-e4511f8e8e67 at address: 48.990280170713675, 2.0652013945627465
2026-02-28 01:31:16 [http-nio-8080-exec-4] INFO  c.d.d.c.c.PublicChefController - 📍 Adding distance for chef 51438312-db03-469c-b476-e4511f8e8e67 at address: 48.990280170713675, 2.0652013945627465
2026-02-28 01:31:16 [http-nio-8080-exec-4] INFO  c.d.dineo.common.util.GeocodingUtil - 📍 Parsed coordinates from address: [48.990280170713675, 2.0652013945627465]
2026-02-28 01:31:16 [http-nio-8080-exec-4] INFO  c.d.dineo.common.util.GeocodingUtil - ✅ Address is already coordinates: [48.990280170713675, 2.0652013945627465]
2026-02-28 01:31:16 [http-nio-8080-exec-4] INFO  c.d.d.c.c.PublicChefController - 📏 Distance calculated: 1506.0 km
2026-02-28 01:31:16 [http-nio-8080-exec-4] INFO  c.d.d.c.c.PublicChefController - 📏 Distance calculated: 1506.0 km
2026-02-28 01:31:16 [http-nio-8080-exec-4] INFO  c.d.d.c.c.PublicChefController - 📍 Adding distance for chef 8b1c9d91-8d1d-43e8-ab9f-904a95c1b8d4 at address: 48.98818216984314, 2.0658558535655827
2026-02-28 01:31:16 [http-nio-8080-exec-4] INFO  c.d.d.c.c.PublicChefController - 📍 Adding distance for chef 8b1c9d91-8d1d-43e8-ab9f-904a95c1b8d4 at address: 48.98818216984314, 2.0658558535655827
2026-02-28 01:31:16 [http-nio-8080-exec-4] INFO  c.d.dineo.common.util.GeocodingUtil - 📍 Parsed coordinates from address: [48.98818216984314, 2.0658558535655827]
2026-02-28 01:31:16 [http-nio-8080-exec-4] INFO  c.d.dineo.common.util.GeocodingUtil - ✅ Address is already coordinates: [48.98818216984314, 2.0658558535655827]
2026-02-28 01:31:16 [http-nio-8080-exec-4] INFO  c.d.d.c.c.PublicChefController - 📏 Distance calculated: 1505.8 km
2026-02-28 01:31:16 [http-nio-8080-exec-4] INFO  c.d.d.c.c.PublicChefController - 📏 Distance calculated: 1505.8 km
2026-02-28 01:31:16 [http-nio-8080-exec-4] INFO  c.d.d.c.c.PublicChefController - Found 1 chefs within 30.0 km radius
2026-02-28 01:31:16 [http-nio-8080-exec-4] INFO  c.d.d.c.c.PublicChefController - Successfully retrieved 1 nearby chefs (page 1/1)
2026-02-28 01:32:41 [http-nio-8080-exec-1] INFO  c.d.d.c.c.PublicChefController - 🚨🚨🚨 CHEF ENDPOINT CALLED - lat: 36.86185454999997, lon: 10.162940019999994, radius: 30.0 km, page: 0, pageSize: 12
2026-02-28 01:32:41 [http-nio-8080-exec-7] INFO  c.d.d.c.c.PublicChefController - 🚨🚨🚨 CHEF ENDPOINT CALLED - lat: 36.86185454999997, lon: 10.162940019999994, radius: 30.0 km, page: 0, pageSize: 12
2026-02-28 01:32:41 [http-nio-8080-exec-1] INFO  c.d.d.c.c.PublicChefController - Get nearby chefs request received for location (36.86185454999997, 10.162940019999994) within 30.0 km
2026-02-28 01:32:41 [http-nio-8080-exec-7] INFO  c.d.d.c.c.PublicChefController - Get nearby chefs request received for location (36.86185454999997, 10.162940019999994) within 30.0 km
2026-02-28 01:32:41 [http-nio-8080-exec-7] INFO  c.d.d.c.c.PublicChefController - Found 6 PROVIDER users
2026-02-28 01:32:41 [http-nio-8080-exec-1] INFO  c.d.d.c.c.PublicChefController - Found 6 PROVIDER users
2026-02-28 01:32:41 [http-nio-8080-exec-7] INFO  c.d.d.c.c.PublicChefController - Retrieved 3 chef users from database
2026-02-28 01:32:41 [http-nio-8080-exec-1] INFO  c.d.d.c.c.PublicChefController - Retrieved 3 chef users from database
2026-02-28 01:32:41 [http-nio-8080-exec-7] INFO  c.d.d.c.c.PublicChefController - 📍 Adding distance for chef 2b9ae655-331b-44dd-a316-505318613279 at address: 36.86798171618947, 10.170494516278797
2026-02-28 01:32:41 [http-nio-8080-exec-7] INFO  c.d.d.c.c.PublicChefController - 📍 Adding distance for chef 2b9ae655-331b-44dd-a316-505318613279 at address: 36.86798171618947, 10.170494516278797
2026-02-28 01:32:41 [http-nio-8080-exec-7] INFO  c.d.dineo.common.util.GeocodingUtil - 📍 Parsed coordinates from address: [36.86798171618947, 10.170494516278797]
2026-02-28 01:32:41 [http-nio-8080-exec-7] INFO  c.d.dineo.common.util.GeocodingUtil - ✅ Address is already coordinates: [36.86798171618947, 10.170494516278797]
2026-02-28 01:32:41 [http-nio-8080-exec-7] INFO  c.d.d.c.c.PublicChefController - 📏 Distance calculated: 1.0 km
2026-02-28 01:32:41 [http-nio-8080-exec-7] INFO  c.d.d.c.c.PublicChefController - 📏 Distance calculated: 1.0 km
2026-02-28 01:32:41 [http-nio-8080-exec-1] INFO  c.d.d.c.c.PublicChefController - 📍 Adding distance for chef 2b9ae655-331b-44dd-a316-505318613279 at address: 36.86798171618947, 10.170494516278797
2026-02-28 01:32:41 [http-nio-8080-exec-1] INFO  c.d.d.c.c.PublicChefController - 📍 Adding distance for chef 2b9ae655-331b-44dd-a316-505318613279 at address: 36.86798171618947, 10.170494516278797
2026-02-28 01:32:41 [http-nio-8080-exec-1] INFO  c.d.dineo.common.util.GeocodingUtil - 📍 Parsed coordinates from address: [36.86798171618947, 10.170494516278797]
2026-02-28 01:32:41 [http-nio-8080-exec-1] INFO  c.d.dineo.common.util.GeocodingUtil - ✅ Address is already coordinates: [36.86798171618947, 10.170494516278797]
2026-02-28 01:32:41 [http-nio-8080-exec-1] INFO  c.d.d.c.c.PublicChefController - 📏 Distance calculated: 1.0 km
2026-02-28 01:32:41 [http-nio-8080-exec-1] INFO  c.d.d.c.c.PublicChefController - 📏 Distance calculated: 1.0 km
2026-02-28 01:32:41 [http-nio-8080-exec-7] INFO  c.d.d.c.c.PublicChefController - 📍 Adding distance for chef 51438312-db03-469c-b476-e4511f8e8e67 at address: 48.990280170713675, 2.0652013945627465
2026-02-28 01:32:41 [http-nio-8080-exec-7] INFO  c.d.d.c.c.PublicChefController - 📍 Adding distance for chef 51438312-db03-469c-b476-e4511f8e8e67 at address: 48.990280170713675, 2.0652013945627465
2026-02-28 01:32:41 [http-nio-8080-exec-7] INFO  c.d.dineo.common.util.GeocodingUtil - 📍 Parsed coordinates from address: [48.990280170713675, 2.0652013945627465]
2026-02-28 01:32:41 [http-nio-8080-exec-7] INFO  c.d.dineo.common.util.GeocodingUtil - ✅ Address is already coordinates: [48.990280170713675, 2.0652013945627465]
2026-02-28 01:32:41 [http-nio-8080-exec-7] INFO  c.d.d.c.c.PublicChefController - 📏 Distance calculated: 1499.1 km
2026-02-28 01:32:41 [http-nio-8080-exec-7] INFO  c.d.d.c.c.PublicChefController - 📏 Distance calculated: 1499.1 km
2026-02-28 01:32:41 [http-nio-8080-exec-1] INFO  c.d.d.c.c.PublicChefController - 📍 Adding distance for chef 51438312-db03-469c-b476-e4511f8e8e67 at address: 48.990280170713675, 2.0652013945627465
2026-02-28 01:32:41 [http-nio-8080-exec-1] INFO  c.d.d.c.c.PublicChefController - 📍 Adding distance for chef 51438312-db03-469c-b476-e4511f8e8e67 at address: 48.990280170713675, 2.0652013945627465
2026-02-28 01:32:41 [http-nio-8080-exec-1] INFO  c.d.dineo.common.util.GeocodingUtil - 📍 Parsed coordinates from address: [48.990280170713675, 2.0652013945627465]
2026-02-28 01:32:41 [http-nio-8080-exec-1] INFO  c.d.dineo.common.util.GeocodingUtil - ✅ Address is already coordinates: [48.990280170713675, 2.0652013945627465]
2026-02-28 01:32:41 [http-nio-8080-exec-1] INFO  c.d.d.c.c.PublicChefController - 📏 Distance calculated: 1499.1 km
2026-02-28 01:32:41 [http-nio-8080-exec-1] INFO  c.d.d.c.c.PublicChefController - 📏 Distance calculated: 1499.1 km
2026-02-28 01:32:41 [http-nio-8080-exec-1] INFO  c.d.d.c.c.PublicChefController - 📍 Adding distance for chef 8b1c9d91-8d1d-43e8-ab9f-904a95c1b8d4 at address: 48.98818216984314, 2.0658558535655827
2026-02-28 01:32:41 [http-nio-8080-exec-1] INFO  c.d.d.c.c.PublicChefController - 📍 Adding distance for chef 8b1c9d91-8d1d-43e8-ab9f-904a95c1b8d4 at address: 48.98818216984314, 2.0658558535655827
2026-02-28 01:32:41 [http-nio-8080-exec-1] INFO  c.d.dineo.common.util.GeocodingUtil - 📍 Parsed coordinates from address: [48.98818216984314, 2.0658558535655827]
2026-02-28 01:32:41 [http-nio-8080-exec-1] INFO  c.d.dineo.common.util.GeocodingUtil - ✅ Address is already coordinates: [48.98818216984314, 2.0658558535655827]
2026-02-28 01:32:41 [http-nio-8080-exec-1] INFO  c.d.d.c.c.PublicChefController - 📏 Distance calculated: 1498.9 km
2026-02-28 01:32:41 [http-nio-8080-exec-1] INFO  c.d.d.c.c.PublicChefController - 📏 Distance calculated: 1498.9 km
2026-02-28 01:32:41 [http-nio-8080-exec-1] INFO  c.d.d.c.c.PublicChefController - Found 1 chefs within 30.0 km radius
2026-02-28 01:32:41 [http-nio-8080-exec-1] INFO  c.d.d.c.c.PublicChefController - Successfully retrieved 1 nearby chefs (page 1/1)
2026-02-28 01:32:41 [http-nio-8080-exec-7] INFO  c.d.d.c.c.PublicChefController - 📍 Adding distance for chef 8b1c9d91-8d1d-43e8-ab9f-904a95c1b8d4 at address: 48.98818216984314, 2.0658558535655827
2026-02-28 01:32:41 [http-nio-8080-exec-7] INFO  c.d.d.c.c.PublicChefController - 📍 Adding distance for chef 8b1c9d91-8d1d-43e8-ab9f-904a95c1b8d4 at address: 48.98818216984314, 2.0658558535655827
2026-02-28 01:32:41 [http-nio-8080-exec-7] INFO  c.d.dineo.common.util.GeocodingUtil - 📍 Parsed coordinates from address: [48.98818216984314, 2.0658558535655827]
2026-02-28 01:32:41 [http-nio-8080-exec-7] INFO  c.d.dineo.common.util.GeocodingUtil - ✅ Address is already coordinates: [48.98818216984314, 2.0658558535655827]
2026-02-28 01:32:41 [http-nio-8080-exec-7] INFO  c.d.d.c.c.PublicChefController - 📏 Distance calculated: 1498.9 km
2026-02-28 01:32:41 [http-nio-8080-exec-7] INFO  c.d.d.c.c.PublicChefController - 📏 Distance calculated: 1498.9 km
2026-02-28 01:32:41 [http-nio-8080-exec-7] INFO  c.d.d.c.c.PublicChefController - Found 1 chefs within 30.0 km radius
2026-02-28 01:32:41 [http-nio-8080-exec-7] INFO  c.d.d.c.c.PublicChefController - Successfully retrieved 1 nearby chefs (page 1/1)
2026-02-28 01:34:42 [http-nio-8080-exec-9] INFO  c.d.d.c.c.PublicChefController - Get chef plats request received for chef 2b9ae655-331b-44dd-a316-505318613279
2026-02-28 01:34:42 [http-nio-8080-exec-5] INFO  c.d.d.c.c.PublicChefController - Get chef details request received for chef 2b9ae655-331b-44dd-a316-505318613279
2026-02-28 01:34:42 [http-nio-8080-exec-6] INFO  c.d.d.c.c.PublicChefController - Get chef plats request received for chef 2b9ae655-331b-44dd-a316-505318613279
2026-02-28 01:34:42 [http-nio-8080-exec-4] INFO  c.d.d.c.c.PublicChefController - Get chef details request received for chef 2b9ae655-331b-44dd-a316-505318613279
2026-02-28 01:34:42 [http-nio-8080-exec-10] INFO  c.d.d.c.c.ChefReviewController - Get reviews request received for chef 2b9ae655-331b-44dd-a316-505318613279
2026-02-28 01:34:42 [http-nio-8080-exec-8] INFO  c.d.d.c.c.ChefReviewController - Get reviews request received for chef 2b9ae655-331b-44dd-a316-505318613279
2026-02-28 01:34:42 [http-nio-8080-exec-10] INFO  c.d.d.c.s.impl.ChefReviewServiceImpl - Fetching all reviews for chef: 2b9ae655-331b-44dd-a316-505318613279
2026-02-28 01:34:42 [http-nio-8080-exec-10] INFO  c.d.d.c.s.impl.ChefReviewServiceImpl - Found 0 reviews for chef 2b9ae655-331b-44dd-a316-505318613279
2026-02-28 01:34:42 [http-nio-8080-exec-10] INFO  c.d.d.c.c.ChefReviewController - Retrieved 0 reviews for chef 2b9ae655-331b-44dd-a316-505318613279
2026-02-28 01:34:42 [http-nio-8080-exec-4] INFO  c.d.d.c.c.PublicChefController - Successfully retrieved chef details for chef 2b9ae655-331b-44dd-a316-505318613279
2026-02-28 01:34:43 [http-nio-8080-exec-5] INFO  c.d.d.c.c.PublicChefController - Successfully retrieved chef details for chef 2b9ae655-331b-44dd-a316-505318613279
2026-02-28 01:34:43 [http-nio-8080-exec-8] INFO  c.d.d.c.s.impl.ChefReviewServiceImpl - Fetching all reviews for chef: 2b9ae655-331b-44dd-a316-505318613279
2026-02-28 01:34:43 [http-nio-8080-exec-8] INFO  c.d.d.c.s.impl.ChefReviewServiceImpl - Found 0 reviews for chef 2b9ae655-331b-44dd-a316-505318613279
2026-02-28 01:34:43 [http-nio-8080-exec-8] INFO  c.d.d.c.c.ChefReviewController - Retrieved 0 reviews for chef 2b9ae655-331b-44dd-a316-505318613279
2026-02-28 01:34:43 [http-nio-8080-exec-6] INFO  c.d.d.c.c.PublicChefController - Successfully retrieved 1 plats for chef 2b9ae655-331b-44dd-a316-505318613279
2026-02-28 01:34:43 [http-nio-8080-exec-9] INFO  c.d.d.c.c.PublicChefController - Successfully retrieved 1 plats for chef 2b9ae655-331b-44dd-a316-505318613279
2026-02-28 01:35:30 [http-nio-8080-exec-7] INFO  c.d.d.c.c.ChefReviewController - Get reviews request received for chef 2b9ae655-331b-44dd-a316-505318613279
2026-02-28 01:35:30 [http-nio-8080-exec-4] INFO  c.d.d.c.c.PublicChefController - Get chef plats request received for chef 2b9ae655-331b-44dd-a316-505318613279
2026-02-28 01:35:30 [http-nio-8080-exec-1] INFO  c.d.d.c.c.PublicChefController - Get chef details request received for chef 2b9ae655-331b-44dd-a316-505318613279
2026-02-28 01:35:30 [http-nio-8080-exec-10] INFO  c.d.d.c.c.ChefReviewController - Get reviews request received for chef 2b9ae655-331b-44dd-a316-505318613279
2026-02-28 01:35:30 [http-nio-8080-exec-3] INFO  c.d.d.c.c.PublicChefController - Get chef details request received for chef 2b9ae655-331b-44dd-a316-505318613279
2026-02-28 01:35:30 [http-nio-8080-exec-2] INFO  c.d.d.c.c.PublicChefController - Get chef plats request received for chef 2b9ae655-331b-44dd-a316-505318613279
2026-02-28 01:35:30 [http-nio-8080-exec-10] INFO  c.d.d.c.s.impl.ChefReviewServiceImpl - Fetching all reviews for chef: 2b9ae655-331b-44dd-a316-505318613279
2026-02-28 01:35:30 [http-nio-8080-exec-7] INFO  c.d.d.c.s.impl.ChefReviewServiceImpl - Fetching all reviews for chef: 2b9ae655-331b-44dd-a316-505318613279
2026-02-28 01:35:30 [http-nio-8080-exec-10] INFO  c.d.d.c.s.impl.ChefReviewServiceImpl - Found 0 reviews for chef 2b9ae655-331b-44dd-a316-505318613279
2026-02-28 01:35:30 [http-nio-8080-exec-7] INFO  c.d.d.c.s.impl.ChefReviewServiceImpl - Found 0 reviews for chef 2b9ae655-331b-44dd-a316-505318613279
2026-02-28 01:35:30 [http-nio-8080-exec-10] INFO  c.d.d.c.c.ChefReviewController - Retrieved 0 reviews for chef 2b9ae655-331b-44dd-a316-505318613279
2026-02-28 01:35:30 [http-nio-8080-exec-7] INFO  c.d.d.c.c.ChefReviewController - Retrieved 0 reviews for chef 2b9ae655-331b-44dd-a316-505318613279
2026-02-28 01:35:30 [http-nio-8080-exec-3] INFO  c.d.d.c.c.PublicChefController - Successfully retrieved chef details for chef 2b9ae655-331b-44dd-a316-505318613279
2026-02-28 01:35:30 [http-nio-8080-exec-1] INFO  c.d.d.c.c.PublicChefController - Successfully retrieved chef details for chef 2b9ae655-331b-44dd-a316-505318613279
2026-02-28 01:35:31 [http-nio-8080-exec-4] INFO  c.d.d.c.c.PublicChefController - Successfully retrieved 1 plats for chef 2b9ae655-331b-44dd-a316-505318613279
2026-02-28 01:35:31 [http-nio-8080-exec-2] INFO  c.d.d.c.c.PublicChefController - Successfully retrieved 1 plats for chef 2b9ae655-331b-44dd-a316-505318613279
2026-02-28 01:37:04 [http-nio-8080-exec-1] INFO  c.d.d.p.c.PublicPlatController - Public request to get paginated plats with promotions (location: 36.86185454999997, 10.162940019999994, radius: 30.0km, page: 1, pageSize: 12)
2026-02-28 01:37:04 [http-nio-8080-exec-3] INFO  c.d.d.p.c.PublicPlatController - Public request to get paginated plats with promotions (location: 36.86185454999997, 10.162940019999994, radius: 30.0km, page: 1, pageSize: 12)
2026-02-28 01:37:05 [http-nio-8080-exec-1] INFO  c.d.d.p.c.PublicPlatController - Found 12 available plats in database
2026-02-28 01:37:05 [http-nio-8080-exec-3] INFO  c.d.d.p.c.PublicPlatController - Found 12 available plats in database
2026-02-28 01:37:05 [http-nio-8080-exec-3] INFO  c.d.d.p.c.PublicPlatController - After filtering: 0 plats with active promotions
2026-02-28 01:37:05 [http-nio-8080-exec-1] INFO  c.d.d.p.c.PublicPlatController - After filtering: 0 plats with active promotions
2026-02-28 01:37:05 [http-nio-8080-exec-3] INFO  c.d.d.p.c.PublicPlatController - Paginated promotions returned 0 total results, page 1/0
2026-02-28 01:37:05 [http-nio-8080-exec-1] INFO  c.d.d.p.c.PublicPlatController - Paginated promotions returned 0 total results, page 1/0
2026-02-28 01:37:06 [http-nio-8080-exec-4] INFO  c.d.d.c.c.PublicChefController - 🚨🚨🚨 CHEF ENDPOINT CALLED - lat: 36.86185454999997, lon: 10.162940019999994, radius: 30.0 km, page: 0, pageSize: 12
2026-02-28 01:37:06 [http-nio-8080-exec-2] INFO  c.d.d.c.c.PublicChefController - 🚨🚨🚨 CHEF ENDPOINT CALLED - lat: 36.86185454999997, lon: 10.162940019999994, radius: 30.0 km, page: 0, pageSize: 12
2026-02-28 01:37:06 [http-nio-8080-exec-4] INFO  c.d.d.c.c.PublicChefController - Get nearby chefs request received for location (36.86185454999997, 10.162940019999994) within 30.0 km
2026-02-28 01:37:06 [http-nio-8080-exec-2] INFO  c.d.d.c.c.PublicChefController - Get nearby chefs request received for location (36.86185454999997, 10.162940019999994) within 30.0 km
2026-02-28 01:37:06 [http-nio-8080-exec-2] INFO  c.d.d.c.c.PublicChefController - Found 6 PROVIDER users
2026-02-28 01:37:06 [http-nio-8080-exec-4] INFO  c.d.d.c.c.PublicChefController - Found 6 PROVIDER users
2026-02-28 01:37:07 [http-nio-8080-exec-2] INFO  c.d.d.c.c.PublicChefController - Retrieved 3 chef users from database
2026-02-28 01:37:07 [http-nio-8080-exec-4] INFO  c.d.d.c.c.PublicChefController - Retrieved 3 chef users from database
2026-02-28 01:37:07 [http-nio-8080-exec-2] INFO  c.d.d.c.c.PublicChefController - 📍 Adding distance for chef 2b9ae655-331b-44dd-a316-505318613279 at address: 36.86798171618947, 10.170494516278797
2026-02-28 01:37:07 [http-nio-8080-exec-2] INFO  c.d.d.c.c.PublicChefController - 📍 Adding distance for chef 2b9ae655-331b-44dd-a316-505318613279 at address: 36.86798171618947, 10.170494516278797
2026-02-28 01:37:07 [http-nio-8080-exec-2] INFO  c.d.dineo.common.util.GeocodingUtil - 📍 Parsed coordinates from address: [36.86798171618947, 10.170494516278797]
2026-02-28 01:37:07 [http-nio-8080-exec-2] INFO  c.d.dineo.common.util.GeocodingUtil - ✅ Address is already coordinates: [36.86798171618947, 10.170494516278797]
2026-02-28 01:37:07 [http-nio-8080-exec-2] INFO  c.d.d.c.c.PublicChefController - 📏 Distance calculated: 1.0 km
2026-02-28 01:37:07 [http-nio-8080-exec-2] INFO  c.d.d.c.c.PublicChefController - 📏 Distance calculated: 1.0 km
2026-02-28 01:37:07 [http-nio-8080-exec-4] INFO  c.d.d.c.c.PublicChefController - 📍 Adding distance for chef 2b9ae655-331b-44dd-a316-505318613279 at address: 36.86798171618947, 10.170494516278797
2026-02-28 01:37:07 [http-nio-8080-exec-4] INFO  c.d.d.c.c.PublicChefController - 📍 Adding distance for chef 2b9ae655-331b-44dd-a316-505318613279 at address: 36.86798171618947, 10.170494516278797
2026-02-28 01:37:07 [http-nio-8080-exec-4] INFO  c.d.dineo.common.util.GeocodingUtil - 📍 Parsed coordinates from address: [36.86798171618947, 10.170494516278797]
2026-02-28 01:37:07 [http-nio-8080-exec-4] INFO  c.d.dineo.common.util.GeocodingUtil - ✅ Address is already coordinates: [36.86798171618947, 10.170494516278797]
2026-02-28 01:37:07 [http-nio-8080-exec-4] INFO  c.d.d.c.c.PublicChefController - 📏 Distance calculated: 1.0 km
2026-02-28 01:37:07 [http-nio-8080-exec-4] INFO  c.d.d.c.c.PublicChefController - 📏 Distance calculated: 1.0 km
2026-02-28 01:37:07 [http-nio-8080-exec-2] INFO  c.d.d.c.c.PublicChefController - 📍 Adding distance for chef 51438312-db03-469c-b476-e4511f8e8e67 at address: 48.990280170713675, 2.0652013945627465
2026-02-28 01:37:07 [http-nio-8080-exec-2] INFO  c.d.d.c.c.PublicChefController - 📍 Adding distance for chef 51438312-db03-469c-b476-e4511f8e8e67 at address: 48.990280170713675, 2.0652013945627465
2026-02-28 01:37:07 [http-nio-8080-exec-2] INFO  c.d.dineo.common.util.GeocodingUtil - 📍 Parsed coordinates from address: [48.990280170713675, 2.0652013945627465]
2026-02-28 01:37:07 [http-nio-8080-exec-2] INFO  c.d.dineo.common.util.GeocodingUtil - ✅ Address is already coordinates: [48.990280170713675, 2.0652013945627465]
2026-02-28 01:37:07 [http-nio-8080-exec-2] INFO  c.d.d.c.c.PublicChefController - 📏 Distance calculated: 1499.1 km
2026-02-28 01:37:07 [http-nio-8080-exec-2] INFO  c.d.d.c.c.PublicChefController - 📏 Distance calculated: 1499.1 km
2026-02-28 01:37:07 [http-nio-8080-exec-4] INFO  c.d.d.c.c.PublicChefController - 📍 Adding distance for chef 51438312-db03-469c-b476-e4511f8e8e67 at address: 48.990280170713675, 2.0652013945627465
2026-02-28 01:37:07 [http-nio-8080-exec-4] INFO  c.d.d.c.c.PublicChefController - 📍 Adding distance for chef 51438312-db03-469c-b476-e4511f8e8e67 at address: 48.990280170713675, 2.0652013945627465
2026-02-28 01:37:07 [http-nio-8080-exec-4] INFO  c.d.dineo.common.util.GeocodingUtil - 📍 Parsed coordinates from address: [48.990280170713675, 2.0652013945627465]
2026-02-28 01:37:07 [http-nio-8080-exec-4] INFO  c.d.dineo.common.util.GeocodingUtil - ✅ Address is already coordinates: [48.990280170713675, 2.0652013945627465]
2026-02-28 01:37:07 [http-nio-8080-exec-4] INFO  c.d.d.c.c.PublicChefController - 📏 Distance calculated: 1499.1 km
2026-02-28 01:37:07 [http-nio-8080-exec-4] INFO  c.d.d.c.c.PublicChefController - 📏 Distance calculated: 1499.1 km
2026-02-28 01:37:07 [http-nio-8080-exec-2] INFO  c.d.d.c.c.PublicChefController - 📍 Adding distance for chef 8b1c9d91-8d1d-43e8-ab9f-904a95c1b8d4 at address: 48.98818216984314, 2.0658558535655827
2026-02-28 01:37:07 [http-nio-8080-exec-2] INFO  c.d.d.c.c.PublicChefController - 📍 Adding distance for chef 8b1c9d91-8d1d-43e8-ab9f-904a95c1b8d4 at address: 48.98818216984314, 2.0658558535655827
2026-02-28 01:37:07 [http-nio-8080-exec-2] INFO  c.d.dineo.common.util.GeocodingUtil - 📍 Parsed coordinates from address: [48.98818216984314, 2.0658558535655827]
2026-02-28 01:37:07 [http-nio-8080-exec-2] INFO  c.d.dineo.common.util.GeocodingUtil - ✅ Address is already coordinates: [48.98818216984314, 2.0658558535655827]
2026-02-28 01:37:07 [http-nio-8080-exec-2] INFO  c.d.d.c.c.PublicChefController - 📏 Distance calculated: 1498.9 km
2026-02-28 01:37:07 [http-nio-8080-exec-2] INFO  c.d.d.c.c.PublicChefController - 📏 Distance calculated: 1498.9 km
2026-02-28 01:37:07 [http-nio-8080-exec-2] INFO  c.d.d.c.c.PublicChefController - Found 1 chefs within 30.0 km radius
2026-02-28 01:37:07 [http-nio-8080-exec-2] INFO  c.d.d.c.c.PublicChefController - Successfully retrieved 1 nearby chefs (page 1/1)
2026-02-28 01:37:07 [http-nio-8080-exec-4] INFO  c.d.d.c.c.PublicChefController - 📍 Adding distance for chef 8b1c9d91-8d1d-43e8-ab9f-904a95c1b8d4 at address: 48.98818216984314, 2.0658558535655827
2026-02-28 01:37:07 [http-nio-8080-exec-4] INFO  c.d.d.c.c.PublicChefController - 📍 Adding distance for chef 8b1c9d91-8d1d-43e8-ab9f-904a95c1b8d4 at address: 48.98818216984314, 2.0658558535655827
2026-02-28 01:37:07 [http-nio-8080-exec-4] INFO  c.d.dineo.common.util.GeocodingUtil - 📍 Parsed coordinates from address: [48.98818216984314, 2.0658558535655827]
2026-02-28 01:37:07 [http-nio-8080-exec-4] INFO  c.d.dineo.common.util.GeocodingUtil - ✅ Address is already coordinates: [48.98818216984314, 2.0658558535655827]
2026-02-28 01:37:07 [http-nio-8080-exec-4] INFO  c.d.d.c.c.PublicChefController - 📏 Distance calculated: 1498.9 km
2026-02-28 01:37:07 [http-nio-8080-exec-4] INFO  c.d.d.c.c.PublicChefController - 📏 Distance calculated: 1498.9 km
2026-02-28 01:37:07 [http-nio-8080-exec-4] INFO  c.d.d.c.c.PublicChefController - Found 1 chefs within 30.0 km radius
2026-02-28 01:37:07 [http-nio-8080-exec-4] INFO  c.d.d.c.c.PublicChefController - Successfully retrieved 1 nearby chefs (page 1/1)
2026-02-28 01:37:14 [http-nio-8080-exec-9] INFO  c.d.d.c.c.PublicChefController - Get chef details request received for chef 2b9ae655-331b-44dd-a316-505318613279
2026-02-28 01:37:14 [http-nio-8080-exec-6] INFO  c.d.d.c.c.PublicChefController - Get chef details request received for chef 2b9ae655-331b-44dd-a316-505318613279
2026-02-28 01:37:14 [http-nio-8080-exec-10] INFO  c.d.d.c.c.PublicChefController - Get chef plats request received for chef 2b9ae655-331b-44dd-a316-505318613279
2026-02-28 01:37:14 [http-nio-8080-exec-5] INFO  c.d.d.c.c.PublicChefController - Get chef plats request received for chef 2b9ae655-331b-44dd-a316-505318613279
2026-02-28 01:37:14 [http-nio-8080-exec-8] INFO  c.d.d.c.c.ChefReviewController - Get reviews request received for chef 2b9ae655-331b-44dd-a316-505318613279
2026-02-28 01:37:14 [http-nio-8080-exec-7] INFO  c.d.d.c.c.ChefReviewController - Get reviews request received for chef 2b9ae655-331b-44dd-a316-505318613279
2026-02-28 01:37:14 [http-nio-8080-exec-8] INFO  c.d.d.c.s.impl.ChefReviewServiceImpl - Fetching all reviews for chef: 2b9ae655-331b-44dd-a316-505318613279
2026-02-28 01:37:14 [http-nio-8080-exec-7] INFO  c.d.d.c.s.impl.ChefReviewServiceImpl - Fetching all reviews for chef: 2b9ae655-331b-44dd-a316-505318613279
2026-02-28 01:37:14 [http-nio-8080-exec-7] INFO  c.d.d.c.s.impl.ChefReviewServiceImpl - Found 0 reviews for chef 2b9ae655-331b-44dd-a316-505318613279
2026-02-28 01:37:14 [http-nio-8080-exec-8] INFO  c.d.d.c.s.impl.ChefReviewServiceImpl - Found 0 reviews for chef 2b9ae655-331b-44dd-a316-505318613279
2026-02-28 01:37:14 [http-nio-8080-exec-8] INFO  c.d.d.c.c.ChefReviewController - Retrieved 0 reviews for chef 2b9ae655-331b-44dd-a316-505318613279
2026-02-28 01:37:14 [http-nio-8080-exec-7] INFO  c.d.d.c.c.ChefReviewController - Retrieved 0 reviews for chef 2b9ae655-331b-44dd-a316-505318613279
2026-02-28 01:37:14 [http-nio-8080-exec-9] INFO  c.d.d.c.c.PublicChefController - Successfully retrieved chef details for chef 2b9ae655-331b-44dd-a316-505318613279
2026-02-28 01:37:14 [http-nio-8080-exec-6] INFO  c.d.d.c.c.PublicChefController - Successfully retrieved chef details for chef 2b9ae655-331b-44dd-a316-505318613279
2026-02-28 01:37:15 [http-nio-8080-exec-5] INFO  c.d.d.c.c.PublicChefController - Successfully retrieved 1 plats for chef 2b9ae655-331b-44dd-a316-505318613279
2026-02-28 01:37:15 [http-nio-8080-exec-10] INFO  c.d.d.c.c.PublicChefController - Successfully retrieved 1 plats for chef 2b9ae655-331b-44dd-a316-505318613279
2026-02-28 01:39:25 [http-nio-8080-exec-6] INFO  c.d.d.c.c.PublicChefController - 🚨🚨🚨 CHEF ENDPOINT CALLED - lat: 36.86185454999997, lon: 10.162940019999994, radius: 30.0 km, page: 0, pageSize: 12
2026-02-28 01:39:25 [http-nio-8080-exec-6] INFO  c.d.d.c.c.PublicChefController - Get nearby chefs request received for location (36.86185454999997, 10.162940019999994) within 30.0 km
2026-02-28 01:39:25 [http-nio-8080-exec-9] INFO  c.d.d.c.c.PublicChefController - 🚨🚨🚨 CHEF ENDPOINT CALLED - lat: 36.86185454999997, lon: 10.162940019999994, radius: 30.0 km, page: 0, pageSize: 12
2026-02-28 01:39:25 [http-nio-8080-exec-9] INFO  c.d.d.c.c.PublicChefController - Get nearby chefs request received for location (36.86185454999997, 10.162940019999994) within 30.0 km
2026-02-28 01:39:25 [http-nio-8080-exec-6] INFO  c.d.d.c.c.PublicChefController - Found 6 PROVIDER users
2026-02-28 01:39:25 [http-nio-8080-exec-9] INFO  c.d.d.c.c.PublicChefController - Found 6 PROVIDER users
2026-02-28 01:39:25 [http-nio-8080-exec-6] INFO  c.d.d.c.c.PublicChefController - Retrieved 3 chef users from database
2026-02-28 01:39:25 [http-nio-8080-exec-9] INFO  c.d.d.c.c.PublicChefController - Retrieved 3 chef users from database
2026-02-28 01:39:25 [http-nio-8080-exec-6] INFO  c.d.d.c.c.PublicChefController - 📍 Adding distance for chef 2b9ae655-331b-44dd-a316-505318613279 at address: 36.86798171618947, 10.170494516278797
2026-02-28 01:39:25 [http-nio-8080-exec-6] INFO  c.d.d.c.c.PublicChefController - 📍 Adding distance for chef 2b9ae655-331b-44dd-a316-505318613279 at address: 36.86798171618947, 10.170494516278797
2026-02-28 01:39:25 [http-nio-8080-exec-6] INFO  c.d.dineo.common.util.GeocodingUtil - 📍 Parsed coordinates from address: [36.86798171618947, 10.170494516278797]
2026-02-28 01:39:25 [http-nio-8080-exec-6] INFO  c.d.dineo.common.util.GeocodingUtil - ✅ Address is already coordinates: [36.86798171618947, 10.170494516278797]
2026-02-28 01:39:25 [http-nio-8080-exec-6] INFO  c.d.d.c.c.PublicChefController - 📏 Distance calculated: 1.0 km
2026-02-28 01:39:25 [http-nio-8080-exec-6] INFO  c.d.d.c.c.PublicChefController - 📏 Distance calculated: 1.0 km
2026-02-28 01:39:25 [http-nio-8080-exec-9] INFO  c.d.d.c.c.PublicChefController - 📍 Adding distance for chef 2b9ae655-331b-44dd-a316-505318613279 at address: 36.86798171618947, 10.170494516278797
2026-02-28 01:39:25 [http-nio-8080-exec-9] INFO  c.d.d.c.c.PublicChefController - 📍 Adding distance for chef 2b9ae655-331b-44dd-a316-505318613279 at address: 36.86798171618947, 10.170494516278797
2026-02-28 01:39:25 [http-nio-8080-exec-9] INFO  c.d.dineo.common.util.GeocodingUtil - 📍 Parsed coordinates from address: [36.86798171618947, 10.170494516278797]
2026-02-28 01:39:25 [http-nio-8080-exec-9] INFO  c.d.dineo.common.util.GeocodingUtil - ✅ Address is already coordinates: [36.86798171618947, 10.170494516278797]
2026-02-28 01:39:25 [http-nio-8080-exec-9] INFO  c.d.d.c.c.PublicChefController - 📏 Distance calculated: 1.0 km
2026-02-28 01:39:25 [http-nio-8080-exec-9] INFO  c.d.d.c.c.PublicChefController - 📏 Distance calculated: 1.0 km
2026-02-28 01:39:25 [http-nio-8080-exec-6] INFO  c.d.d.c.c.PublicChefController - 📍 Adding distance for chef 51438312-db03-469c-b476-e4511f8e8e67 at address: 48.990280170713675, 2.0652013945627465
2026-02-28 01:39:25 [http-nio-8080-exec-6] INFO  c.d.d.c.c.PublicChefController - 📍 Adding distance for chef 51438312-db03-469c-b476-e4511f8e8e67 at address: 48.990280170713675, 2.0652013945627465
2026-02-28 01:39:25 [http-nio-8080-exec-6] INFO  c.d.dineo.common.util.GeocodingUtil - 📍 Parsed coordinates from address: [48.990280170713675, 2.0652013945627465]
2026-02-28 01:39:25 [http-nio-8080-exec-6] INFO  c.d.dineo.common.util.GeocodingUtil - ✅ Address is already coordinates: [48.990280170713675, 2.0652013945627465]
2026-02-28 01:39:25 [http-nio-8080-exec-6] INFO  c.d.d.c.c.PublicChefController - 📏 Distance calculated: 1499.1 km
2026-02-28 01:39:25 [http-nio-8080-exec-6] INFO  c.d.d.c.c.PublicChefController - 📏 Distance calculated: 1499.1 km
2026-02-28 01:39:25 [http-nio-8080-exec-9] INFO  c.d.d.c.c.PublicChefController - 📍 Adding distance for chef 51438312-db03-469c-b476-e4511f8e8e67 at address: 48.990280170713675, 2.0652013945627465
2026-02-28 01:39:25 [http-nio-8080-exec-9] INFO  c.d.d.c.c.PublicChefController - 📍 Adding distance for chef 51438312-db03-469c-b476-e4511f8e8e67 at address: 48.990280170713675, 2.0652013945627465
2026-02-28 01:39:25 [http-nio-8080-exec-9] INFO  c.d.dineo.common.util.GeocodingUtil - 📍 Parsed coordinates from address: [48.990280170713675, 2.0652013945627465]
2026-02-28 01:39:25 [http-nio-8080-exec-9] INFO  c.d.dineo.common.util.GeocodingUtil - ✅ Address is already coordinates: [48.990280170713675, 2.0652013945627465]
2026-02-28 01:39:25 [http-nio-8080-exec-9] INFO  c.d.d.c.c.PublicChefController - 📏 Distance calculated: 1499.1 km
2026-02-28 01:39:25 [http-nio-8080-exec-9] INFO  c.d.d.c.c.PublicChefController - 📏 Distance calculated: 1499.1 km
2026-02-28 01:39:26 [http-nio-8080-exec-6] INFO  c.d.d.c.c.PublicChefController - 📍 Adding distance for chef 8b1c9d91-8d1d-43e8-ab9f-904a95c1b8d4 at address: 48.98818216984314, 2.0658558535655827
2026-02-28 01:39:26 [http-nio-8080-exec-6] INFO  c.d.d.c.c.PublicChefController - 📍 Adding distance for chef 8b1c9d91-8d1d-43e8-ab9f-904a95c1b8d4 at address: 48.98818216984314, 2.0658558535655827
2026-02-28 01:39:26 [http-nio-8080-exec-6] INFO  c.d.dineo.common.util.GeocodingUtil - 📍 Parsed coordinates from address: [48.98818216984314, 2.0658558535655827]
2026-02-28 01:39:26 [http-nio-8080-exec-6] INFO  c.d.dineo.common.util.GeocodingUtil - ✅ Address is already coordinates: [48.98818216984314, 2.0658558535655827]
2026-02-28 01:39:26 [http-nio-8080-exec-6] INFO  c.d.d.c.c.PublicChefController - 📏 Distance calculated: 1498.9 km
2026-02-28 01:39:26 [http-nio-8080-exec-6] INFO  c.d.d.c.c.PublicChefController - 📏 Distance calculated: 1498.9 km
2026-02-28 01:39:26 [http-nio-8080-exec-6] INFO  c.d.d.c.c.PublicChefController - Found 1 chefs within 30.0 km radius
2026-02-28 01:39:26 [http-nio-8080-exec-6] INFO  c.d.d.c.c.PublicChefController - Successfully retrieved 1 nearby chefs (page 1/1)
2026-02-28 01:39:26 [http-nio-8080-exec-9] INFO  c.d.d.c.c.PublicChefController - 📍 Adding distance for chef 8b1c9d91-8d1d-43e8-ab9f-904a95c1b8d4 at address: 48.98818216984314, 2.0658558535655827
2026-02-28 01:39:26 [http-nio-8080-exec-9] INFO  c.d.d.c.c.PublicChefController - 📍 Adding distance for chef 8b1c9d91-8d1d-43e8-ab9f-904a95c1b8d4 at address: 48.98818216984314, 2.0658558535655827
2026-02-28 01:39:26 [http-nio-8080-exec-9] INFO  c.d.dineo.common.util.GeocodingUtil - 📍 Parsed coordinates from address: [48.98818216984314, 2.0658558535655827]
2026-02-28 01:39:26 [http-nio-8080-exec-9] INFO  c.d.dineo.common.util.GeocodingUtil - ✅ Address is already coordinates: [48.98818216984314, 2.0658558535655827]
2026-02-28 01:39:26 [http-nio-8080-exec-9] INFO  c.d.d.c.c.PublicChefController - 📏 Distance calculated: 1498.9 km
2026-02-28 01:39:26 [http-nio-8080-exec-9] INFO  c.d.d.c.c.PublicChefController - 📏 Distance calculated: 1498.9 km
2026-02-28 01:39:26 [http-nio-8080-exec-9] INFO  c.d.d.c.c.PublicChefController - Found 1 chefs within 30.0 km radius
2026-02-28 01:39:26 [http-nio-8080-exec-9] INFO  c.d.d.c.c.PublicChefController - Successfully retrieved 1 nearby chefs (page 1/1)
2026-02-28 01:39:28 [http-nio-8080-exec-5] INFO  c.d.d.p.c.PublicPlatController - Public request to get paginated plats with promotions (location: 36.86185454999997, 10.162940019999994, radius: 30.0km, page: 1, pageSize: 12)
2026-02-28 01:39:28 [http-nio-8080-exec-10] INFO  c.d.d.p.c.PublicPlatController - Public request to get paginated plats with promotions (location: 36.86185454999997, 10.162940019999994, radius: 30.0km, page: 1, pageSize: 12)
2026-02-28 01:39:28 [http-nio-8080-exec-5] INFO  c.d.d.p.c.PublicPlatController - Found 12 available plats in database
2026-02-28 01:39:28 [http-nio-8080-exec-10] INFO  c.d.d.p.c.PublicPlatController - Found 12 available plats in database
2026-02-28 01:39:29 [http-nio-8080-exec-5] INFO  c.d.d.p.c.PublicPlatController - After filtering: 0 plats with active promotions
2026-02-28 01:39:29 [http-nio-8080-exec-5] INFO  c.d.d.p.c.PublicPlatController - Paginated promotions returned 0 total results, page 1/0
2026-02-28 01:39:29 [http-nio-8080-exec-10] INFO  c.d.d.p.c.PublicPlatController - After filtering: 0 plats with active promotions
2026-02-28 01:39:29 [http-nio-8080-exec-10] INFO  c.d.d.p.c.PublicPlatController - Paginated promotions returned 0 total results, page 1/0
2026-02-28 01:39:51 [http-nio-8080-exec-4] INFO  c.d.d.p.c.PublicPlatController - Public request to get categories (location: 36.86185454999997, 10.162940019999994, radius: 30.0km)
2026-02-28 01:39:51 [http-nio-8080-exec-1] INFO  c.d.d.p.c.PublicPlatController - Public request to get categories (location: 36.86185454999997, 10.162940019999994, radius: 30.0km)
2026-02-28 01:39:51 [http-nio-8080-exec-2] INFO  c.d.d.p.c.PublicPlatController - Public search request - query: null, category: null, maxCookTime: null, minRating: null, sortBy: newest, sortOrder: desc, location: 36.86185454999997, 10.162940019999994, radius: 30.0km, page: 1, pageSize: 12
2026-02-28 01:39:51 [http-nio-8080-exec-3] INFO  c.d.d.p.c.PublicPlatController - Public search request - query: null, category: null, maxCookTime: null, minRating: null, sortBy: newest, sortOrder: desc, location: 36.86185454999997, 10.162940019999994, radius: 30.0km, page: 1, pageSize: 12
2026-02-28 01:39:51 [http-nio-8080-exec-4] INFO  c.d.d.p.c.PublicPlatController - Found 12 available plats before filtering
2026-02-28 01:39:51 [http-nio-8080-exec-1] INFO  c.d.d.p.c.PublicPlatController - Found 12 available plats before filtering
2026-02-28 01:39:51 [http-nio-8080-exec-2] INFO  c.d.d.p.c.PublicPlatController - Found 12 available plats in database
2026-02-28 01:39:51 [http-nio-8080-exec-3] INFO  c.d.d.p.c.PublicPlatController - Found 12 available plats in database
2026-02-28 01:39:52 [http-nio-8080-exec-1] INFO  c.d.dineo.common.util.GeocodingUtil - 📍 Parsed coordinates from address: [48.990280170713675, 2.0652013945627465]
2026-02-28 01:39:52 [http-nio-8080-exec-1] INFO  c.d.dineo.common.util.GeocodingUtil - ✅ Address is already coordinates: [48.990280170713675, 2.0652013945627465]
2026-02-28 01:39:52 [http-nio-8080-exec-4] INFO  c.d.dineo.common.util.GeocodingUtil - 📍 Parsed coordinates from address: [48.990280170713675, 2.0652013945627465]
2026-02-28 01:39:52 [http-nio-8080-exec-4] INFO  c.d.dineo.common.util.GeocodingUtil - ✅ Address is already coordinates: [48.990280170713675, 2.0652013945627465]
2026-02-28 01:39:52 [http-nio-8080-exec-1] INFO  c.d.dineo.common.util.GeocodingUtil - 📍 Parsed coordinates from address: [48.990280170713675, 2.0652013945627465]
2026-02-28 01:39:52 [http-nio-8080-exec-4] INFO  c.d.dineo.common.util.GeocodingUtil - 📍 Parsed coordinates from address: [48.990280170713675, 2.0652013945627465]
2026-02-28 01:39:52 [http-nio-8080-exec-1] INFO  c.d.dineo.common.util.GeocodingUtil - ✅ Address is already coordinates: [48.990280170713675, 2.0652013945627465]
2026-02-28 01:39:52 [http-nio-8080-exec-4] INFO  c.d.dineo.common.util.GeocodingUtil - ✅ Address is already coordinates: [48.990280170713675, 2.0652013945627465]
2026-02-28 01:39:52 [http-nio-8080-exec-2] INFO  c.d.d.p.c.PublicPlatController - 🔍 addDistanceToResponse called for plat: Noodels
2026-02-28 01:39:52 [http-nio-8080-exec-3] INFO  c.d.d.p.c.PublicPlatController - 🔍 addDistanceToResponse called for plat: Noodels
2026-02-28 01:39:52 [http-nio-8080-exec-2] INFO  c.d.d.p.c.PublicPlatController - 📍 Geocoding address for chef 51438312-db03-469c-b476-e4511f8e8e67: 48.990280170713675, 2.0652013945627465
2026-02-28 01:39:52 [http-nio-8080-exec-2] INFO  c.d.dineo.common.util.GeocodingUtil - 📍 Parsed coordinates from address: [48.990280170713675, 2.0652013945627465]
2026-02-28 01:39:52 [http-nio-8080-exec-2] INFO  c.d.dineo.common.util.GeocodingUtil - ✅ Address is already coordinates: [48.990280170713675, 2.0652013945627465]
2026-02-28 01:39:52 [http-nio-8080-exec-2] INFO  c.d.d.p.c.PublicPlatController - ✅ Geocoded to: [48.990280170713675, 2.0652013945627465]
2026-02-28 01:39:52 [http-nio-8080-exec-2] INFO  c.d.d.p.c.PublicPlatController - ✅ Distance calculated for plat Noodels: 1499.1 km
2026-02-28 01:39:52 [http-nio-8080-exec-4] INFO  c.d.dineo.common.util.GeocodingUtil - 📍 Parsed coordinates from address: [36.86798171618947, 10.170494516278797]
2026-02-28 01:39:52 [http-nio-8080-exec-4] INFO  c.d.dineo.common.util.GeocodingUtil - ✅ Address is already coordinates: [36.86798171618947, 10.170494516278797]
2026-02-28 01:39:52 [http-nio-8080-exec-1] INFO  c.d.dineo.common.util.GeocodingUtil - 📍 Parsed coordinates from address: [36.86798171618947, 10.170494516278797]
2026-02-28 01:39:52 [http-nio-8080-exec-3] INFO  c.d.d.p.c.PublicPlatController - 📍 Geocoding address for chef 51438312-db03-469c-b476-e4511f8e8e67: 48.990280170713675, 2.0652013945627465
2026-02-28 01:39:52 [http-nio-8080-exec-1] INFO  c.d.dineo.common.util.GeocodingUtil - ✅ Address is already coordinates: [36.86798171618947, 10.170494516278797]
2026-02-28 01:39:52 [http-nio-8080-exec-3] INFO  c.d.dineo.common.util.GeocodingUtil - 📍 Parsed coordinates from address: [48.990280170713675, 2.0652013945627465]
2026-02-28 01:39:52 [http-nio-8080-exec-3] INFO  c.d.dineo.common.util.GeocodingUtil - ✅ Address is already coordinates: [48.990280170713675, 2.0652013945627465]
2026-02-28 01:39:52 [http-nio-8080-exec-3] INFO  c.d.d.p.c.PublicPlatController - ✅ Geocoded to: [48.990280170713675, 2.0652013945627465]
2026-02-28 01:39:52 [http-nio-8080-exec-3] INFO  c.d.d.p.c.PublicPlatController - ✅ Distance calculated for plat Noodels: 1499.1 km
2026-02-28 01:39:53 [http-nio-8080-exec-4] INFO  c.d.dineo.common.util.GeocodingUtil - 📍 Parsed coordinates from address: [48.990280170713675, 2.0652013945627465]
2026-02-28 01:39:53 [http-nio-8080-exec-4] INFO  c.d.dineo.common.util.GeocodingUtil - ✅ Address is already coordinates: [48.990280170713675, 2.0652013945627465]
2026-02-28 01:39:53 [http-nio-8080-exec-1] INFO  c.d.dineo.common.util.GeocodingUtil - 📍 Parsed coordinates from address: [48.990280170713675, 2.0652013945627465]
2026-02-28 01:39:53 [http-nio-8080-exec-1] INFO  c.d.dineo.common.util.GeocodingUtil - ✅ Address is already coordinates: [48.990280170713675, 2.0652013945627465]
2026-02-28 01:39:53 [http-nio-8080-exec-4] INFO  c.d.dineo.common.util.GeocodingUtil - 📍 Parsed coordinates from address: [48.990280170713675, 2.0652013945627465]
2026-02-28 01:39:53 [http-nio-8080-exec-4] INFO  c.d.dineo.common.util.GeocodingUtil - ✅ Address is already coordinates: [48.990280170713675, 2.0652013945627465]
2026-02-28 01:39:53 [http-nio-8080-exec-2] INFO  c.d.d.p.c.PublicPlatController - 🔍 addDistanceToResponse called for plat: Fricassé
2026-02-28 01:39:53 [http-nio-8080-exec-3] INFO  c.d.d.p.c.PublicPlatController - 🔍 addDistanceToResponse called for plat: Fricassé
2026-02-28 01:39:53 [http-nio-8080-exec-1] INFO  c.d.dineo.common.util.GeocodingUtil - 📍 Parsed coordinates from address: [48.990280170713675, 2.0652013945627465]
2026-02-28 01:39:53 [http-nio-8080-exec-1] INFO  c.d.dineo.common.util.GeocodingUtil - ✅ Address is already coordinates: [48.990280170713675, 2.0652013945627465]
2026-02-28 01:39:53 [http-nio-8080-exec-4] INFO  c.d.dineo.common.util.GeocodingUtil - 📍 Parsed coordinates from address: [48.990280170713675, 2.0652013945627465]
2026-02-28 01:39:53 [http-nio-8080-exec-4] INFO  c.d.dineo.common.util.GeocodingUtil - ✅ Address is already coordinates: [48.990280170713675, 2.0652013945627465]
2026-02-28 01:39:53 [http-nio-8080-exec-2] INFO  c.d.d.p.c.PublicPlatController - 📍 Geocoding address for chef 51438312-db03-469c-b476-e4511f8e8e67: 48.990280170713675, 2.0652013945627465
2026-02-28 01:39:53 [http-nio-8080-exec-2] INFO  c.d.dineo.common.util.GeocodingUtil - 📍 Parsed coordinates from address: [48.990280170713675, 2.0652013945627465]
2026-02-28 01:39:53 [http-nio-8080-exec-2] INFO  c.d.dineo.common.util.GeocodingUtil - ✅ Address is already coordinates: [48.990280170713675, 2.0652013945627465]
2026-02-28 01:39:53 [http-nio-8080-exec-2] INFO  c.d.d.p.c.PublicPlatController - ✅ Geocoded to: [48.990280170713675, 2.0652013945627465]
2026-02-28 01:39:53 [http-nio-8080-exec-2] INFO  c.d.d.p.c.PublicPlatController - ✅ Distance calculated for plat Fricassé: 1499.1 km
2026-02-28 01:39:53 [http-nio-8080-exec-3] INFO  c.d.d.p.c.PublicPlatController - 📍 Geocoding address for chef 51438312-db03-469c-b476-e4511f8e8e67: 48.990280170713675, 2.0652013945627465
2026-02-28 01:39:53 [http-nio-8080-exec-3] INFO  c.d.dineo.common.util.GeocodingUtil - 📍 Parsed coordinates from address: [48.990280170713675, 2.0652013945627465]
2026-02-28 01:39:53 [http-nio-8080-exec-3] INFO  c.d.dineo.common.util.GeocodingUtil - ✅ Address is already coordinates: [48.990280170713675, 2.0652013945627465]
2026-02-28 01:39:53 [http-nio-8080-exec-3] INFO  c.d.d.p.c.PublicPlatController - ✅ Geocoded to: [48.990280170713675, 2.0652013945627465]
2026-02-28 01:39:53 [http-nio-8080-exec-3] INFO  c.d.d.p.c.PublicPlatController - ✅ Distance calculated for plat Fricassé: 1499.1 km
2026-02-28 01:39:53 [http-nio-8080-exec-1] INFO  c.d.dineo.common.util.GeocodingUtil - 📍 Parsed coordinates from address: [48.990280170713675, 2.0652013945627465]
2026-02-28 01:39:53 [http-nio-8080-exec-1] INFO  c.d.dineo.common.util.GeocodingUtil - ✅ Address is already coordinates: [48.990280170713675, 2.0652013945627465]
2026-02-28 01:39:53 [http-nio-8080-exec-4] INFO  c.d.dineo.common.util.GeocodingUtil - 📍 Parsed coordinates from address: [48.990280170713675, 2.0652013945627465]
2026-02-28 01:39:53 [http-nio-8080-exec-4] INFO  c.d.dineo.common.util.GeocodingUtil - ✅ Address is already coordinates: [48.990280170713675, 2.0652013945627465]
2026-02-28 01:39:54 [http-nio-8080-exec-1] INFO  c.d.dineo.common.util.GeocodingUtil - 📍 Parsed coordinates from address: [48.990280170713675, 2.0652013945627465]
2026-02-28 01:39:54 [http-nio-8080-exec-1] INFO  c.d.dineo.common.util.GeocodingUtil - ✅ Address is already coordinates: [48.990280170713675, 2.0652013945627465]
2026-02-28 01:39:54 [http-nio-8080-exec-4] INFO  c.d.dineo.common.util.GeocodingUtil - 📍 Parsed coordinates from address: [48.990280170713675, 2.0652013945627465]
2026-02-28 01:39:54 [http-nio-8080-exec-4] INFO  c.d.dineo.common.util.GeocodingUtil - ✅ Address is already coordinates: [48.990280170713675, 2.0652013945627465]
2026-02-28 01:39:54 [http-nio-8080-exec-1] INFO  c.d.dineo.common.util.GeocodingUtil - 📍 Parsed coordinates from address: [48.990280170713675, 2.0652013945627465]
2026-02-28 01:39:54 [http-nio-8080-exec-1] INFO  c.d.dineo.common.util.GeocodingUtil - ✅ Address is already coordinates: [48.990280170713675, 2.0652013945627465]
2026-02-28 01:39:54 [http-nio-8080-exec-2] INFO  c.d.d.p.c.PublicPlatController - 🔍 addDistanceToResponse called for plat: lasagne
2026-02-28 01:39:54 [http-nio-8080-exec-3] INFO  c.d.d.p.c.PublicPlatController - 🔍 addDistanceToResponse called for plat: lasagne
2026-02-28 01:39:54 [http-nio-8080-exec-4] INFO  c.d.dineo.common.util.GeocodingUtil - 📍 Parsed coordinates from address: [48.990280170713675, 2.0652013945627465]
2026-02-28 01:39:54 [http-nio-8080-exec-4] INFO  c.d.dineo.common.util.GeocodingUtil - ✅ Address is already coordinates: [48.990280170713675, 2.0652013945627465]
2026-02-28 01:39:54 [http-nio-8080-exec-2] INFO  c.d.d.p.c.PublicPlatController - 📍 Geocoding address for chef 2b9ae655-331b-44dd-a316-505318613279: 36.86798171618947, 10.170494516278797
2026-02-28 01:39:54 [http-nio-8080-exec-2] INFO  c.d.dineo.common.util.GeocodingUtil - 📍 Parsed coordinates from address: [36.86798171618947, 10.170494516278797]
2026-02-28 01:39:54 [http-nio-8080-exec-2] INFO  c.d.dineo.common.util.GeocodingUtil - ✅ Address is already coordinates: [36.86798171618947, 10.170494516278797]
2026-02-28 01:39:54 [http-nio-8080-exec-2] INFO  c.d.d.p.c.PublicPlatController - ✅ Geocoded to: [36.86798171618947, 10.170494516278797]
2026-02-28 01:39:54 [http-nio-8080-exec-2] INFO  c.d.d.p.c.PublicPlatController - ✅ Distance calculated for plat lasagne: 1.0 km
2026-02-28 01:39:54 [http-nio-8080-exec-1] INFO  c.d.dineo.common.util.GeocodingUtil - 📍 Parsed coordinates from address: [48.990280170713675, 2.0652013945627465]
2026-02-28 01:39:54 [http-nio-8080-exec-1] INFO  c.d.dineo.common.util.GeocodingUtil - ✅ Address is already coordinates: [48.990280170713675, 2.0652013945627465]
2026-02-28 01:39:54 [http-nio-8080-exec-3] INFO  c.d.d.p.c.PublicPlatController - 📍 Geocoding address for chef 2b9ae655-331b-44dd-a316-505318613279: 36.86798171618947, 10.170494516278797
2026-02-28 01:39:54 [http-nio-8080-exec-3] INFO  c.d.dineo.common.util.GeocodingUtil - 📍 Parsed coordinates from address: [36.86798171618947, 10.170494516278797]
2026-02-28 01:39:54 [http-nio-8080-exec-3] INFO  c.d.dineo.common.util.GeocodingUtil - ✅ Address is already coordinates: [36.86798171618947, 10.170494516278797]
2026-02-28 01:39:54 [http-nio-8080-exec-3] INFO  c.d.d.p.c.PublicPlatController - ✅ Geocoded to: [36.86798171618947, 10.170494516278797]
2026-02-28 01:39:54 [http-nio-8080-exec-3] INFO  c.d.d.p.c.PublicPlatController - ✅ Distance calculated for plat lasagne: 1.0 km
2026-02-28 01:39:54 [http-nio-8080-exec-4] INFO  c.d.dineo.common.util.GeocodingUtil - 📍 Parsed coordinates from address: [48.990280170713675, 2.0652013945627465]
2026-02-28 01:39:54 [http-nio-8080-exec-4] INFO  c.d.dineo.common.util.GeocodingUtil - ✅ Address is already coordinates: [48.990280170713675, 2.0652013945627465]
2026-02-28 01:39:54 [http-nio-8080-exec-1] INFO  c.d.dineo.common.util.GeocodingUtil - 📍 Parsed coordinates from address: [48.990280170713675, 2.0652013945627465]
2026-02-28 01:39:54 [http-nio-8080-exec-1] INFO  c.d.dineo.common.util.GeocodingUtil - ✅ Address is already coordinates: [48.990280170713675, 2.0652013945627465]
2026-02-28 01:39:54 [http-nio-8080-exec-4] INFO  c.d.dineo.common.util.GeocodingUtil - 📍 Parsed coordinates from address: [48.990280170713675, 2.0652013945627465]
2026-02-28 01:39:54 [http-nio-8080-exec-4] INFO  c.d.dineo.common.util.GeocodingUtil - ✅ Address is already coordinates: [48.990280170713675, 2.0652013945627465]
2026-02-28 01:39:55 [http-nio-8080-exec-2] INFO  c.d.d.p.c.PublicPlatController - 🔍 addDistanceToResponse called for plat: Tacos
2026-02-28 01:39:55 [http-nio-8080-exec-1] INFO  c.d.dineo.common.util.GeocodingUtil - 📍 Parsed coordinates from address: [48.990280170713675, 2.0652013945627465]
2026-02-28 01:39:55 [http-nio-8080-exec-1] INFO  c.d.dineo.common.util.GeocodingUtil - ✅ Address is already coordinates: [48.990280170713675, 2.0652013945627465]
2026-02-28 01:39:55 [http-nio-8080-exec-4] INFO  c.d.dineo.common.util.GeocodingUtil - 📍 Parsed coordinates from address: [48.990280170713675, 2.0652013945627465]
2026-02-28 01:39:55 [http-nio-8080-exec-4] INFO  c.d.dineo.common.util.GeocodingUtil - ✅ Address is already coordinates: [48.990280170713675, 2.0652013945627465]
2026-02-28 01:39:55 [http-nio-8080-exec-4] INFO  c.d.d.p.c.PublicPlatController - After location filtering: 1 plats within 30.0km
2026-02-28 01:39:55 [http-nio-8080-exec-3] INFO  c.d.d.p.c.PublicPlatController - 🔍 addDistanceToResponse called for plat: Tacos
2026-02-28 01:39:55 [http-nio-8080-exec-4] INFO  c.d.d.p.c.PublicPlatController - Found 2 unique categories from filtered plats
2026-02-28 01:39:55 [http-nio-8080-exec-2] INFO  c.d.d.p.c.PublicPlatController - 📍 Geocoding address for chef 51438312-db03-469c-b476-e4511f8e8e67: 48.990280170713675, 2.0652013945627465
2026-02-28 01:39:55 [http-nio-8080-exec-2] INFO  c.d.dineo.common.util.GeocodingUtil - 📍 Parsed coordinates from address: [48.990280170713675, 2.0652013945627465]
2026-02-28 01:39:55 [http-nio-8080-exec-2] INFO  c.d.dineo.common.util.GeocodingUtil - ✅ Address is already coordinates: [48.990280170713675, 2.0652013945627465]
2026-02-28 01:39:55 [http-nio-8080-exec-2] INFO  c.d.d.p.c.PublicPlatController - ✅ Geocoded to: [48.990280170713675, 2.0652013945627465]
2026-02-28 01:39:55 [http-nio-8080-exec-2] INFO  c.d.d.p.c.PublicPlatController - ✅ Distance calculated for plat Tacos: 1499.1 km
2026-02-28 01:39:55 [http-nio-8080-exec-1] INFO  c.d.dineo.common.util.GeocodingUtil - 📍 Parsed coordinates from address: [48.990280170713675, 2.0652013945627465]
2026-02-28 01:39:55 [http-nio-8080-exec-1] INFO  c.d.dineo.common.util.GeocodingUtil - ✅ Address is already coordinates: [48.990280170713675, 2.0652013945627465]
2026-02-28 01:39:55 [http-nio-8080-exec-1] INFO  c.d.d.p.c.PublicPlatController - After location filtering: 1 plats within 30.0km
2026-02-28 01:39:55 [http-nio-8080-exec-1] INFO  c.d.d.p.c.PublicPlatController - Found 2 unique categories from filtered plats
2026-02-28 01:39:55 [http-nio-8080-exec-3] INFO  c.d.d.p.c.PublicPlatController - 📍 Geocoding address for chef 51438312-db03-469c-b476-e4511f8e8e67: 48.990280170713675, 2.0652013945627465
2026-02-28 01:39:55 [http-nio-8080-exec-3] INFO  c.d.dineo.common.util.GeocodingUtil - 📍 Parsed coordinates from address: [48.990280170713675, 2.0652013945627465]
2026-02-28 01:39:55 [http-nio-8080-exec-3] INFO  c.d.dineo.common.util.GeocodingUtil - ✅ Address is already coordinates: [48.990280170713675, 2.0652013945627465]
2026-02-28 01:39:55 [http-nio-8080-exec-3] INFO  c.d.d.p.c.PublicPlatController - ✅ Geocoded to: [48.990280170713675, 2.0652013945627465]
2026-02-28 01:39:55 [http-nio-8080-exec-3] INFO  c.d.d.p.c.PublicPlatController - ✅ Distance calculated for plat Tacos: 1499.1 km
2026-02-28 01:39:55 [http-nio-8080-exec-2] INFO  c.d.d.p.c.PublicPlatController - 🔍 addDistanceToResponse called for plat: Tiramisu
2026-02-28 01:39:55 [http-nio-8080-exec-3] INFO  c.d.d.p.c.PublicPlatController - 🔍 addDistanceToResponse called for plat: Tiramisu
2026-02-28 01:39:56 [http-nio-8080-exec-2] INFO  c.d.d.p.c.PublicPlatController - 📍 Geocoding address for chef 51438312-db03-469c-b476-e4511f8e8e67: 48.990280170713675, 2.0652013945627465
2026-02-28 01:39:56 [http-nio-8080-exec-2] INFO  c.d.dineo.common.util.GeocodingUtil - 📍 Parsed coordinates from address: [48.990280170713675, 2.0652013945627465]
2026-02-28 01:39:56 [http-nio-8080-exec-2] INFO  c.d.dineo.common.util.GeocodingUtil - ✅ Address is already coordinates: [48.990280170713675, 2.0652013945627465]
2026-02-28 01:39:56 [http-nio-8080-exec-2] INFO  c.d.d.p.c.PublicPlatController - ✅ Geocoded to: [48.990280170713675, 2.0652013945627465]
2026-02-28 01:39:56 [http-nio-8080-exec-2] INFO  c.d.d.p.c.PublicPlatController - ✅ Distance calculated for plat Tiramisu: 1499.1 km
2026-02-28 01:39:56 [http-nio-8080-exec-3] INFO  c.d.d.p.c.PublicPlatController - 📍 Geocoding address for chef 51438312-db03-469c-b476-e4511f8e8e67: 48.990280170713675, 2.0652013945627465
2026-02-28 01:39:56 [http-nio-8080-exec-3] INFO  c.d.dineo.common.util.GeocodingUtil - 📍 Parsed coordinates from address: [48.990280170713675, 2.0652013945627465]
2026-02-28 01:39:56 [http-nio-8080-exec-3] INFO  c.d.dineo.common.util.GeocodingUtil - ✅ Address is already coordinates: [48.990280170713675, 2.0652013945627465]
2026-02-28 01:39:56 [http-nio-8080-exec-3] INFO  c.d.d.p.c.PublicPlatController - ✅ Geocoded to: [48.990280170713675, 2.0652013945627465]
2026-02-28 01:39:56 [http-nio-8080-exec-3] INFO  c.d.d.p.c.PublicPlatController - ✅ Distance calculated for plat Tiramisu: 1499.1 km
2026-02-28 01:39:56 [http-nio-8080-exec-2] INFO  c.d.d.p.c.PublicPlatController - 🔍 addDistanceToResponse called for plat: Steak
2026-02-28 01:39:56 [http-nio-8080-exec-3] INFO  c.d.d.p.c.PublicPlatController - 🔍 addDistanceToResponse called for plat: Steak
2026-02-28 01:39:56 [http-nio-8080-exec-2] INFO  c.d.d.p.c.PublicPlatController - 📍 Geocoding address for chef 51438312-db03-469c-b476-e4511f8e8e67: 48.990280170713675, 2.0652013945627465
2026-02-28 01:39:56 [http-nio-8080-exec-2] INFO  c.d.dineo.common.util.GeocodingUtil - 📍 Parsed coordinates from address: [48.990280170713675, 2.0652013945627465]
2026-02-28 01:39:56 [http-nio-8080-exec-2] INFO  c.d.dineo.common.util.GeocodingUtil - ✅ Address is already coordinates: [48.990280170713675, 2.0652013945627465]
2026-02-28 01:39:56 [http-nio-8080-exec-2] INFO  c.d.d.p.c.PublicPlatController - ✅ Geocoded to: [48.990280170713675, 2.0652013945627465]
2026-02-28 01:39:56 [http-nio-8080-exec-2] INFO  c.d.d.p.c.PublicPlatController - ✅ Distance calculated for plat Steak: 1499.1 km
2026-02-28 01:39:57 [http-nio-8080-exec-3] INFO  c.d.d.p.c.PublicPlatController - 📍 Geocoding address for chef 51438312-db03-469c-b476-e4511f8e8e67: 48.990280170713675, 2.0652013945627465
2026-02-28 01:39:57 [http-nio-8080-exec-3] INFO  c.d.dineo.common.util.GeocodingUtil - 📍 Parsed coordinates from address: [48.990280170713675, 2.0652013945627465]
2026-02-28 01:39:57 [http-nio-8080-exec-3] INFO  c.d.dineo.common.util.GeocodingUtil - ✅ Address is already coordinates: [48.990280170713675, 2.0652013945627465]
2026-02-28 01:39:57 [http-nio-8080-exec-3] INFO  c.d.d.p.c.PublicPlatController - ✅ Geocoded to: [48.990280170713675, 2.0652013945627465]
2026-02-28 01:39:57 [http-nio-8080-exec-3] INFO  c.d.d.p.c.PublicPlatController - ✅ Distance calculated for plat Steak: 1499.1 km
2026-02-28 01:39:57 [http-nio-8080-exec-2] INFO  c.d.d.p.c.PublicPlatController - 🔍 addDistanceToResponse called for plat: Kouskous tunisien
2026-02-28 01:39:57 [http-nio-8080-exec-3] INFO  c.d.d.p.c.PublicPlatController - 🔍 addDistanceToResponse called for plat: Kouskous tunisien
2026-02-28 01:39:57 [http-nio-8080-exec-2] INFO  c.d.d.p.c.PublicPlatController - 📍 Geocoding address for chef 51438312-db03-469c-b476-e4511f8e8e67: 48.990280170713675, 2.0652013945627465
2026-02-28 01:39:57 [http-nio-8080-exec-2] INFO  c.d.dineo.common.util.GeocodingUtil - 📍 Parsed coordinates from address: [48.990280170713675, 2.0652013945627465]
2026-02-28 01:39:57 [http-nio-8080-exec-2] INFO  c.d.dineo.common.util.GeocodingUtil - ✅ Address is already coordinates: [48.990280170713675, 2.0652013945627465]
2026-02-28 01:39:57 [http-nio-8080-exec-2] INFO  c.d.d.p.c.PublicPlatController - ✅ Geocoded to: [48.990280170713675, 2.0652013945627465]
2026-02-28 01:39:57 [http-nio-8080-exec-2] INFO  c.d.d.p.c.PublicPlatController - ✅ Distance calculated for plat Kouskous tunisien: 1499.1 km
2026-02-28 01:39:57 [http-nio-8080-exec-3] INFO  c.d.d.p.c.PublicPlatController - 📍 Geocoding address for chef 51438312-db03-469c-b476-e4511f8e8e67: 48.990280170713675, 2.0652013945627465
2026-02-28 01:39:57 [http-nio-8080-exec-3] INFO  c.d.dineo.common.util.GeocodingUtil - 📍 Parsed coordinates from address: [48.990280170713675, 2.0652013945627465]
2026-02-28 01:39:57 [http-nio-8080-exec-3] INFO  c.d.dineo.common.util.GeocodingUtil - ✅ Address is already coordinates: [48.990280170713675, 2.0652013945627465]
2026-02-28 01:39:57 [http-nio-8080-exec-3] INFO  c.d.d.p.c.PublicPlatController - ✅ Geocoded to: [48.990280170713675, 2.0652013945627465]
2026-02-28 01:39:57 [http-nio-8080-exec-3] INFO  c.d.d.p.c.PublicPlatController - ✅ Distance calculated for plat Kouskous tunisien: 1499.1 km
2026-02-28 01:39:58 [http-nio-8080-exec-2] INFO  c.d.d.p.c.PublicPlatController - 🔍 addDistanceToResponse called for plat: Sushi
2026-02-28 01:39:58 [http-nio-8080-exec-2] INFO  c.d.d.p.c.PublicPlatController - 📍 Geocoding address for chef 51438312-db03-469c-b476-e4511f8e8e67: 48.990280170713675, 2.0652013945627465
2026-02-28 01:39:58 [http-nio-8080-exec-2] INFO  c.d.dineo.common.util.GeocodingUtil - 📍 Parsed coordinates from address: [48.990280170713675, 2.0652013945627465]
2026-02-28 01:39:58 [http-nio-8080-exec-2] INFO  c.d.dineo.common.util.GeocodingUtil - ✅ Address is already coordinates: [48.990280170713675, 2.0652013945627465]
2026-02-28 01:39:58 [http-nio-8080-exec-2] INFO  c.d.d.p.c.PublicPlatController - ✅ Geocoded to: [48.990280170713675, 2.0652013945627465]
2026-02-28 01:39:58 [http-nio-8080-exec-2] INFO  c.d.d.p.c.PublicPlatController - ✅ Distance calculated for plat Sushi: 1499.1 km
2026-02-28 01:39:58 [http-nio-8080-exec-3] INFO  c.d.d.p.c.PublicPlatController - 🔍 addDistanceToResponse called for plat: Sushi
2026-02-28 01:39:58 [http-nio-8080-exec-3] INFO  c.d.d.p.c.PublicPlatController - 📍 Geocoding address for chef 51438312-db03-469c-b476-e4511f8e8e67: 48.990280170713675, 2.0652013945627465
2026-02-28 01:39:58 [http-nio-8080-exec-3] INFO  c.d.dineo.common.util.GeocodingUtil - 📍 Parsed coordinates from address: [48.990280170713675, 2.0652013945627465]
2026-02-28 01:39:58 [http-nio-8080-exec-3] INFO  c.d.dineo.common.util.GeocodingUtil - ✅ Address is already coordinates: [48.990280170713675, 2.0652013945627465]
2026-02-28 01:39:58 [http-nio-8080-exec-3] INFO  c.d.d.p.c.PublicPlatController - ✅ Geocoded to: [48.990280170713675, 2.0652013945627465]
2026-02-28 01:39:58 [http-nio-8080-exec-3] INFO  c.d.d.p.c.PublicPlatController - ✅ Distance calculated for plat Sushi: 1499.1 km
2026-02-28 01:39:58 [http-nio-8080-exec-2] INFO  c.d.d.p.c.PublicPlatController - 🔍 addDistanceToResponse called for plat: Salade César
2026-02-28 01:39:59 [http-nio-8080-exec-2] INFO  c.d.d.p.c.PublicPlatController - 📍 Geocoding address for chef 51438312-db03-469c-b476-e4511f8e8e67: 48.990280170713675, 2.0652013945627465
2026-02-28 01:39:59 [http-nio-8080-exec-2] INFO  c.d.dineo.common.util.GeocodingUtil - 📍 Parsed coordinates from address: [48.990280170713675, 2.0652013945627465]
2026-02-28 01:39:59 [http-nio-8080-exec-2] INFO  c.d.dineo.common.util.GeocodingUtil - ✅ Address is already coordinates: [48.990280170713675, 2.0652013945627465]
2026-02-28 01:39:59 [http-nio-8080-exec-2] INFO  c.d.d.p.c.PublicPlatController - ✅ Geocoded to: [48.990280170713675, 2.0652013945627465]
2026-02-28 01:39:59 [http-nio-8080-exec-2] INFO  c.d.d.p.c.PublicPlatController - ✅ Distance calculated for plat Salade César: 1499.1 km
2026-02-28 01:39:59 [http-nio-8080-exec-3] INFO  c.d.d.p.c.PublicPlatController - 🔍 addDistanceToResponse called for plat: Salade César
2026-02-28 01:39:59 [http-nio-8080-exec-3] INFO  c.d.d.p.c.PublicPlatController - 📍 Geocoding address for chef 51438312-db03-469c-b476-e4511f8e8e67: 48.990280170713675, 2.0652013945627465
2026-02-28 01:39:59 [http-nio-8080-exec-3] INFO  c.d.dineo.common.util.GeocodingUtil - 📍 Parsed coordinates from address: [48.990280170713675, 2.0652013945627465]
2026-02-28 01:39:59 [http-nio-8080-exec-3] INFO  c.d.dineo.common.util.GeocodingUtil - ✅ Address is already coordinates: [48.990280170713675, 2.0652013945627465]
2026-02-28 01:39:59 [http-nio-8080-exec-3] INFO  c.d.d.p.c.PublicPlatController - ✅ Geocoded to: [48.990280170713675, 2.0652013945627465]
2026-02-28 01:39:59 [http-nio-8080-exec-3] INFO  c.d.d.p.c.PublicPlatController - ✅ Distance calculated for plat Salade César: 1499.1 km
2026-02-28 01:39:59 [http-nio-8080-exec-2] INFO  c.d.d.p.c.PublicPlatController - 🔍 addDistanceToResponse called for plat: Pizza
2026-02-28 01:39:59 [http-nio-8080-exec-2] INFO  c.d.d.p.c.PublicPlatController - 📍 Geocoding address for chef 51438312-db03-469c-b476-e4511f8e8e67: 48.990280170713675, 2.0652013945627465
2026-02-28 01:39:59 [http-nio-8080-exec-2] INFO  c.d.dineo.common.util.GeocodingUtil - 📍 Parsed coordinates from address: [48.990280170713675, 2.0652013945627465]
2026-02-28 01:39:59 [http-nio-8080-exec-2] INFO  c.d.dineo.common.util.GeocodingUtil - ✅ Address is already coordinates: [48.990280170713675, 2.0652013945627465]
2026-02-28 01:39:59 [http-nio-8080-exec-2] INFO  c.d.d.p.c.PublicPlatController - ✅ Geocoded to: [48.990280170713675, 2.0652013945627465]
2026-02-28 01:39:59 [http-nio-8080-exec-2] INFO  c.d.d.p.c.PublicPlatController - ✅ Distance calculated for plat Pizza: 1499.1 km
2026-02-28 01:40:00 [http-nio-8080-exec-3] INFO  c.d.d.p.c.PublicPlatController - 🔍 addDistanceToResponse called for plat: Pizza
2026-02-28 01:40:00 [http-nio-8080-exec-3] INFO  c.d.d.p.c.PublicPlatController - 📍 Geocoding address for chef 51438312-db03-469c-b476-e4511f8e8e67: 48.990280170713675, 2.0652013945627465
2026-02-28 01:40:00 [http-nio-8080-exec-3] INFO  c.d.dineo.common.util.GeocodingUtil - 📍 Parsed coordinates from address: [48.990280170713675, 2.0652013945627465]
2026-02-28 01:40:00 [http-nio-8080-exec-3] INFO  c.d.dineo.common.util.GeocodingUtil - ✅ Address is already coordinates: [48.990280170713675, 2.0652013945627465]
2026-02-28 01:40:00 [http-nio-8080-exec-3] INFO  c.d.d.p.c.PublicPlatController - ✅ Geocoded to: [48.990280170713675, 2.0652013945627465]
2026-02-28 01:40:00 [http-nio-8080-exec-3] INFO  c.d.d.p.c.PublicPlatController - ✅ Distance calculated for plat Pizza: 1499.1 km
2026-02-28 01:40:00 [http-nio-8080-exec-2] INFO  c.d.d.p.c.PublicPlatController - 🔍 addDistanceToResponse called for plat: Plat fruit de mer
2026-02-28 01:40:00 [http-nio-8080-exec-2] INFO  c.d.d.p.c.PublicPlatController - 📍 Geocoding address for chef 51438312-db03-469c-b476-e4511f8e8e67: 48.990280170713675, 2.0652013945627465
2026-02-28 01:40:00 [http-nio-8080-exec-2] INFO  c.d.dineo.common.util.GeocodingUtil - 📍 Parsed coordinates from address: [48.990280170713675, 2.0652013945627465]
2026-02-28 01:40:00 [http-nio-8080-exec-2] INFO  c.d.dineo.common.util.GeocodingUtil - ✅ Address is already coordinates: [48.990280170713675, 2.0652013945627465]
2026-02-28 01:40:00 [http-nio-8080-exec-2] INFO  c.d.d.p.c.PublicPlatController - ✅ Geocoded to: [48.990280170713675, 2.0652013945627465]
2026-02-28 01:40:00 [http-nio-8080-exec-2] INFO  c.d.d.p.c.PublicPlatController - ✅ Distance calculated for plat Plat fruit de mer: 1499.1 km
2026-02-28 01:40:00 [http-nio-8080-exec-3] INFO  c.d.d.p.c.PublicPlatController - 🔍 addDistanceToResponse called for plat: Plat fruit de mer
2026-02-28 01:40:01 [http-nio-8080-exec-3] INFO  c.d.d.p.c.PublicPlatController - 📍 Geocoding address for chef 51438312-db03-469c-b476-e4511f8e8e67: 48.990280170713675, 2.0652013945627465
2026-02-28 01:40:01 [http-nio-8080-exec-3] INFO  c.d.dineo.common.util.GeocodingUtil - 📍 Parsed coordinates from address: [48.990280170713675, 2.0652013945627465]
2026-02-28 01:40:01 [http-nio-8080-exec-3] INFO  c.d.dineo.common.util.GeocodingUtil - ✅ Address is already coordinates: [48.990280170713675, 2.0652013945627465]
2026-02-28 01:40:01 [http-nio-8080-exec-3] INFO  c.d.d.p.c.PublicPlatController - ✅ Geocoded to: [48.990280170713675, 2.0652013945627465]
2026-02-28 01:40:01 [http-nio-8080-exec-3] INFO  c.d.d.p.c.PublicPlatController - ✅ Distance calculated for plat Plat fruit de mer: 1499.1 km
2026-02-28 01:40:01 [http-nio-8080-exec-2] INFO  c.d.d.p.c.PublicPlatController - 🔍 addDistanceToResponse called for plat: Par-là
2026-02-28 01:40:01 [http-nio-8080-exec-2] INFO  c.d.d.p.c.PublicPlatController - 📍 Geocoding address for chef 51438312-db03-469c-b476-e4511f8e8e67: 48.990280170713675, 2.0652013945627465
2026-02-28 01:40:01 [http-nio-8080-exec-2] INFO  c.d.dineo.common.util.GeocodingUtil - 📍 Parsed coordinates from address: [48.990280170713675, 2.0652013945627465]
2026-02-28 01:40:01 [http-nio-8080-exec-2] INFO  c.d.dineo.common.util.GeocodingUtil - ✅ Address is already coordinates: [48.990280170713675, 2.0652013945627465]
2026-02-28 01:40:01 [http-nio-8080-exec-2] INFO  c.d.d.p.c.PublicPlatController - ✅ Geocoded to: [48.990280170713675, 2.0652013945627465]
2026-02-28 01:40:01 [http-nio-8080-exec-2] INFO  c.d.d.p.c.PublicPlatController - ✅ Distance calculated for plat Par-là: 1499.1 km
2026-02-28 01:40:01 [http-nio-8080-exec-2] INFO  c.d.d.p.c.PublicPlatController - After all filters: 1 plats remaining
2026-02-28 01:40:01 [http-nio-8080-exec-2] INFO  c.d.d.p.c.PublicPlatController - Search returned 1 total results, page 1/1
2026-02-28 01:40:01 [http-nio-8080-exec-3] INFO  c.d.d.p.c.PublicPlatController - 🔍 addDistanceToResponse called for plat: Par-là
2026-02-28 01:40:01 [http-nio-8080-exec-3] INFO  c.d.d.p.c.PublicPlatController - 📍 Geocoding address for chef 51438312-db03-469c-b476-e4511f8e8e67: 48.990280170713675, 2.0652013945627465
2026-02-28 01:40:01 [http-nio-8080-exec-3] INFO  c.d.dineo.common.util.GeocodingUtil - 📍 Parsed coordinates from address: [48.990280170713675, 2.0652013945627465]
2026-02-28 01:40:01 [http-nio-8080-exec-3] INFO  c.d.dineo.common.util.GeocodingUtil - ✅ Address is already coordinates: [48.990280170713675, 2.0652013945627465]
2026-02-28 01:40:01 [http-nio-8080-exec-3] INFO  c.d.d.p.c.PublicPlatController - ✅ Geocoded to: [48.990280170713675, 2.0652013945627465]
2026-02-28 01:40:01 [http-nio-8080-exec-3] INFO  c.d.d.p.c.PublicPlatController - ✅ Distance calculated for plat Par-là: 1499.1 km
2026-02-28 01:40:01 [http-nio-8080-exec-3] INFO  c.d.d.p.c.PublicPlatController - After all filters: 1 plats remaining
2026-02-28 01:40:01 [http-nio-8080-exec-3] INFO  c.d.d.p.c.PublicPlatController - Search returned 1 total results, page 1/1
2026-02-28 01:40:07 [http-nio-8080-exec-8] INFO  c.d.d.p.c.PublicPlatController - Public request to get categories (location: 36.86185454999997, 10.162940019999994, radius: 30.0km)
2026-02-28 01:40:07 [http-nio-8080-exec-7] INFO  c.d.d.p.c.PublicPlatController - Public search request - query: null, category: null, maxCookTime: null, minRating: null, sortBy: newest, sortOrder: desc, location: 36.86185454999997, 10.162940019999994, radius: 30.0km, page: 1, pageSize: 12
2026-02-28 01:40:07 [http-nio-8080-exec-6] INFO  c.d.d.p.c.PublicPlatController - Public request to get categories (location: 36.86185454999997, 10.162940019999994, radius: 30.0km)
2026-02-28 01:40:07 [http-nio-8080-exec-9] INFO  c.d.d.p.c.PublicPlatController - Public search request - query: null, category: null, maxCookTime: null, minRating: null, sortBy: newest, sortOrder: desc, location: 36.86185454999997, 10.162940019999994, radius: 30.0km, page: 1, pageSize: 12
2026-02-28 01:40:07 [http-nio-8080-exec-8] INFO  c.d.d.p.c.PublicPlatController - Found 12 available plats before filtering
2026-02-28 01:40:07 [http-nio-8080-exec-7] INFO  c.d.d.p.c.PublicPlatController - Found 12 available plats in database
2026-02-28 01:40:07 [http-nio-8080-exec-6] INFO  c.d.d.p.c.PublicPlatController - Found 12 available plats before filtering
2026-02-28 01:40:07 [http-nio-8080-exec-9] INFO  c.d.d.p.c.PublicPlatController - Found 12 available plats in database
2026-02-28 01:40:07 [http-nio-8080-exec-8] INFO  c.d.dineo.common.util.GeocodingUtil - 📍 Parsed coordinates from address: [48.990280170713675, 2.0652013945627465]
2026-02-28 01:40:07 [http-nio-8080-exec-8] INFO  c.d.dineo.common.util.GeocodingUtil - ✅ Address is already coordinates: [48.990280170713675, 2.0652013945627465]
2026-02-28 01:40:07 [http-nio-8080-exec-6] INFO  c.d.dineo.common.util.GeocodingUtil - 📍 Parsed coordinates from address: [48.990280170713675, 2.0652013945627465]
2026-02-28 01:40:07 [http-nio-8080-exec-6] INFO  c.d.dineo.common.util.GeocodingUtil - ✅ Address is already coordinates: [48.990280170713675, 2.0652013945627465]
2026-02-28 01:40:08 [http-nio-8080-exec-6] INFO  c.d.dineo.common.util.GeocodingUtil - 📍 Parsed coordinates from address: [48.990280170713675, 2.0652013945627465]
2026-02-28 01:40:08 [http-nio-8080-exec-8] INFO  c.d.dineo.common.util.GeocodingUtil - 📍 Parsed coordinates from address: [48.990280170713675, 2.0652013945627465]
2026-02-28 01:40:08 [http-nio-8080-exec-7] INFO  c.d.d.p.c.PublicPlatController - 🔍 addDistanceToResponse called for plat: Noodels
2026-02-28 01:40:08 [http-nio-8080-exec-6] INFO  c.d.dineo.common.util.GeocodingUtil - ✅ Address is already coordinates: [48.990280170713675, 2.0652013945627465]
2026-02-28 01:40:08 [http-nio-8080-exec-8] INFO  c.d.dineo.common.util.GeocodingUtil - ✅ Address is already coordinates: [48.990280170713675, 2.0652013945627465]
2026-02-28 01:40:08 [http-nio-8080-exec-9] INFO  c.d.d.p.c.PublicPlatController - 🔍 addDistanceToResponse called for plat: Noodels
2026-02-28 01:40:08 [http-nio-8080-exec-7] INFO  c.d.d.p.c.PublicPlatController - 📍 Geocoding address for chef 51438312-db03-469c-b476-e4511f8e8e67: 48.990280170713675, 2.0652013945627465
2026-02-28 01:40:08 [http-nio-8080-exec-7] INFO  c.d.dineo.common.util.GeocodingUtil - 📍 Parsed coordinates from address: [48.990280170713675, 2.0652013945627465]
2026-02-28 01:40:08 [http-nio-8080-exec-7] INFO  c.d.dineo.common.util.GeocodingUtil - ✅ Address is already coordinates: [48.990280170713675, 2.0652013945627465]
2026-02-28 01:40:08 [http-nio-8080-exec-7] INFO  c.d.d.p.c.PublicPlatController - ✅ Geocoded to: [48.990280170713675, 2.0652013945627465]
2026-02-28 01:40:08 [http-nio-8080-exec-7] INFO  c.d.d.p.c.PublicPlatController - ✅ Distance calculated for plat Noodels: 1499.1 km
2026-02-28 01:40:08 [http-nio-8080-exec-8] INFO  c.d.dineo.common.util.GeocodingUtil - 📍 Parsed coordinates from address: [36.86798171618947, 10.170494516278797]
2026-02-28 01:40:08 [http-nio-8080-exec-8] INFO  c.d.dineo.common.util.GeocodingUtil - ✅ Address is already coordinates: [36.86798171618947, 10.170494516278797]
2026-02-28 01:40:08 [http-nio-8080-exec-9] INFO  c.d.d.p.c.PublicPlatController - 📍 Geocoding address for chef 51438312-db03-469c-b476-e4511f8e8e67: 48.990280170713675, 2.0652013945627465
2026-02-28 01:40:08 [http-nio-8080-exec-9] INFO  c.d.dineo.common.util.GeocodingUtil - 📍 Parsed coordinates from address: [48.990280170713675, 2.0652013945627465]
2026-02-28 01:40:08 [http-nio-8080-exec-9] INFO  c.d.dineo.common.util.GeocodingUtil - ✅ Address is already coordinates: [48.990280170713675, 2.0652013945627465]
2026-02-28 01:40:08 [http-nio-8080-exec-9] INFO  c.d.d.p.c.PublicPlatController - ✅ Geocoded to: [48.990280170713675, 2.0652013945627465]
2026-02-28 01:40:08 [http-nio-8080-exec-9] INFO  c.d.d.p.c.PublicPlatController - ✅ Distance calculated for plat Noodels: 1499.1 km
2026-02-28 01:40:08 [http-nio-8080-exec-6] INFO  c.d.dineo.common.util.GeocodingUtil - 📍 Parsed coordinates from address: [36.86798171618947, 10.170494516278797]
2026-02-28 01:40:08 [http-nio-8080-exec-6] INFO  c.d.dineo.common.util.GeocodingUtil - ✅ Address is already coordinates: [36.86798171618947, 10.170494516278797]
2026-02-28 01:40:08 [http-nio-8080-exec-8] INFO  c.d.dineo.common.util.GeocodingUtil - 📍 Parsed coordinates from address: [48.990280170713675, 2.0652013945627465]
2026-02-28 01:40:08 [http-nio-8080-exec-8] INFO  c.d.dineo.common.util.GeocodingUtil - ✅ Address is already coordinates: [48.990280170713675, 2.0652013945627465]
2026-02-28 01:40:08 [http-nio-8080-exec-6] INFO  c.d.dineo.common.util.GeocodingUtil - 📍 Parsed coordinates from address: [48.990280170713675, 2.0652013945627465]
2026-02-28 01:40:08 [http-nio-8080-exec-6] INFO  c.d.dineo.common.util.GeocodingUtil - ✅ Address is already coordinates: [48.990280170713675, 2.0652013945627465]
2026-02-28 01:40:08 [http-nio-8080-exec-8] INFO  c.d.dineo.common.util.GeocodingUtil - 📍 Parsed coordinates from address: [48.990280170713675, 2.0652013945627465]
2026-02-28 01:40:08 [http-nio-8080-exec-8] INFO  c.d.dineo.common.util.GeocodingUtil - ✅ Address is already coordinates: [48.990280170713675, 2.0652013945627465]
2026-02-28 01:40:08 [http-nio-8080-exec-7] INFO  c.d.d.p.c.PublicPlatController - 🔍 addDistanceToResponse called for plat: Fricassé
2026-02-28 01:40:08 [http-nio-8080-exec-6] INFO  c.d.dineo.common.util.GeocodingUtil - 📍 Parsed coordinates from address: [48.990280170713675, 2.0652013945627465]
2026-02-28 01:40:08 [http-nio-8080-exec-6] INFO  c.d.dineo.common.util.GeocodingUtil - ✅ Address is already coordinates: [48.990280170713675, 2.0652013945627465]
2026-02-28 01:40:08 [http-nio-8080-exec-9] INFO  c.d.d.p.c.PublicPlatController - 🔍 addDistanceToResponse called for plat: Fricassé
2026-02-28 01:40:09 [http-nio-8080-exec-5] INFO  c.d.d.c.c.PublicChefController - 🚨🚨🚨 CHEF ENDPOINT CALLED - lat: 36.86185454999997, lon: 10.162940019999994, radius: 30.0 km, page: 0, pageSize: 12
2026-02-28 01:40:09 [http-nio-8080-exec-10] INFO  c.d.d.c.c.PublicChefController - 🚨🚨🚨 CHEF ENDPOINT CALLED - lat: 36.86185454999997, lon: 10.162940019999994, radius: 30.0 km, page: 0, pageSize: 12
2026-02-28 01:40:09 [http-nio-8080-exec-5] INFO  c.d.d.c.c.PublicChefController - Get nearby chefs request received for location (36.86185454999997, 10.162940019999994) within 30.0 km
2026-02-28 01:40:09 [http-nio-8080-exec-10] INFO  c.d.d.c.c.PublicChefController - Get nearby chefs request received for location (36.86185454999997, 10.162940019999994) within 30.0 km
2026-02-28 01:40:09 [http-nio-8080-exec-8] INFO  c.d.dineo.common.util.GeocodingUtil - 📍 Parsed coordinates from address: [48.990280170713675, 2.0652013945627465]
2026-02-28 01:40:09 [http-nio-8080-exec-8] INFO  c.d.dineo.common.util.GeocodingUtil - ✅ Address is already coordinates: [48.990280170713675, 2.0652013945627465]
2026-02-28 01:40:09 [http-nio-8080-exec-10] INFO  c.d.d.c.c.PublicChefController - Found 6 PROVIDER users
2026-02-28 01:40:09 [http-nio-8080-exec-5] INFO  c.d.d.c.c.PublicChefController - Found 6 PROVIDER users
2026-02-28 01:40:09 [http-nio-8080-exec-7] INFO  c.d.d.p.c.PublicPlatController - 📍 Geocoding address for chef 51438312-db03-469c-b476-e4511f8e8e67: 48.990280170713675, 2.0652013945627465
2026-02-28 01:40:09 [http-nio-8080-exec-7] INFO  c.d.dineo.common.util.GeocodingUtil - 📍 Parsed coordinates from address: [48.990280170713675, 2.0652013945627465]
2026-02-28 01:40:09 [http-nio-8080-exec-7] INFO  c.d.dineo.common.util.GeocodingUtil - ✅ Address is already coordinates: [48.990280170713675, 2.0652013945627465]
2026-02-28 01:40:09 [http-nio-8080-exec-7] INFO  c.d.d.p.c.PublicPlatController - ✅ Geocoded to: [48.990280170713675, 2.0652013945627465]
2026-02-28 01:40:09 [http-nio-8080-exec-7] INFO  c.d.d.p.c.PublicPlatController - ✅ Distance calculated for plat Fricassé: 1499.1 km
2026-02-28 01:40:09 [http-nio-8080-exec-6] INFO  c.d.dineo.common.util.GeocodingUtil - 📍 Parsed coordinates from address: [48.990280170713675, 2.0652013945627465]
2026-02-28 01:40:09 [http-nio-8080-exec-6] INFO  c.d.dineo.common.util.GeocodingUtil - ✅ Address is already coordinates: [48.990280170713675, 2.0652013945627465]
2026-02-28 01:40:09 [http-nio-8080-exec-9] INFO  c.d.d.p.c.PublicPlatController - 📍 Geocoding address for chef 51438312-db03-469c-b476-e4511f8e8e67: 48.990280170713675, 2.0652013945627465
2026-02-28 01:40:09 [http-nio-8080-exec-9] INFO  c.d.dineo.common.util.GeocodingUtil - 📍 Parsed coordinates from address: [48.990280170713675, 2.0652013945627465]
2026-02-28 01:40:09 [http-nio-8080-exec-9] INFO  c.d.dineo.common.util.GeocodingUtil - ✅ Address is already coordinates: [48.990280170713675, 2.0652013945627465]
2026-02-28 01:40:09 [http-nio-8080-exec-9] INFO  c.d.d.p.c.PublicPlatController - ✅ Geocoded to: [48.990280170713675, 2.0652013945627465]
2026-02-28 01:40:09 [http-nio-8080-exec-9] INFO  c.d.d.p.c.PublicPlatController - ✅ Distance calculated for plat Fricassé: 1499.1 km
2026-02-28 01:40:09 [http-nio-8080-exec-8] INFO  c.d.dineo.common.util.GeocodingUtil - 📍 Parsed coordinates from address: [48.990280170713675, 2.0652013945627465]
2026-02-28 01:40:09 [http-nio-8080-exec-8] INFO  c.d.dineo.common.util.GeocodingUtil - ✅ Address is already coordinates: [48.990280170713675, 2.0652013945627465]
2026-02-28 01:40:09 [http-nio-8080-exec-5] INFO  c.d.d.c.c.PublicChefController - Retrieved 3 chef users from database
2026-02-28 01:40:09 [http-nio-8080-exec-6] INFO  c.d.dineo.common.util.GeocodingUtil - 📍 Parsed coordinates from address: [48.990280170713675, 2.0652013945627465]
2026-02-28 01:40:09 [http-nio-8080-exec-6] INFO  c.d.dineo.common.util.GeocodingUtil - ✅ Address is already coordinates: [48.990280170713675, 2.0652013945627465]
2026-02-28 01:40:09 [http-nio-8080-exec-10] INFO  c.d.d.c.c.PublicChefController - Retrieved 3 chef users from database
2026-02-28 01:40:09 [http-nio-8080-exec-5] INFO  c.d.d.c.c.PublicChefController - 📍 Adding distance for chef 2b9ae655-331b-44dd-a316-505318613279 at address: 36.86798171618947, 10.170494516278797
2026-02-28 01:40:09 [http-nio-8080-exec-5] INFO  c.d.d.c.c.PublicChefController - 📍 Adding distance for chef 2b9ae655-331b-44dd-a316-505318613279 at address: 36.86798171618947, 10.170494516278797
2026-02-28 01:40:09 [http-nio-8080-exec-5] INFO  c.d.dineo.common.util.GeocodingUtil - 📍 Parsed coordinates from address: [36.86798171618947, 10.170494516278797]
2026-02-28 01:40:09 [http-nio-8080-exec-5] INFO  c.d.dineo.common.util.GeocodingUtil - ✅ Address is already coordinates: [36.86798171618947, 10.170494516278797]
2026-02-28 01:40:09 [http-nio-8080-exec-5] INFO  c.d.d.c.c.PublicChefController - 📏 Distance calculated: 1.0 km
2026-02-28 01:40:09 [http-nio-8080-exec-5] INFO  c.d.d.c.c.PublicChefController - 📏 Distance calculated: 1.0 km
2026-02-28 01:40:09 [http-nio-8080-exec-10] INFO  c.d.d.c.c.PublicChefController - 📍 Adding distance for chef 2b9ae655-331b-44dd-a316-505318613279 at address: 36.86798171618947, 10.170494516278797
2026-02-28 01:40:09 [http-nio-8080-exec-10] INFO  c.d.d.c.c.PublicChefController - 📍 Adding distance for chef 2b9ae655-331b-44dd-a316-505318613279 at address: 36.86798171618947, 10.170494516278797
2026-02-28 01:40:09 [http-nio-8080-exec-10] INFO  c.d.dineo.common.util.GeocodingUtil - 📍 Parsed coordinates from address: [36.86798171618947, 10.170494516278797]
2026-02-28 01:40:09 [http-nio-8080-exec-10] INFO  c.d.dineo.common.util.GeocodingUtil - ✅ Address is already coordinates: [36.86798171618947, 10.170494516278797]
2026-02-28 01:40:09 [http-nio-8080-exec-10] INFO  c.d.d.c.c.PublicChefController - 📏 Distance calculated: 1.0 km
2026-02-28 01:40:09 [http-nio-8080-exec-10] INFO  c.d.d.c.c.PublicChefController - 📏 Distance calculated: 1.0 km
2026-02-28 01:40:09 [http-nio-8080-exec-8] INFO  c.d.dineo.common.util.GeocodingUtil - 📍 Parsed coordinates from address: [48.990280170713675, 2.0652013945627465]
2026-02-28 01:40:09 [http-nio-8080-exec-8] INFO  c.d.dineo.common.util.GeocodingUtil - ✅ Address is already coordinates: [48.990280170713675, 2.0652013945627465]
2026-02-28 01:40:09 [http-nio-8080-exec-5] INFO  c.d.d.c.c.PublicChefController - 📍 Adding distance for chef 51438312-db03-469c-b476-e4511f8e8e67 at address: 48.990280170713675, 2.0652013945627465
2026-02-28 01:40:09 [http-nio-8080-exec-5] INFO  c.d.d.c.c.PublicChefController - 📍 Adding distance for chef 51438312-db03-469c-b476-e4511f8e8e67 at address: 48.990280170713675, 2.0652013945627465
2026-02-28 01:40:09 [http-nio-8080-exec-5] INFO  c.d.dineo.common.util.GeocodingUtil - 📍 Parsed coordinates from address: [48.990280170713675, 2.0652013945627465]
2026-02-28 01:40:09 [http-nio-8080-exec-5] INFO  c.d.dineo.common.util.GeocodingUtil - ✅ Address is already coordinates: [48.990280170713675, 2.0652013945627465]
2026-02-28 01:40:09 [http-nio-8080-exec-5] INFO  c.d.d.c.c.PublicChefController - 📏 Distance calculated: 1499.1 km
2026-02-28 01:40:09 [http-nio-8080-exec-5] INFO  c.d.d.c.c.PublicChefController - 📏 Distance calculated: 1499.1 km
2026-02-28 01:40:09 [http-nio-8080-exec-10] INFO  c.d.d.c.c.PublicChefController - 📍 Adding distance for chef 51438312-db03-469c-b476-e4511f8e8e67 at address: 48.990280170713675, 2.0652013945627465
2026-02-28 01:40:09 [http-nio-8080-exec-10] INFO  c.d.d.c.c.PublicChefController - 📍 Adding distance for chef 51438312-db03-469c-b476-e4511f8e8e67 at address: 48.990280170713675, 2.0652013945627465
2026-02-28 01:40:09 [http-nio-8080-exec-10] INFO  c.d.dineo.common.util.GeocodingUtil - 📍 Parsed coordinates from address: [48.990280170713675, 2.0652013945627465]
2026-02-28 01:40:09 [http-nio-8080-exec-10] INFO  c.d.dineo.common.util.GeocodingUtil - ✅ Address is already coordinates: [48.990280170713675, 2.0652013945627465]
2026-02-28 01:40:09 [http-nio-8080-exec-10] INFO  c.d.d.c.c.PublicChefController - 📏 Distance calculated: 1499.1 km
2026-02-28 01:40:09 [http-nio-8080-exec-10] INFO  c.d.d.c.c.PublicChefController - 📏 Distance calculated: 1499.1 km
2026-02-28 01:40:09 [http-nio-8080-exec-6] INFO  c.d.dineo.common.util.GeocodingUtil - 📍 Parsed coordinates from address: [48.990280170713675, 2.0652013945627465]
2026-02-28 01:40:09 [http-nio-8080-exec-6] INFO  c.d.dineo.common.util.GeocodingUtil - ✅ Address is already coordinates: [48.990280170713675, 2.0652013945627465]
2026-02-28 01:40:09 [http-nio-8080-exec-7] INFO  c.d.d.p.c.PublicPlatController - 🔍 addDistanceToResponse called for plat: lasagne
2026-02-28 01:40:09 [http-nio-8080-exec-5] INFO  c.d.d.c.c.PublicChefController - 📍 Adding distance for chef 8b1c9d91-8d1d-43e8-ab9f-904a95c1b8d4 at address: 48.98818216984314, 2.0658558535655827
2026-02-28 01:40:09 [http-nio-8080-exec-5] INFO  c.d.d.c.c.PublicChefController - 📍 Adding distance for chef 8b1c9d91-8d1d-43e8-ab9f-904a95c1b8d4 at address: 48.98818216984314, 2.0658558535655827
2026-02-28 01:40:09 [http-nio-8080-exec-5] INFO  c.d.dineo.common.util.GeocodingUtil - 📍 Parsed coordinates from address: [48.98818216984314, 2.0658558535655827]
2026-02-28 01:40:09 [http-nio-8080-exec-5] INFO  c.d.dineo.common.util.GeocodingUtil - ✅ Address is already coordinates: [48.98818216984314, 2.0658558535655827]
2026-02-28 01:40:09 [http-nio-8080-exec-5] INFO  c.d.d.c.c.PublicChefController - 📏 Distance calculated: 1498.9 km
2026-02-28 01:40:09 [http-nio-8080-exec-5] INFO  c.d.d.c.c.PublicChefController - 📏 Distance calculated: 1498.9 km
2026-02-28 01:40:09 [http-nio-8080-exec-5] INFO  c.d.d.c.c.PublicChefController - Found 1 chefs within 30.0 km radius
2026-02-28 01:40:09 [http-nio-8080-exec-5] INFO  c.d.d.c.c.PublicChefController - Successfully retrieved 1 nearby chefs (page 1/1)
2026-02-28 01:40:09 [http-nio-8080-exec-10] INFO  c.d.d.c.c.PublicChefController - 📍 Adding distance for chef 8b1c9d91-8d1d-43e8-ab9f-904a95c1b8d4 at address: 48.98818216984314, 2.0658558535655827
2026-02-28 01:40:09 [http-nio-8080-exec-10] INFO  c.d.d.c.c.PublicChefController - 📍 Adding distance for chef 8b1c9d91-8d1d-43e8-ab9f-904a95c1b8d4 at address: 48.98818216984314, 2.0658558535655827
2026-02-28 01:40:09 [http-nio-8080-exec-10] INFO  c.d.dineo.common.util.GeocodingUtil - 📍 Parsed coordinates from address: [48.98818216984314, 2.0658558535655827]
2026-02-28 01:40:09 [http-nio-8080-exec-10] INFO  c.d.dineo.common.util.GeocodingUtil - ✅ Address is already coordinates: [48.98818216984314, 2.0658558535655827]
2026-02-28 01:40:09 [http-nio-8080-exec-10] INFO  c.d.d.c.c.PublicChefController - 📏 Distance calculated: 1498.9 km
2026-02-28 01:40:09 [http-nio-8080-exec-10] INFO  c.d.d.c.c.PublicChefController - 📏 Distance calculated: 1498.9 km
2026-02-28 01:40:09 [http-nio-8080-exec-10] INFO  c.d.d.c.c.PublicChefController - Found 1 chefs within 30.0 km radius
2026-02-28 01:40:09 [http-nio-8080-exec-10] INFO  c.d.d.c.c.PublicChefController - Successfully retrieved 1 nearby chefs (page 1/1)
2026-02-28 01:40:09 [http-nio-8080-exec-9] INFO  c.d.d.p.c.PublicPlatController - 🔍 addDistanceToResponse called for plat: lasagne
2026-02-28 01:40:09 [http-nio-8080-exec-8] INFO  c.d.dineo.common.util.GeocodingUtil - 📍 Parsed coordinates from address: [48.990280170713675, 2.0652013945627465]
2026-02-28 01:40:09 [http-nio-8080-exec-8] INFO  c.d.dineo.common.util.GeocodingUtil - ✅ Address is already coordinates: [48.990280170713675, 2.0652013945627465]
2026-02-28 01:40:10 [http-nio-8080-exec-7] INFO  c.d.d.p.c.PublicPlatController - 📍 Geocoding address for chef 2b9ae655-331b-44dd-a316-505318613279: 36.86798171618947, 10.170494516278797
2026-02-28 01:40:10 [http-nio-8080-exec-7] INFO  c.d.dineo.common.util.GeocodingUtil - 📍 Parsed coordinates from address: [36.86798171618947, 10.170494516278797]
2026-02-28 01:40:10 [http-nio-8080-exec-7] INFO  c.d.dineo.common.util.GeocodingUtil - ✅ Address is already coordinates: [36.86798171618947, 10.170494516278797]
2026-02-28 01:40:10 [http-nio-8080-exec-7] INFO  c.d.d.p.c.PublicPlatController - ✅ Geocoded to: [36.86798171618947, 10.170494516278797]
2026-02-28 01:40:10 [http-nio-8080-exec-7] INFO  c.d.d.p.c.PublicPlatController - ✅ Distance calculated for plat lasagne: 1.0 km
2026-02-28 01:40:10 [http-nio-8080-exec-6] INFO  c.d.dineo.common.util.GeocodingUtil - 📍 Parsed coordinates from address: [48.990280170713675, 2.0652013945627465]
2026-02-28 01:40:10 [http-nio-8080-exec-6] INFO  c.d.dineo.common.util.GeocodingUtil - ✅ Address is already coordinates: [48.990280170713675, 2.0652013945627465]
2026-02-28 01:40:10 [http-nio-8080-exec-9] INFO  c.d.d.p.c.PublicPlatController - 📍 Geocoding address for chef 2b9ae655-331b-44dd-a316-505318613279: 36.86798171618947, 10.170494516278797
2026-02-28 01:40:10 [http-nio-8080-exec-9] INFO  c.d.dineo.common.util.GeocodingUtil - 📍 Parsed coordinates from address: [36.86798171618947, 10.170494516278797]
2026-02-28 01:40:10 [http-nio-8080-exec-9] INFO  c.d.dineo.common.util.GeocodingUtil - ✅ Address is already coordinates: [36.86798171618947, 10.170494516278797]
2026-02-28 01:40:10 [http-nio-8080-exec-9] INFO  c.d.d.p.c.PublicPlatController - ✅ Geocoded to: [36.86798171618947, 10.170494516278797]
2026-02-28 01:40:10 [http-nio-8080-exec-9] INFO  c.d.d.p.c.PublicPlatController - ✅ Distance calculated for plat lasagne: 1.0 km
2026-02-28 01:40:10 [http-nio-8080-exec-8] INFO  c.d.dineo.common.util.GeocodingUtil - 📍 Parsed coordinates from address: [48.990280170713675, 2.0652013945627465]
2026-02-28 01:40:10 [http-nio-8080-exec-8] INFO  c.d.dineo.common.util.GeocodingUtil - ✅ Address is already coordinates: [48.990280170713675, 2.0652013945627465]
2026-02-28 01:40:10 [http-nio-8080-exec-6] INFO  c.d.dineo.common.util.GeocodingUtil - 📍 Parsed coordinates from address: [48.990280170713675, 2.0652013945627465]
2026-02-28 01:40:10 [http-nio-8080-exec-6] INFO  c.d.dineo.common.util.GeocodingUtil - ✅ Address is already coordinates: [48.990280170713675, 2.0652013945627465]
2026-02-28 01:40:10 [http-nio-8080-exec-8] INFO  c.d.dineo.common.util.GeocodingUtil - 📍 Parsed coordinates from address: [48.990280170713675, 2.0652013945627465]
2026-02-28 01:40:10 [http-nio-8080-exec-8] INFO  c.d.dineo.common.util.GeocodingUtil - ✅ Address is already coordinates: [48.990280170713675, 2.0652013945627465]
2026-02-28 01:40:10 [http-nio-8080-exec-6] INFO  c.d.dineo.common.util.GeocodingUtil - 📍 Parsed coordinates from address: [48.990280170713675, 2.0652013945627465]
2026-02-28 01:40:10 [http-nio-8080-exec-6] INFO  c.d.dineo.common.util.GeocodingUtil - ✅ Address is already coordinates: [48.990280170713675, 2.0652013945627465]
2026-02-28 01:40:10 [http-nio-8080-exec-7] INFO  c.d.d.p.c.PublicPlatController - 🔍 addDistanceToResponse called for plat: Tacos
2026-02-28 01:40:10 [http-nio-8080-exec-8] INFO  c.d.dineo.common.util.GeocodingUtil - 📍 Parsed coordinates from address: [48.990280170713675, 2.0652013945627465]
2026-02-28 01:40:10 [http-nio-8080-exec-8] INFO  c.d.dineo.common.util.GeocodingUtil - ✅ Address is already coordinates: [48.990280170713675, 2.0652013945627465]
2026-02-28 01:40:10 [http-nio-8080-exec-8] INFO  c.d.d.p.c.PublicPlatController - After location filtering: 1 plats within 30.0km
2026-02-28 01:40:10 [http-nio-8080-exec-9] INFO  c.d.d.p.c.PublicPlatController - 🔍 addDistanceToResponse called for plat: Tacos
2026-02-28 01:40:10 [http-nio-8080-exec-8] INFO  c.d.d.p.c.PublicPlatController - Found 2 unique categories from filtered plats
2026-02-28 01:40:10 [http-nio-8080-exec-6] INFO  c.d.dineo.common.util.GeocodingUtil - 📍 Parsed coordinates from address: [48.990280170713675, 2.0652013945627465]
2026-02-28 01:40:10 [http-nio-8080-exec-6] INFO  c.d.dineo.common.util.GeocodingUtil - ✅ Address is already coordinates: [48.990280170713675, 2.0652013945627465]
2026-02-28 01:40:10 [http-nio-8080-exec-6] INFO  c.d.d.p.c.PublicPlatController - After location filtering: 1 plats within 30.0km
2026-02-28 01:40:10 [http-nio-8080-exec-7] INFO  c.d.d.p.c.PublicPlatController - 📍 Geocoding address for chef 51438312-db03-469c-b476-e4511f8e8e67: 48.990280170713675, 2.0652013945627465
2026-02-28 01:40:10 [http-nio-8080-exec-7] INFO  c.d.dineo.common.util.GeocodingUtil - 📍 Parsed coordinates from address: [48.990280170713675, 2.0652013945627465]
2026-02-28 01:40:10 [http-nio-8080-exec-7] INFO  c.d.dineo.common.util.GeocodingUtil - ✅ Address is already coordinates: [48.990280170713675, 2.0652013945627465]
2026-02-28 01:40:10 [http-nio-8080-exec-7] INFO  c.d.d.p.c.PublicPlatController - ✅ Geocoded to: [48.990280170713675, 2.0652013945627465]
2026-02-28 01:40:10 [http-nio-8080-exec-7] INFO  c.d.d.p.c.PublicPlatController - ✅ Distance calculated for plat Tacos: 1499.1 km
2026-02-28 01:40:10 [http-nio-8080-exec-6] INFO  c.d.d.p.c.PublicPlatController - Found 2 unique categories from filtered plats
2026-02-28 01:40:11 [http-nio-8080-exec-9] INFO  c.d.d.p.c.PublicPlatController - 📍 Geocoding address for chef 51438312-db03-469c-b476-e4511f8e8e67: 48.990280170713675, 2.0652013945627465
2026-02-28 01:40:11 [http-nio-8080-exec-9] INFO  c.d.dineo.common.util.GeocodingUtil - 📍 Parsed coordinates from address: [48.990280170713675, 2.0652013945627465]
2026-02-28 01:40:11 [http-nio-8080-exec-9] INFO  c.d.dineo.common.util.GeocodingUtil - ✅ Address is already coordinates: [48.990280170713675, 2.0652013945627465]
2026-02-28 01:40:11 [http-nio-8080-exec-9] INFO  c.d.d.p.c.PublicPlatController - ✅ Geocoded to: [48.990280170713675, 2.0652013945627465]
2026-02-28 01:40:11 [http-nio-8080-exec-9] INFO  c.d.d.p.c.PublicPlatController - ✅ Distance calculated for plat Tacos: 1499.1 km
2026-02-28 01:40:11 [http-nio-8080-exec-7] INFO  c.d.d.p.c.PublicPlatController - 🔍 addDistanceToResponse called for plat: Tiramisu
2026-02-28 01:40:11 [http-nio-8080-exec-9] INFO  c.d.d.p.c.PublicPlatController - 🔍 addDistanceToResponse called for plat: Tiramisu
2026-02-28 01:40:11 [http-nio-8080-exec-7] INFO  c.d.d.p.c.PublicPlatController - 📍 Geocoding address for chef 51438312-db03-469c-b476-e4511f8e8e67: 48.990280170713675, 2.0652013945627465
2026-02-28 01:40:11 [http-nio-8080-exec-7] INFO  c.d.dineo.common.util.GeocodingUtil - 📍 Parsed coordinates from address: [48.990280170713675, 2.0652013945627465]
2026-02-28 01:40:11 [http-nio-8080-exec-7] INFO  c.d.dineo.common.util.GeocodingUtil - ✅ Address is already coordinates: [48.990280170713675, 2.0652013945627465]
2026-02-28 01:40:11 [http-nio-8080-exec-7] INFO  c.d.d.p.c.PublicPlatController - ✅ Geocoded to: [48.990280170713675, 2.0652013945627465]
2026-02-28 01:40:11 [http-nio-8080-exec-7] INFO  c.d.d.p.c.PublicPlatController - ✅ Distance calculated for plat Tiramisu: 1499.1 km
2026-02-28 01:40:11 [http-nio-8080-exec-9] INFO  c.d.d.p.c.PublicPlatController - 📍 Geocoding address for chef 51438312-db03-469c-b476-e4511f8e8e67: 48.990280170713675, 2.0652013945627465
2026-02-28 01:40:11 [http-nio-8080-exec-9] INFO  c.d.dineo.common.util.GeocodingUtil - 📍 Parsed coordinates from address: [48.990280170713675, 2.0652013945627465]
2026-02-28 01:40:11 [http-nio-8080-exec-9] INFO  c.d.dineo.common.util.GeocodingUtil - ✅ Address is already coordinates: [48.990280170713675, 2.0652013945627465]
2026-02-28 01:40:11 [http-nio-8080-exec-9] INFO  c.d.d.p.c.PublicPlatController - ✅ Geocoded to: [48.990280170713675, 2.0652013945627465]
2026-02-28 01:40:11 [http-nio-8080-exec-9] INFO  c.d.d.p.c.PublicPlatController - ✅ Distance calculated for plat Tiramisu: 1499.1 km
2026-02-28 01:40:12 [http-nio-8080-exec-7] INFO  c.d.d.p.c.PublicPlatController - 🔍 addDistanceToResponse called for plat: Steak
2026-02-28 01:40:12 [http-nio-8080-exec-9] INFO  c.d.d.p.c.PublicPlatController - 🔍 addDistanceToResponse called for plat: Steak
2026-02-28 01:40:12 [http-nio-8080-exec-7] INFO  c.d.d.p.c.PublicPlatController - 📍 Geocoding address for chef 51438312-db03-469c-b476-e4511f8e8e67: 48.990280170713675, 2.0652013945627465
2026-02-28 01:40:12 [http-nio-8080-exec-7] INFO  c.d.dineo.common.util.GeocodingUtil - 📍 Parsed coordinates from address: [48.990280170713675, 2.0652013945627465]
2026-02-28 01:40:12 [http-nio-8080-exec-7] INFO  c.d.dineo.common.util.GeocodingUtil - ✅ Address is already coordinates: [48.990280170713675, 2.0652013945627465]
2026-02-28 01:40:12 [http-nio-8080-exec-7] INFO  c.d.d.p.c.PublicPlatController - ✅ Geocoded to: [48.990280170713675, 2.0652013945627465]
2026-02-28 01:40:12 [http-nio-8080-exec-7] INFO  c.d.d.p.c.PublicPlatController - ✅ Distance calculated for plat Steak: 1499.1 km
2026-02-28 01:40:12 [http-nio-8080-exec-3] INFO  c.d.d.c.c.PublicChefController - Get chef details request received for chef 2b9ae655-331b-44dd-a316-505318613279
2026-02-28 01:40:12 [http-nio-8080-exec-2] INFO  c.d.d.c.c.ChefReviewController - Get reviews request received for chef 2b9ae655-331b-44dd-a316-505318613279
2026-02-28 01:40:12 [http-nio-8080-exec-1] INFO  c.d.d.c.c.PublicChefController - Get chef plats request received for chef 2b9ae655-331b-44dd-a316-505318613279
2026-02-28 01:40:12 [http-nio-8080-exec-4] INFO  c.d.d.c.c.PublicChefController - Get chef details request received for chef 2b9ae655-331b-44dd-a316-505318613279
2026-02-28 01:40:12 [http-nio-8080-exec-9] INFO  c.d.d.p.c.PublicPlatController - 📍 Geocoding address for chef 51438312-db03-469c-b476-e4511f8e8e67: 48.990280170713675, 2.0652013945627465
2026-02-28 01:40:12 [http-nio-8080-exec-9] INFO  c.d.dineo.common.util.GeocodingUtil - 📍 Parsed coordinates from address: [48.990280170713675, 2.0652013945627465]
2026-02-28 01:40:12 [http-nio-8080-exec-9] INFO  c.d.dineo.common.util.GeocodingUtil - ✅ Address is already coordinates: [48.990280170713675, 2.0652013945627465]
2026-02-28 01:40:12 [http-nio-8080-exec-9] INFO  c.d.d.p.c.PublicPlatController - ✅ Geocoded to: [48.990280170713675, 2.0652013945627465]
2026-02-28 01:40:12 [http-nio-8080-exec-9] INFO  c.d.d.p.c.PublicPlatController - ✅ Distance calculated for plat Steak: 1499.1 km
2026-02-28 01:40:12 [http-nio-8080-exec-2] INFO  c.d.d.c.s.impl.ChefReviewServiceImpl - Fetching all reviews for chef: 2b9ae655-331b-44dd-a316-505318613279
2026-02-28 01:40:12 [http-nio-8080-exec-2] INFO  c.d.d.c.s.impl.ChefReviewServiceImpl - Found 0 reviews for chef 2b9ae655-331b-44dd-a316-505318613279
2026-02-28 01:40:12 [http-nio-8080-exec-2] INFO  c.d.d.c.c.ChefReviewController - Retrieved 0 reviews for chef 2b9ae655-331b-44dd-a316-505318613279
2026-02-28 01:40:12 [http-nio-8080-exec-5] INFO  c.d.d.c.c.PublicChefController - Get chef plats request received for chef 2b9ae655-331b-44dd-a316-505318613279
2026-02-28 01:40:13 [http-nio-8080-exec-4] INFO  c.d.d.c.c.PublicChefController - Successfully retrieved chef details for chef 2b9ae655-331b-44dd-a316-505318613279
2026-02-28 01:40:13 [http-nio-8080-exec-7] INFO  c.d.d.p.c.PublicPlatController - 🔍 addDistanceToResponse called for plat: Kouskous tunisien
2026-02-28 01:40:13 [http-nio-8080-exec-3] INFO  c.d.d.c.c.PublicChefController - Successfully retrieved chef details for chef 2b9ae655-331b-44dd-a316-505318613279
2026-02-28 01:40:13 [http-nio-8080-exec-10] INFO  c.d.d.c.c.ChefReviewController - Get reviews request received for chef 2b9ae655-331b-44dd-a316-505318613279
2026-02-28 01:40:13 [http-nio-8080-exec-9] INFO  c.d.d.p.c.PublicPlatController - 🔍 addDistanceToResponse called for plat: Kouskous tunisien
2026-02-28 01:40:13 [http-nio-8080-exec-10] INFO  c.d.d.c.s.impl.ChefReviewServiceImpl - Fetching all reviews for chef: 2b9ae655-331b-44dd-a316-505318613279
2026-02-28 01:40:13 [http-nio-8080-exec-7] INFO  c.d.d.p.c.PublicPlatController - 📍 Geocoding address for chef 51438312-db03-469c-b476-e4511f8e8e67: 48.990280170713675, 2.0652013945627465
2026-02-28 01:40:13 [http-nio-8080-exec-7] INFO  c.d.dineo.common.util.GeocodingUtil - 📍 Parsed coordinates from address: [48.990280170713675, 2.0652013945627465]
2026-02-28 01:40:13 [http-nio-8080-exec-10] INFO  c.d.d.c.s.impl.ChefReviewServiceImpl - Found 0 reviews for chef 2b9ae655-331b-44dd-a316-505318613279
2026-02-28 01:40:13 [http-nio-8080-exec-7] INFO  c.d.dineo.common.util.GeocodingUtil - ✅ Address is already coordinates: [48.990280170713675, 2.0652013945627465]
2026-02-28 01:40:13 [http-nio-8080-exec-7] INFO  c.d.d.p.c.PublicPlatController - ✅ Geocoded to: [48.990280170713675, 2.0652013945627465]
2026-02-28 01:40:13 [http-nio-8080-exec-7] INFO  c.d.d.p.c.PublicPlatController - ✅ Distance calculated for plat Kouskous tunisien: 1499.1 km
2026-02-28 01:40:13 [http-nio-8080-exec-10] INFO  c.d.d.c.c.ChefReviewController - Retrieved 0 reviews for chef 2b9ae655-331b-44dd-a316-505318613279
2026-02-28 01:40:13 [http-nio-8080-exec-1] INFO  c.d.d.c.c.PublicChefController - Successfully retrieved 1 plats for chef 2b9ae655-331b-44dd-a316-505318613279
2026-02-28 01:40:13 [http-nio-8080-exec-9] INFO  c.d.d.p.c.PublicPlatController - 📍 Geocoding address for chef 51438312-db03-469c-b476-e4511f8e8e67: 48.990280170713675, 2.0652013945627465
2026-02-28 01:40:13 [http-nio-8080-exec-9] INFO  c.d.dineo.common.util.GeocodingUtil - 📍 Parsed coordinates from address: [48.990280170713675, 2.0652013945627465]
2026-02-28 01:40:13 [http-nio-8080-exec-9] INFO  c.d.dineo.common.util.GeocodingUtil - ✅ Address is already coordinates: [48.990280170713675, 2.0652013945627465]
2026-02-28 01:40:13 [http-nio-8080-exec-9] INFO  c.d.d.p.c.PublicPlatController - ✅ Geocoded to: [48.990280170713675, 2.0652013945627465]
2026-02-28 01:40:13 [http-nio-8080-exec-9] INFO  c.d.d.p.c.PublicPlatController - ✅ Distance calculated for plat Kouskous tunisien: 1499.1 km
2026-02-28 01:40:13 [http-nio-8080-exec-5] INFO  c.d.d.c.c.PublicChefController - Successfully retrieved 1 plats for chef 2b9ae655-331b-44dd-a316-505318613279
2026-02-28 01:40:13 [http-nio-8080-exec-7] INFO  c.d.d.p.c.PublicPlatController - 🔍 addDistanceToResponse called for plat: Sushi
2026-02-28 01:40:14 [http-nio-8080-exec-9] INFO  c.d.d.p.c.PublicPlatController - 🔍 addDistanceToResponse called for plat: Sushi
2026-02-28 01:40:14 [http-nio-8080-exec-7] INFO  c.d.d.p.c.PublicPlatController - 📍 Geocoding address for chef 51438312-db03-469c-b476-e4511f8e8e67: 48.990280170713675, 2.0652013945627465
2026-02-28 01:40:14 [http-nio-8080-exec-7] INFO  c.d.dineo.common.util.GeocodingUtil - 📍 Parsed coordinates from address: [48.990280170713675, 2.0652013945627465]
2026-02-28 01:40:14 [http-nio-8080-exec-7] INFO  c.d.dineo.common.util.GeocodingUtil - ✅ Address is already coordinates: [48.990280170713675, 2.0652013945627465]
2026-02-28 01:40:14 [http-nio-8080-exec-7] INFO  c.d.d.p.c.PublicPlatController - ✅ Geocoded to: [48.990280170713675, 2.0652013945627465]
2026-02-28 01:40:14 [http-nio-8080-exec-7] INFO  c.d.d.p.c.PublicPlatController - ✅ Distance calculated for plat Sushi: 1499.1 km
2026-02-28 01:40:14 [http-nio-8080-exec-9] INFO  c.d.d.p.c.PublicPlatController - 📍 Geocoding address for chef 51438312-db03-469c-b476-e4511f8e8e67: 48.990280170713675, 2.0652013945627465
2026-02-28 01:40:14 [http-nio-8080-exec-9] INFO  c.d.dineo.common.util.GeocodingUtil - 📍 Parsed coordinates from address: [48.990280170713675, 2.0652013945627465]
2026-02-28 01:40:14 [http-nio-8080-exec-9] INFO  c.d.dineo.common.util.GeocodingUtil - ✅ Address is already coordinates: [48.990280170713675, 2.0652013945627465]
2026-02-28 01:40:14 [http-nio-8080-exec-9] INFO  c.d.d.p.c.PublicPlatController - ✅ Geocoded to: [48.990280170713675, 2.0652013945627465]
2026-02-28 01:40:14 [http-nio-8080-exec-9] INFO  c.d.d.p.c.PublicPlatController - ✅ Distance calculated for plat Sushi: 1499.1 km
2026-02-28 01:40:14 [http-nio-8080-exec-7] INFO  c.d.d.p.c.PublicPlatController - 🔍 addDistanceToResponse called for plat: Salade César
2026-02-28 01:40:14 [http-nio-8080-exec-9] INFO  c.d.d.p.c.PublicPlatController - 🔍 addDistanceToResponse called for plat: Salade César
2026-02-28 01:40:14 [http-nio-8080-exec-7] INFO  c.d.d.p.c.PublicPlatController - 📍 Geocoding address for chef 51438312-db03-469c-b476-e4511f8e8e67: 48.990280170713675, 2.0652013945627465
2026-02-28 01:40:14 [http-nio-8080-exec-7] INFO  c.d.dineo.common.util.GeocodingUtil - 📍 Parsed coordinates from address: [48.990280170713675, 2.0652013945627465]
2026-02-28 01:40:14 [http-nio-8080-exec-7] INFO  c.d.dineo.common.util.GeocodingUtil - ✅ Address is already coordinates: [48.990280170713675, 2.0652013945627465]
2026-02-28 01:40:14 [http-nio-8080-exec-7] INFO  c.d.d.p.c.PublicPlatController - ✅ Geocoded to: [48.990280170713675, 2.0652013945627465]
2026-02-28 01:40:14 [http-nio-8080-exec-7] INFO  c.d.d.p.c.PublicPlatController - ✅ Distance calculated for plat Salade César: 1499.1 km
2026-02-28 01:40:15 [http-nio-8080-exec-9] INFO  c.d.d.p.c.PublicPlatController - 📍 Geocoding address for chef 51438312-db03-469c-b476-e4511f8e8e67: 48.990280170713675, 2.0652013945627465
2026-02-28 01:40:15 [http-nio-8080-exec-9] INFO  c.d.dineo.common.util.GeocodingUtil - 📍 Parsed coordinates from address: [48.990280170713675, 2.0652013945627465]
2026-02-28 01:40:15 [http-nio-8080-exec-9] INFO  c.d.dineo.common.util.GeocodingUtil - ✅ Address is already coordinates: [48.990280170713675, 2.0652013945627465]
2026-02-28 01:40:15 [http-nio-8080-exec-9] INFO  c.d.d.p.c.PublicPlatController - ✅ Geocoded to: [48.990280170713675, 2.0652013945627465]
2026-02-28 01:40:15 [http-nio-8080-exec-9] INFO  c.d.d.p.c.PublicPlatController - ✅ Distance calculated for plat Salade César: 1499.1 km
2026-02-28 01:40:15 [http-nio-8080-exec-7] INFO  c.d.d.p.c.PublicPlatController - 🔍 addDistanceToResponse called for plat: Pizza
2026-02-28 01:40:15 [http-nio-8080-exec-9] INFO  c.d.d.p.c.PublicPlatController - 🔍 addDistanceToResponse called for plat: Pizza
2026-02-28 01:40:15 [http-nio-8080-exec-7] INFO  c.d.d.p.c.PublicPlatController - 📍 Geocoding address for chef 51438312-db03-469c-b476-e4511f8e8e67: 48.990280170713675, 2.0652013945627465
2026-02-28 01:40:15 [http-nio-8080-exec-7] INFO  c.d.dineo.common.util.GeocodingUtil - 📍 Parsed coordinates from address: [48.990280170713675, 2.0652013945627465]
2026-02-28 01:40:15 [http-nio-8080-exec-7] INFO  c.d.dineo.common.util.GeocodingUtil - ✅ Address is already coordinates: [48.990280170713675, 2.0652013945627465]
2026-02-28 01:40:15 [http-nio-8080-exec-7] INFO  c.d.d.p.c.PublicPlatController - ✅ Geocoded to: [48.990280170713675, 2.0652013945627465]
2026-02-28 01:40:15 [http-nio-8080-exec-7] INFO  c.d.d.p.c.PublicPlatController - ✅ Distance calculated for plat Pizza: 1499.1 km
2026-02-28 01:40:15 [http-nio-8080-exec-9] INFO  c.d.d.p.c.PublicPlatController - 📍 Geocoding address for chef 51438312-db03-469c-b476-e4511f8e8e67: 48.990280170713675, 2.0652013945627465
2026-02-28 01:40:15 [http-nio-8080-exec-9] INFO  c.d.dineo.common.util.GeocodingUtil - 📍 Parsed coordinates from address: [48.990280170713675, 2.0652013945627465]
2026-02-28 01:40:15 [http-nio-8080-exec-9] INFO  c.d.dineo.common.util.GeocodingUtil - ✅ Address is already coordinates: [48.990280170713675, 2.0652013945627465]
2026-02-28 01:40:15 [http-nio-8080-exec-9] INFO  c.d.d.p.c.PublicPlatController - ✅ Geocoded to: [48.990280170713675, 2.0652013945627465]
2026-02-28 01:40:15 [http-nio-8080-exec-9] INFO  c.d.d.p.c.PublicPlatController - ✅ Distance calculated for plat Pizza: 1499.1 km
2026-02-28 01:40:16 [http-nio-8080-exec-7] INFO  c.d.d.p.c.PublicPlatController - 🔍 addDistanceToResponse called for plat: Plat fruit de mer
2026-02-28 01:40:16 [http-nio-8080-exec-7] INFO  c.d.d.p.c.PublicPlatController - 📍 Geocoding address for chef 51438312-db03-469c-b476-e4511f8e8e67: 48.990280170713675, 2.0652013945627465
2026-02-28 01:40:16 [http-nio-8080-exec-7] INFO  c.d.dineo.common.util.GeocodingUtil - 📍 Parsed coordinates from address: [48.990280170713675, 2.0652013945627465]
2026-02-28 01:40:16 [http-nio-8080-exec-7] INFO  c.d.dineo.common.util.GeocodingUtil - ✅ Address is already coordinates: [48.990280170713675, 2.0652013945627465]
2026-02-28 01:40:16 [http-nio-8080-exec-7] INFO  c.d.d.p.c.PublicPlatController - ✅ Geocoded to: [48.990280170713675, 2.0652013945627465]
2026-02-28 01:40:16 [http-nio-8080-exec-7] INFO  c.d.d.p.c.PublicPlatController - ✅ Distance calculated for plat Plat fruit de mer: 1499.1 km
2026-02-28 01:40:16 [http-nio-8080-exec-9] INFO  c.d.d.p.c.PublicPlatController - 🔍 addDistanceToResponse called for plat: Plat fruit de mer
2026-02-28 01:40:16 [http-nio-8080-exec-9] INFO  c.d.d.p.c.PublicPlatController - 📍 Geocoding address for chef 51438312-db03-469c-b476-e4511f8e8e67: 48.990280170713675, 2.0652013945627465
2026-02-28 01:40:16 [http-nio-8080-exec-9] INFO  c.d.dineo.common.util.GeocodingUtil - 📍 Parsed coordinates from address: [48.990280170713675, 2.0652013945627465]
2026-02-28 01:40:16 [http-nio-8080-exec-9] INFO  c.d.dineo.common.util.GeocodingUtil - ✅ Address is already coordinates: [48.990280170713675, 2.0652013945627465]
2026-02-28 01:40:16 [http-nio-8080-exec-9] INFO  c.d.d.p.c.PublicPlatController - ✅ Geocoded to: [48.990280170713675, 2.0652013945627465]
2026-02-28 01:40:16 [http-nio-8080-exec-9] INFO  c.d.d.p.c.PublicPlatController - ✅ Distance calculated for plat Plat fruit de mer: 1499.1 km
2026-02-28 01:40:17 [http-nio-8080-exec-7] INFO  c.d.d.p.c.PublicPlatController - 🔍 addDistanceToResponse called for plat: Par-là
2026-02-28 01:40:17 [http-nio-8080-exec-7] INFO  c.d.d.p.c.PublicPlatController - 📍 Geocoding address for chef 51438312-db03-469c-b476-e4511f8e8e67: 48.990280170713675, 2.0652013945627465
2026-02-28 01:40:17 [http-nio-8080-exec-7] INFO  c.d.dineo.common.util.GeocodingUtil - 📍 Parsed coordinates from address: [48.990280170713675, 2.0652013945627465]
2026-02-28 01:40:17 [http-nio-8080-exec-7] INFO  c.d.dineo.common.util.GeocodingUtil - ✅ Address is already coordinates: [48.990280170713675, 2.0652013945627465]
2026-02-28 01:40:17 [http-nio-8080-exec-7] INFO  c.d.d.p.c.PublicPlatController - ✅ Geocoded to: [48.990280170713675, 2.0652013945627465]
2026-02-28 01:40:17 [http-nio-8080-exec-7] INFO  c.d.d.p.c.PublicPlatController - ✅ Distance calculated for plat Par-là: 1499.1 km
2026-02-28 01:40:17 [http-nio-8080-exec-7] INFO  c.d.d.p.c.PublicPlatController - After all filters: 1 plats remaining
2026-02-28 01:40:17 [http-nio-8080-exec-7] INFO  c.d.d.p.c.PublicPlatController - Search returned 1 total results, page 1/1
2026-02-28 01:40:17 [http-nio-8080-exec-9] INFO  c.d.d.p.c.PublicPlatController - 🔍 addDistanceToResponse called for plat: Par-là
2026-02-28 01:40:17 [http-nio-8080-exec-9] INFO  c.d.d.p.c.PublicPlatController - 📍 Geocoding address for chef 51438312-db03-469c-b476-e4511f8e8e67: 48.990280170713675, 2.0652013945627465
2026-02-28 01:40:17 [http-nio-8080-exec-9] INFO  c.d.dineo.common.util.GeocodingUtil - 📍 Parsed coordinates from address: [48.990280170713675, 2.0652013945627465]
2026-02-28 01:40:17 [http-nio-8080-exec-9] INFO  c.d.dineo.common.util.GeocodingUtil - ✅ Address is already coordinates: [48.990280170713675, 2.0652013945627465]
2026-02-28 01:40:17 [http-nio-8080-exec-9] INFO  c.d.d.p.c.PublicPlatController - ✅ Geocoded to: [48.990280170713675, 2.0652013945627465]
2026-02-28 01:40:17 [http-nio-8080-exec-9] INFO  c.d.d.p.c.PublicPlatController - ✅ Distance calculated for plat Par-là: 1499.1 km
2026-02-28 01:40:17 [http-nio-8080-exec-9] INFO  c.d.d.p.c.PublicPlatController - After all filters: 1 plats remaining
2026-02-28 01:40:17 [http-nio-8080-exec-9] INFO  c.d.d.p.c.PublicPlatController - Search returned 1 total results, page 1/1
2026-02-28 01:41:27 [http-nio-8080-exec-1] INFO  c.d.d.c.c.PublicChefController - Get chef details request received for chef 2b9ae655-331b-44dd-a316-505318613279
2026-02-28 01:41:27 [http-nio-8080-exec-5] INFO  c.d.d.c.c.PublicChefController - Get chef plats request received for chef 2b9ae655-331b-44dd-a316-505318613279
2026-02-28 01:41:27 [http-nio-8080-exec-7] INFO  c.d.d.c.c.ChefReviewController - Get reviews request received for chef 2b9ae655-331b-44dd-a316-505318613279
2026-02-28 01:41:27 [http-nio-8080-exec-7] INFO  c.d.d.c.s.impl.ChefReviewServiceImpl - Fetching all reviews for chef: 2b9ae655-331b-44dd-a316-505318613279
2026-02-28 01:41:27 [http-nio-8080-exec-7] INFO  c.d.d.c.s.impl.ChefReviewServiceImpl - Found 0 reviews for chef 2b9ae655-331b-44dd-a316-505318613279
2026-02-28 01:41:28 [http-nio-8080-exec-7] INFO  c.d.d.c.c.ChefReviewController - Retrieved 0 reviews for chef 2b9ae655-331b-44dd-a316-505318613279
2026-02-28 01:41:28 [http-nio-8080-exec-1] INFO  c.d.d.c.c.PublicChefController - Successfully retrieved chef details for chef 2b9ae655-331b-44dd-a316-505318613279
2026-02-28 01:41:28 [http-nio-8080-exec-5] INFO  c.d.d.c.c.PublicChefController - Successfully retrieved 1 plats for chef 2b9ae655-331b-44dd-a316-505318613279
2026-02-28 01:42:11 [http-nio-8080-exec-9] INFO  c.d.d.c.c.PublicChefController - 🚨🚨🚨 CHEF ENDPOINT CALLED - lat: 36.86185454999997, lon: 10.162940019999994, radius: 30.0 km, page: 0, pageSize: 12
2026-02-28 01:42:11 [http-nio-8080-exec-6] INFO  c.d.d.c.c.PublicChefController - 🚨🚨🚨 CHEF ENDPOINT CALLED - lat: 36.86185454999997, lon: 10.162940019999994, radius: 30.0 km, page: 0, pageSize: 12
2026-02-28 01:42:11 [http-nio-8080-exec-9] INFO  c.d.d.c.c.PublicChefController - Get nearby chefs request received for location (36.86185454999997, 10.162940019999994) within 30.0 km
2026-02-28 01:42:11 [http-nio-8080-exec-6] INFO  c.d.d.c.c.PublicChefController - Get nearby chefs request received for location (36.86185454999997, 10.162940019999994) within 30.0 km
2026-02-28 01:42:11 [http-nio-8080-exec-6] INFO  c.d.d.c.c.PublicChefController - Found 6 PROVIDER users
2026-02-28 01:42:11 [http-nio-8080-exec-9] INFO  c.d.d.c.c.PublicChefController - Found 6 PROVIDER users
2026-02-28 01:42:11 [http-nio-8080-exec-9] INFO  c.d.d.c.c.PublicChefController - Retrieved 3 chef users from database
2026-02-28 01:42:11 [http-nio-8080-exec-6] INFO  c.d.d.c.c.PublicChefController - Retrieved 3 chef users from database
2026-02-28 01:42:11 [http-nio-8080-exec-9] INFO  c.d.d.c.c.PublicChefController - 📍 Adding distance for chef 2b9ae655-331b-44dd-a316-505318613279 at address: 36.86798171618947, 10.170494516278797
2026-02-28 01:42:11 [http-nio-8080-exec-9] INFO  c.d.d.c.c.PublicChefController - 📍 Adding distance for chef 2b9ae655-331b-44dd-a316-505318613279 at address: 36.86798171618947, 10.170494516278797
2026-02-28 01:42:11 [http-nio-8080-exec-9] INFO  c.d.dineo.common.util.GeocodingUtil - 📍 Parsed coordinates from address: [36.86798171618947, 10.170494516278797]
2026-02-28 01:42:11 [http-nio-8080-exec-9] INFO  c.d.dineo.common.util.GeocodingUtil - ✅ Address is already coordinates: [36.86798171618947, 10.170494516278797]
2026-02-28 01:42:11 [http-nio-8080-exec-9] INFO  c.d.d.c.c.PublicChefController - 📏 Distance calculated: 1.0 km
2026-02-28 01:42:11 [http-nio-8080-exec-9] INFO  c.d.d.c.c.PublicChefController - 📏 Distance calculated: 1.0 km
2026-02-28 01:42:11 [http-nio-8080-exec-6] INFO  c.d.d.c.c.PublicChefController - 📍 Adding distance for chef 2b9ae655-331b-44dd-a316-505318613279 at address: 36.86798171618947, 10.170494516278797
2026-02-28 01:42:11 [http-nio-8080-exec-6] INFO  c.d.d.c.c.PublicChefController - 📍 Adding distance for chef 2b9ae655-331b-44dd-a316-505318613279 at address: 36.86798171618947, 10.170494516278797
2026-02-28 01:42:11 [http-nio-8080-exec-6] INFO  c.d.dineo.common.util.GeocodingUtil - 📍 Parsed coordinates from address: [36.86798171618947, 10.170494516278797]
2026-02-28 01:42:11 [http-nio-8080-exec-6] INFO  c.d.dineo.common.util.GeocodingUtil - ✅ Address is already coordinates: [36.86798171618947, 10.170494516278797]
2026-02-28 01:42:11 [http-nio-8080-exec-6] INFO  c.d.d.c.c.PublicChefController - 📏 Distance calculated: 1.0 km
2026-02-28 01:42:11 [http-nio-8080-exec-6] INFO  c.d.d.c.c.PublicChefController - 📏 Distance calculated: 1.0 km
2026-02-28 01:42:11 [http-nio-8080-exec-9] INFO  c.d.d.c.c.PublicChefController - 📍 Adding distance for chef 51438312-db03-469c-b476-e4511f8e8e67 at address: 48.990280170713675, 2.0652013945627465
2026-02-28 01:42:11 [http-nio-8080-exec-9] INFO  c.d.d.c.c.PublicChefController - 📍 Adding distance for chef 51438312-db03-469c-b476-e4511f8e8e67 at address: 48.990280170713675, 2.0652013945627465
2026-02-28 01:42:11 [http-nio-8080-exec-9] INFO  c.d.dineo.common.util.GeocodingUtil - 📍 Parsed coordinates from address: [48.990280170713675, 2.0652013945627465]
2026-02-28 01:42:11 [http-nio-8080-exec-9] INFO  c.d.dineo.common.util.GeocodingUtil - ✅ Address is already coordinates: [48.990280170713675, 2.0652013945627465]
2026-02-28 01:42:11 [http-nio-8080-exec-9] INFO  c.d.d.c.c.PublicChefController - 📏 Distance calculated: 1499.1 km
2026-02-28 01:42:11 [http-nio-8080-exec-9] INFO  c.d.d.c.c.PublicChefController - 📏 Distance calculated: 1499.1 km
2026-02-28 01:42:11 [http-nio-8080-exec-6] INFO  c.d.d.c.c.PublicChefController - 📍 Adding distance for chef 51438312-db03-469c-b476-e4511f8e8e67 at address: 48.990280170713675, 2.0652013945627465
2026-02-28 01:42:11 [http-nio-8080-exec-6] INFO  c.d.d.c.c.PublicChefController - 📍 Adding distance for chef 51438312-db03-469c-b476-e4511f8e8e67 at address: 48.990280170713675, 2.0652013945627465
2026-02-28 01:42:11 [http-nio-8080-exec-6] INFO  c.d.dineo.common.util.GeocodingUtil - 📍 Parsed coordinates from address: [48.990280170713675, 2.0652013945627465]
2026-02-28 01:42:11 [http-nio-8080-exec-6] INFO  c.d.dineo.common.util.GeocodingUtil - ✅ Address is already coordinates: [48.990280170713675, 2.0652013945627465]
2026-02-28 01:42:11 [http-nio-8080-exec-6] INFO  c.d.d.c.c.PublicChefController - 📏 Distance calculated: 1499.1 km
2026-02-28 01:42:11 [http-nio-8080-exec-6] INFO  c.d.d.c.c.PublicChefController - 📏 Distance calculated: 1499.1 km
2026-02-28 01:42:11 [http-nio-8080-exec-9] INFO  c.d.d.c.c.PublicChefController - 📍 Adding distance for chef 8b1c9d91-8d1d-43e8-ab9f-904a95c1b8d4 at address: 48.98818216984314, 2.0658558535655827
2026-02-28 01:42:11 [http-nio-8080-exec-9] INFO  c.d.d.c.c.PublicChefController - 📍 Adding distance for chef 8b1c9d91-8d1d-43e8-ab9f-904a95c1b8d4 at address: 48.98818216984314, 2.0658558535655827
2026-02-28 01:42:11 [http-nio-8080-exec-9] INFO  c.d.dineo.common.util.GeocodingUtil - 📍 Parsed coordinates from address: [48.98818216984314, 2.0658558535655827]
2026-02-28 01:42:11 [http-nio-8080-exec-9] INFO  c.d.dineo.common.util.GeocodingUtil - ✅ Address is already coordinates: [48.98818216984314, 2.0658558535655827]
2026-02-28 01:42:11 [http-nio-8080-exec-9] INFO  c.d.d.c.c.PublicChefController - 📏 Distance calculated: 1498.9 km
2026-02-28 01:42:11 [http-nio-8080-exec-9] INFO  c.d.d.c.c.PublicChefController - 📏 Distance calculated: 1498.9 km
2026-02-28 01:42:11 [http-nio-8080-exec-9] INFO  c.d.d.c.c.PublicChefController - Found 1 chefs within 30.0 km radius
2026-02-28 01:42:11 [http-nio-8080-exec-9] INFO  c.d.d.c.c.PublicChefController - Successfully retrieved 1 nearby chefs (page 1/1)
2026-02-28 01:42:11 [http-nio-8080-exec-6] INFO  c.d.d.c.c.PublicChefController - 📍 Adding distance for chef 8b1c9d91-8d1d-43e8-ab9f-904a95c1b8d4 at address: 48.98818216984314, 2.0658558535655827
2026-02-28 01:42:11 [http-nio-8080-exec-6] INFO  c.d.d.c.c.PublicChefController - 📍 Adding distance for chef 8b1c9d91-8d1d-43e8-ab9f-904a95c1b8d4 at address: 48.98818216984314, 2.0658558535655827
2026-02-28 01:42:11 [http-nio-8080-exec-6] INFO  c.d.dineo.common.util.GeocodingUtil - 📍 Parsed coordinates from address: [48.98818216984314, 2.0658558535655827]
2026-02-28 01:42:11 [http-nio-8080-exec-6] INFO  c.d.dineo.common.util.GeocodingUtil - ✅ Address is already coordinates: [48.98818216984314, 2.0658558535655827]
2026-02-28 01:42:11 [http-nio-8080-exec-6] INFO  c.d.d.c.c.PublicChefController - 📏 Distance calculated: 1498.9 km
2026-02-28 01:42:11 [http-nio-8080-exec-6] INFO  c.d.d.c.c.PublicChefController - 📏 Distance calculated: 1498.9 km
2026-02-28 01:42:11 [http-nio-8080-exec-6] INFO  c.d.d.c.c.PublicChefController - Found 1 chefs within 30.0 km radius
2026-02-28 01:42:11 [http-nio-8080-exec-6] INFO  c.d.d.c.c.PublicChefController - Successfully retrieved 1 nearby chefs (page 1/1)
2026-02-28 01:42:15 [http-nio-8080-exec-2] INFO  c.d.d.p.c.PublicPlatController - Public request to get categories (location: 36.86185454999997, 10.162940019999994, radius: 30.0km)
2026-02-28 01:42:15 [http-nio-8080-exec-4] INFO  c.d.d.p.c.PublicPlatController - Public request to get categories (location: 36.86185454999997, 10.162940019999994, radius: 30.0km)
2026-02-28 01:42:15 [http-nio-8080-exec-8] INFO  c.d.d.p.c.PublicPlatController - Public search request - query: null, category: null, maxCookTime: null, minRating: null, sortBy: newest, sortOrder: desc, location: 36.86185454999997, 10.162940019999994, radius: 30.0km, page: 1, pageSize: 12
2026-02-28 01:42:15 [http-nio-8080-exec-3] INFO  c.d.d.p.c.PublicPlatController - Public search request - query: null, category: null, maxCookTime: null, minRating: null, sortBy: newest, sortOrder: desc, location: 36.86185454999997, 10.162940019999994, radius: 30.0km, page: 1, pageSize: 12
2026-02-28 01:42:15 [http-nio-8080-exec-4] INFO  c.d.d.p.c.PublicPlatController - Found 12 available plats before filtering
2026-02-28 01:42:15 [http-nio-8080-exec-2] INFO  c.d.d.p.c.PublicPlatController - Found 12 available plats before filtering
2026-02-28 01:42:15 [http-nio-8080-exec-8] INFO  c.d.d.p.c.PublicPlatController - Found 12 available plats in database
2026-02-28 01:42:15 [http-nio-8080-exec-3] INFO  c.d.d.p.c.PublicPlatController - Found 12 available plats in database
2026-02-28 01:42:15 [http-nio-8080-exec-4] INFO  c.d.dineo.common.util.GeocodingUtil - 📍 Parsed coordinates from address: [48.990280170713675, 2.0652013945627465]
2026-02-28 01:42:15 [http-nio-8080-exec-4] INFO  c.d.dineo.common.util.GeocodingUtil - ✅ Address is already coordinates: [48.990280170713675, 2.0652013945627465]
2026-02-28 01:42:15 [http-nio-8080-exec-2] INFO  c.d.dineo.common.util.GeocodingUtil - 📍 Parsed coordinates from address: [48.990280170713675, 2.0652013945627465]
2026-02-28 01:42:15 [http-nio-8080-exec-2] INFO  c.d.dineo.common.util.GeocodingUtil - ✅ Address is already coordinates: [48.990280170713675, 2.0652013945627465]
2026-02-28 01:42:16 [http-nio-8080-exec-4] INFO  c.d.dineo.common.util.GeocodingUtil - 📍 Parsed coordinates from address: [48.990280170713675, 2.0652013945627465]
2026-02-28 01:42:16 [http-nio-8080-exec-4] INFO  c.d.dineo.common.util.GeocodingUtil - ✅ Address is already coordinates: [48.990280170713675, 2.0652013945627465]
2026-02-28 01:42:16 [http-nio-8080-exec-8] INFO  c.d.d.p.c.PublicPlatController - 🔍 addDistanceToResponse called for plat: Noodels
2026-02-28 01:42:16 [http-nio-8080-exec-3] INFO  c.d.d.p.c.PublicPlatController - 🔍 addDistanceToResponse called for plat: Noodels
2026-02-28 01:42:16 [http-nio-8080-exec-2] INFO  c.d.dineo.common.util.GeocodingUtil - 📍 Parsed coordinates from address: [48.990280170713675, 2.0652013945627465]
2026-02-28 01:42:16 [http-nio-8080-exec-2] INFO  c.d.dineo.common.util.GeocodingUtil - ✅ Address is already coordinates: [48.990280170713675, 2.0652013945627465]
2026-02-28 01:42:16 [http-nio-8080-exec-8] INFO  c.d.d.p.c.PublicPlatController - 📍 Geocoding address for chef 51438312-db03-469c-b476-e4511f8e8e67: 48.990280170713675, 2.0652013945627465
2026-02-28 01:42:16 [http-nio-8080-exec-4] INFO  c.d.dineo.common.util.GeocodingUtil - 📍 Parsed coordinates from address: [36.86798171618947, 10.170494516278797]
2026-02-28 01:42:16 [http-nio-8080-exec-8] INFO  c.d.dineo.common.util.GeocodingUtil - 📍 Parsed coordinates from address: [48.990280170713675, 2.0652013945627465]
2026-02-28 01:42:16 [http-nio-8080-exec-4] INFO  c.d.dineo.common.util.GeocodingUtil - ✅ Address is already coordinates: [36.86798171618947, 10.170494516278797]
2026-02-28 01:42:16 [http-nio-8080-exec-8] INFO  c.d.dineo.common.util.GeocodingUtil - ✅ Address is already coordinates: [48.990280170713675, 2.0652013945627465]
2026-02-28 01:42:16 [http-nio-8080-exec-8] INFO  c.d.d.p.c.PublicPlatController - ✅ Geocoded to: [48.990280170713675, 2.0652013945627465]
2026-02-28 01:42:16 [http-nio-8080-exec-8] INFO  c.d.d.p.c.PublicPlatController - ✅ Distance calculated for plat Noodels: 1499.1 km
2026-02-28 01:42:16 [http-nio-8080-exec-3] INFO  c.d.d.p.c.PublicPlatController - 📍 Geocoding address for chef 51438312-db03-469c-b476-e4511f8e8e67: 48.990280170713675, 2.0652013945627465
2026-02-28 01:42:16 [http-nio-8080-exec-3] INFO  c.d.dineo.common.util.GeocodingUtil - 📍 Parsed coordinates from address: [48.990280170713675, 2.0652013945627465]
2026-02-28 01:42:16 [http-nio-8080-exec-3] INFO  c.d.dineo.common.util.GeocodingUtil - ✅ Address is already coordinates: [48.990280170713675, 2.0652013945627465]
2026-02-28 01:42:16 [http-nio-8080-exec-3] INFO  c.d.d.p.c.PublicPlatController - ✅ Geocoded to: [48.990280170713675, 2.0652013945627465]
2026-02-28 01:42:16 [http-nio-8080-exec-3] INFO  c.d.d.p.c.PublicPlatController - ✅ Distance calculated for plat Noodels: 1499.1 km
2026-02-28 01:42:16 [http-nio-8080-exec-2] INFO  c.d.dineo.common.util.GeocodingUtil - 📍 Parsed coordinates from address: [36.86798171618947, 10.170494516278797]
2026-02-28 01:42:16 [http-nio-8080-exec-2] INFO  c.d.dineo.common.util.GeocodingUtil - ✅ Address is already coordinates: [36.86798171618947, 10.170494516278797]
2026-02-28 01:42:16 [http-nio-8080-exec-4] INFO  c.d.dineo.common.util.GeocodingUtil - 📍 Parsed coordinates from address: [48.990280170713675, 2.0652013945627465]
2026-02-28 01:42:16 [http-nio-8080-exec-4] INFO  c.d.dineo.common.util.GeocodingUtil - ✅ Address is already coordinates: [48.990280170713675, 2.0652013945627465]
2026-02-28 01:42:16 [http-nio-8080-exec-2] INFO  c.d.dineo.common.util.GeocodingUtil - 📍 Parsed coordinates from address: [48.990280170713675, 2.0652013945627465]
2026-02-28 01:42:16 [http-nio-8080-exec-2] INFO  c.d.dineo.common.util.GeocodingUtil - ✅ Address is already coordinates: [48.990280170713675, 2.0652013945627465]
2026-02-28 01:42:17 [http-nio-8080-exec-4] INFO  c.d.dineo.common.util.GeocodingUtil - 📍 Parsed coordinates from address: [48.990280170713675, 2.0652013945627465]
2026-02-28 01:42:17 [http-nio-8080-exec-4] INFO  c.d.dineo.common.util.GeocodingUtil - ✅ Address is already coordinates: [48.990280170713675, 2.0652013945627465]
2026-02-28 01:42:17 [http-nio-8080-exec-8] INFO  c.d.d.p.c.PublicPlatController - 🔍 addDistanceToResponse called for plat: Fricassé
2026-02-28 01:42:17 [http-nio-8080-exec-3] INFO  c.d.d.p.c.PublicPlatController - 🔍 addDistanceToResponse called for plat: Fricassé
2026-02-28 01:42:17 [http-nio-8080-exec-2] INFO  c.d.dineo.common.util.GeocodingUtil - 📍 Parsed coordinates from address: [48.990280170713675, 2.0652013945627465]
2026-02-28 01:42:17 [http-nio-8080-exec-2] INFO  c.d.dineo.common.util.GeocodingUtil - ✅ Address is already coordinates: [48.990280170713675, 2.0652013945627465]
2026-02-28 01:42:17 [http-nio-8080-exec-8] INFO  c.d.d.p.c.PublicPlatController - 📍 Geocoding address for chef 51438312-db03-469c-b476-e4511f8e8e67: 48.990280170713675, 2.0652013945627465
2026-02-28 01:42:17 [http-nio-8080-exec-8] INFO  c.d.dineo.common.util.GeocodingUtil - 📍 Parsed coordinates from address: [48.990280170713675, 2.0652013945627465]
2026-02-28 01:42:17 [http-nio-8080-exec-8] INFO  c.d.dineo.common.util.GeocodingUtil - ✅ Address is already coordinates: [48.990280170713675, 2.0652013945627465]
2026-02-28 01:42:17 [http-nio-8080-exec-8] INFO  c.d.d.p.c.PublicPlatController - ✅ Geocoded to: [48.990280170713675, 2.0652013945627465]
2026-02-28 01:42:17 [http-nio-8080-exec-8] INFO  c.d.d.p.c.PublicPlatController - ✅ Distance calculated for plat Fricassé: 1499.1 km
2026-02-28 01:42:17 [http-nio-8080-exec-4] INFO  c.d.dineo.common.util.GeocodingUtil - 📍 Parsed coordinates from address: [48.990280170713675, 2.0652013945627465]
2026-02-28 01:42:17 [http-nio-8080-exec-4] INFO  c.d.dineo.common.util.GeocodingUtil - ✅ Address is already coordinates: [48.990280170713675, 2.0652013945627465]
2026-02-28 01:42:17 [http-nio-8080-exec-3] INFO  c.d.d.p.c.PublicPlatController - 📍 Geocoding address for chef 51438312-db03-469c-b476-e4511f8e8e67: 48.990280170713675, 2.0652013945627465
2026-02-28 01:42:17 [http-nio-8080-exec-3] INFO  c.d.dineo.common.util.GeocodingUtil - 📍 Parsed coordinates from address: [48.990280170713675, 2.0652013945627465]
2026-02-28 01:42:17 [http-nio-8080-exec-3] INFO  c.d.dineo.common.util.GeocodingUtil - ✅ Address is already coordinates: [48.990280170713675, 2.0652013945627465]
2026-02-28 01:42:17 [http-nio-8080-exec-3] INFO  c.d.d.p.c.PublicPlatController - ✅ Geocoded to: [48.990280170713675, 2.0652013945627465]
2026-02-28 01:42:17 [http-nio-8080-exec-3] INFO  c.d.d.p.c.PublicPlatController - ✅ Distance calculated for plat Fricassé: 1499.1 km
2026-02-28 01:42:17 [http-nio-8080-exec-2] INFO  c.d.dineo.common.util.GeocodingUtil - 📍 Parsed coordinates from address: [48.990280170713675, 2.0652013945627465]
2026-02-28 01:42:17 [http-nio-8080-exec-2] INFO  c.d.dineo.common.util.GeocodingUtil - ✅ Address is already coordinates: [48.990280170713675, 2.0652013945627465]
2026-02-28 01:42:17 [http-nio-8080-exec-4] INFO  c.d.dineo.common.util.GeocodingUtil - 📍 Parsed coordinates from address: [48.990280170713675, 2.0652013945627465]
2026-02-28 01:42:17 [http-nio-8080-exec-4] INFO  c.d.dineo.common.util.GeocodingUtil - ✅ Address is already coordinates: [48.990280170713675, 2.0652013945627465]
2026-02-28 01:42:17 [http-nio-8080-exec-2] INFO  c.d.dineo.common.util.GeocodingUtil - 📍 Parsed coordinates from address: [48.990280170713675, 2.0652013945627465]
2026-02-28 01:42:17 [http-nio-8080-exec-2] INFO  c.d.dineo.common.util.GeocodingUtil - ✅ Address is already coordinates: [48.990280170713675, 2.0652013945627465]
2026-02-28 01:42:17 [http-nio-8080-exec-4] INFO  c.d.dineo.common.util.GeocodingUtil - 📍 Parsed coordinates from address: [48.990280170713675, 2.0652013945627465]
2026-02-28 01:42:17 [http-nio-8080-exec-4] INFO  c.d.dineo.common.util.GeocodingUtil - ✅ Address is already coordinates: [48.990280170713675, 2.0652013945627465]
2026-02-28 01:42:17 [http-nio-8080-exec-8] INFO  c.d.d.p.c.PublicPlatController - 🔍 addDistanceToResponse called for plat: lasagne
2026-02-28 01:42:17 [http-nio-8080-exec-3] INFO  c.d.d.p.c.PublicPlatController - 🔍 addDistanceToResponse called for plat: lasagne
2026-02-28 01:42:18 [http-nio-8080-exec-2] INFO  c.d.dineo.common.util.GeocodingUtil - 📍 Parsed coordinates from address: [48.990280170713675, 2.0652013945627465]
2026-02-28 01:42:18 [http-nio-8080-exec-2] INFO  c.d.dineo.common.util.GeocodingUtil - ✅ Address is already coordinates: [48.990280170713675, 2.0652013945627465]
2026-02-28 01:42:18 [http-nio-8080-exec-4] INFO  c.d.dineo.common.util.GeocodingUtil - 📍 Parsed coordinates from address: [48.990280170713675, 2.0652013945627465]
2026-02-28 01:42:18 [http-nio-8080-exec-4] INFO  c.d.dineo.common.util.GeocodingUtil - ✅ Address is already coordinates: [48.990280170713675, 2.0652013945627465]
2026-02-28 01:42:18 [http-nio-8080-exec-8] INFO  c.d.d.p.c.PublicPlatController - 📍 Geocoding address for chef 2b9ae655-331b-44dd-a316-505318613279: 36.86798171618947, 10.170494516278797
2026-02-28 01:42:18 [http-nio-8080-exec-8] INFO  c.d.dineo.common.util.GeocodingUtil - 📍 Parsed coordinates from address: [36.86798171618947, 10.170494516278797]
2026-02-28 01:42:18 [http-nio-8080-exec-8] INFO  c.d.dineo.common.util.GeocodingUtil - ✅ Address is already coordinates: [36.86798171618947, 10.170494516278797]
2026-02-28 01:42:18 [http-nio-8080-exec-8] INFO  c.d.d.p.c.PublicPlatController - ✅ Geocoded to: [36.86798171618947, 10.170494516278797]
2026-02-28 01:42:18 [http-nio-8080-exec-8] INFO  c.d.d.p.c.PublicPlatController - ✅ Distance calculated for plat lasagne: 1.0 km
2026-02-28 01:42:18 [http-nio-8080-exec-3] INFO  c.d.d.p.c.PublicPlatController - 📍 Geocoding address for chef 2b9ae655-331b-44dd-a316-505318613279: 36.86798171618947, 10.170494516278797
2026-02-28 01:42:18 [http-nio-8080-exec-3] INFO  c.d.dineo.common.util.GeocodingUtil - 📍 Parsed coordinates from address: [36.86798171618947, 10.170494516278797]
2026-02-28 01:42:18 [http-nio-8080-exec-3] INFO  c.d.dineo.common.util.GeocodingUtil - ✅ Address is already coordinates: [36.86798171618947, 10.170494516278797]
2026-02-28 01:42:18 [http-nio-8080-exec-3] INFO  c.d.d.p.c.PublicPlatController - ✅ Geocoded to: [36.86798171618947, 10.170494516278797]
2026-02-28 01:42:18 [http-nio-8080-exec-3] INFO  c.d.d.p.c.PublicPlatController - ✅ Distance calculated for plat lasagne: 1.0 km
2026-02-28 01:42:18 [http-nio-8080-exec-2] INFO  c.d.dineo.common.util.GeocodingUtil - 📍 Parsed coordinates from address: [48.990280170713675, 2.0652013945627465]
2026-02-28 01:42:18 [http-nio-8080-exec-2] INFO  c.d.dineo.common.util.GeocodingUtil - ✅ Address is already coordinates: [48.990280170713675, 2.0652013945627465]
2026-02-28 01:42:18 [http-nio-8080-exec-4] INFO  c.d.dineo.common.util.GeocodingUtil - 📍 Parsed coordinates from address: [48.990280170713675, 2.0652013945627465]
2026-02-28 01:42:18 [http-nio-8080-exec-4] INFO  c.d.dineo.common.util.GeocodingUtil - ✅ Address is already coordinates: [48.990280170713675, 2.0652013945627465]
2026-02-28 01:42:18 [http-nio-8080-exec-2] INFO  c.d.dineo.common.util.GeocodingUtil - 📍 Parsed coordinates from address: [48.990280170713675, 2.0652013945627465]
2026-02-28 01:42:18 [http-nio-8080-exec-2] INFO  c.d.dineo.common.util.GeocodingUtil - ✅ Address is already coordinates: [48.990280170713675, 2.0652013945627465]
2026-02-28 01:42:18 [http-nio-8080-exec-4] INFO  c.d.dineo.common.util.GeocodingUtil - 📍 Parsed coordinates from address: [48.990280170713675, 2.0652013945627465]
2026-02-28 01:42:18 [http-nio-8080-exec-4] INFO  c.d.dineo.common.util.GeocodingUtil - ✅ Address is already coordinates: [48.990280170713675, 2.0652013945627465]
2026-02-28 01:42:18 [http-nio-8080-exec-8] INFO  c.d.d.p.c.PublicPlatController - 🔍 addDistanceToResponse called for plat: Tacos
2026-02-28 01:42:18 [http-nio-8080-exec-3] INFO  c.d.d.p.c.PublicPlatController - 🔍 addDistanceToResponse called for plat: Tacos
2026-02-28 01:42:18 [http-nio-8080-exec-2] INFO  c.d.dineo.common.util.GeocodingUtil - 📍 Parsed coordinates from address: [48.990280170713675, 2.0652013945627465]
2026-02-28 01:42:18 [http-nio-8080-exec-2] INFO  c.d.dineo.common.util.GeocodingUtil - ✅ Address is already coordinates: [48.990280170713675, 2.0652013945627465]
2026-02-28 01:42:18 [http-nio-8080-exec-4] INFO  c.d.dineo.common.util.GeocodingUtil - 📍 Parsed coordinates from address: [48.990280170713675, 2.0652013945627465]
2026-02-28 01:42:18 [http-nio-8080-exec-4] INFO  c.d.dineo.common.util.GeocodingUtil - ✅ Address is already coordinates: [48.990280170713675, 2.0652013945627465]
2026-02-28 01:42:18 [http-nio-8080-exec-4] INFO  c.d.d.p.c.PublicPlatController - After location filtering: 1 plats within 30.0km
2026-02-28 01:42:18 [http-nio-8080-exec-8] INFO  c.d.d.p.c.PublicPlatController - 📍 Geocoding address for chef 51438312-db03-469c-b476-e4511f8e8e67: 48.990280170713675, 2.0652013945627465
2026-02-28 01:42:18 [http-nio-8080-exec-8] INFO  c.d.dineo.common.util.GeocodingUtil - 📍 Parsed coordinates from address: [48.990280170713675, 2.0652013945627465]
2026-02-28 01:42:18 [http-nio-8080-exec-8] INFO  c.d.dineo.common.util.GeocodingUtil - ✅ Address is already coordinates: [48.990280170713675, 2.0652013945627465]
2026-02-28 01:42:18 [http-nio-8080-exec-8] INFO  c.d.d.p.c.PublicPlatController - ✅ Geocoded to: [48.990280170713675, 2.0652013945627465]
2026-02-28 01:42:18 [http-nio-8080-exec-8] INFO  c.d.d.p.c.PublicPlatController - ✅ Distance calculated for plat Tacos: 1499.1 km
2026-02-28 01:42:18 [http-nio-8080-exec-4] INFO  c.d.d.p.c.PublicPlatController - Found 2 unique categories from filtered plats
2026-02-28 01:42:19 [http-nio-8080-exec-3] INFO  c.d.d.p.c.PublicPlatController - 📍 Geocoding address for chef 51438312-db03-469c-b476-e4511f8e8e67: 48.990280170713675, 2.0652013945627465
2026-02-28 01:42:19 [http-nio-8080-exec-3] INFO  c.d.dineo.common.util.GeocodingUtil - 📍 Parsed coordinates from address: [48.990280170713675, 2.0652013945627465]
2026-02-28 01:42:19 [http-nio-8080-exec-3] INFO  c.d.dineo.common.util.GeocodingUtil - ✅ Address is already coordinates: [48.990280170713675, 2.0652013945627465]
2026-02-28 01:42:19 [http-nio-8080-exec-3] INFO  c.d.d.p.c.PublicPlatController - ✅ Geocoded to: [48.990280170713675, 2.0652013945627465]
2026-02-28 01:42:19 [http-nio-8080-exec-3] INFO  c.d.d.p.c.PublicPlatController - ✅ Distance calculated for plat Tacos: 1499.1 km
2026-02-28 01:42:19 [http-nio-8080-exec-2] INFO  c.d.dineo.common.util.GeocodingUtil - 📍 Parsed coordinates from address: [48.990280170713675, 2.0652013945627465]
2026-02-28 01:42:19 [http-nio-8080-exec-2] INFO  c.d.dineo.common.util.GeocodingUtil - ✅ Address is already coordinates: [48.990280170713675, 2.0652013945627465]
2026-02-28 01:42:19 [http-nio-8080-exec-2] INFO  c.d.d.p.c.PublicPlatController - After location filtering: 1 plats within 30.0km
2026-02-28 01:42:19 [http-nio-8080-exec-2] INFO  c.d.d.p.c.PublicPlatController - Found 2 unique categories from filtered plats
2026-02-28 01:42:19 [http-nio-8080-exec-8] INFO  c.d.d.p.c.PublicPlatController - 🔍 addDistanceToResponse called for plat: Tiramisu
2026-02-28 01:42:19 [http-nio-8080-exec-3] INFO  c.d.d.p.c.PublicPlatController - 🔍 addDistanceToResponse called for plat: Tiramisu
2026-02-28 01:42:19 [http-nio-8080-exec-8] INFO  c.d.d.p.c.PublicPlatController - 📍 Geocoding address for chef 51438312-db03-469c-b476-e4511f8e8e67: 48.990280170713675, 2.0652013945627465
2026-02-28 01:42:19 [http-nio-8080-exec-8] INFO  c.d.dineo.common.util.GeocodingUtil - 📍 Parsed coordinates from address: [48.990280170713675, 2.0652013945627465]
2026-02-28 01:42:19 [http-nio-8080-exec-8] INFO  c.d.dineo.common.util.GeocodingUtil - ✅ Address is already coordinates: [48.990280170713675, 2.0652013945627465]
2026-02-28 01:42:19 [http-nio-8080-exec-8] INFO  c.d.d.p.c.PublicPlatController - ✅ Geocoded to: [48.990280170713675, 2.0652013945627465]
2026-02-28 01:42:19 [http-nio-8080-exec-8] INFO  c.d.d.p.c.PublicPlatController - ✅ Distance calculated for plat Tiramisu: 1499.1 km
2026-02-28 01:42:19 [http-nio-8080-exec-3] INFO  c.d.d.p.c.PublicPlatController - 📍 Geocoding address for chef 51438312-db03-469c-b476-e4511f8e8e67: 48.990280170713675, 2.0652013945627465
2026-02-28 01:42:19 [http-nio-8080-exec-3] INFO  c.d.dineo.common.util.GeocodingUtil - 📍 Parsed coordinates from address: [48.990280170713675, 2.0652013945627465]
2026-02-28 01:42:19 [http-nio-8080-exec-3] INFO  c.d.dineo.common.util.GeocodingUtil - ✅ Address is already coordinates: [48.990280170713675, 2.0652013945627465]
2026-02-28 01:42:19 [http-nio-8080-exec-3] INFO  c.d.d.p.c.PublicPlatController - ✅ Geocoded to: [48.990280170713675, 2.0652013945627465]
2026-02-28 01:42:19 [http-nio-8080-exec-3] INFO  c.d.d.p.c.PublicPlatController - ✅ Distance calculated for plat Tiramisu: 1499.1 km
2026-02-28 01:42:20 [http-nio-8080-exec-8] INFO  c.d.d.p.c.PublicPlatController - 🔍 addDistanceToResponse called for plat: Steak
2026-02-28 01:42:20 [http-nio-8080-exec-3] INFO  c.d.d.p.c.PublicPlatController - 🔍 addDistanceToResponse called for plat: Steak
2026-02-28 01:42:20 [http-nio-8080-exec-8] INFO  c.d.d.p.c.PublicPlatController - 📍 Geocoding address for chef 51438312-db03-469c-b476-e4511f8e8e67: 48.990280170713675, 2.0652013945627465
2026-02-28 01:42:20 [http-nio-8080-exec-8] INFO  c.d.dineo.common.util.GeocodingUtil - 📍 Parsed coordinates from address: [48.990280170713675, 2.0652013945627465]
2026-02-28 01:42:20 [http-nio-8080-exec-8] INFO  c.d.dineo.common.util.GeocodingUtil - ✅ Address is already coordinates: [48.990280170713675, 2.0652013945627465]
2026-02-28 01:42:20 [http-nio-8080-exec-8] INFO  c.d.d.p.c.PublicPlatController - ✅ Geocoded to: [48.990280170713675, 2.0652013945627465]
2026-02-28 01:42:20 [http-nio-8080-exec-8] INFO  c.d.d.p.c.PublicPlatController - ✅ Distance calculated for plat Steak: 1499.1 km
2026-02-28 01:42:20 [http-nio-8080-exec-3] INFO  c.d.d.p.c.PublicPlatController - 📍 Geocoding address for chef 51438312-db03-469c-b476-e4511f8e8e67: 48.990280170713675, 2.0652013945627465
2026-02-28 01:42:20 [http-nio-8080-exec-3] INFO  c.d.dineo.common.util.GeocodingUtil - 📍 Parsed coordinates from address: [48.990280170713675, 2.0652013945627465]
2026-02-28 01:42:20 [http-nio-8080-exec-3] INFO  c.d.dineo.common.util.GeocodingUtil - ✅ Address is already coordinates: [48.990280170713675, 2.0652013945627465]
2026-02-28 01:42:20 [http-nio-8080-exec-3] INFO  c.d.d.p.c.PublicPlatController - ✅ Geocoded to: [48.990280170713675, 2.0652013945627465]
2026-02-28 01:42:20 [http-nio-8080-exec-3] INFO  c.d.d.p.c.PublicPlatController - ✅ Distance calculated for plat Steak: 1499.1 km
2026-02-28 01:42:21 [http-nio-8080-exec-8] INFO  c.d.d.p.c.PublicPlatController - 🔍 addDistanceToResponse called for plat: Kouskous tunisien
2026-02-28 01:42:21 [http-nio-8080-exec-3] INFO  c.d.d.p.c.PublicPlatController - 🔍 addDistanceToResponse called for plat: Kouskous tunisien
2026-02-28 01:42:21 [http-nio-8080-exec-8] INFO  c.d.d.p.c.PublicPlatController - 📍 Geocoding address for chef 51438312-db03-469c-b476-e4511f8e8e67: 48.990280170713675, 2.0652013945627465
2026-02-28 01:42:21 [http-nio-8080-exec-8] INFO  c.d.dineo.common.util.GeocodingUtil - 📍 Parsed coordinates from address: [48.990280170713675, 2.0652013945627465]
2026-02-28 01:42:21 [http-nio-8080-exec-8] INFO  c.d.dineo.common.util.GeocodingUtil - ✅ Address is already coordinates: [48.990280170713675, 2.0652013945627465]
2026-02-28 01:42:21 [http-nio-8080-exec-8] INFO  c.d.d.p.c.PublicPlatController - ✅ Geocoded to: [48.990280170713675, 2.0652013945627465]
2026-02-28 01:42:21 [http-nio-8080-exec-8] INFO  c.d.d.p.c.PublicPlatController - ✅ Distance calculated for plat Kouskous tunisien: 1499.1 km
2026-02-28 01:42:21 [http-nio-8080-exec-3] INFO  c.d.d.p.c.PublicPlatController - 📍 Geocoding address for chef 51438312-db03-469c-b476-e4511f8e8e67: 48.990280170713675, 2.0652013945627465
2026-02-28 01:42:21 [http-nio-8080-exec-3] INFO  c.d.dineo.common.util.GeocodingUtil - 📍 Parsed coordinates from address: [48.990280170713675, 2.0652013945627465]
2026-02-28 01:42:21 [http-nio-8080-exec-3] INFO  c.d.dineo.common.util.GeocodingUtil - ✅ Address is already coordinates: [48.990280170713675, 2.0652013945627465]
2026-02-28 01:42:21 [http-nio-8080-exec-3] INFO  c.d.d.p.c.PublicPlatController - ✅ Geocoded to: [48.990280170713675, 2.0652013945627465]
2026-02-28 01:42:21 [http-nio-8080-exec-3] INFO  c.d.d.p.c.PublicPlatController - ✅ Distance calculated for plat Kouskous tunisien: 1499.1 km
2026-02-28 01:42:21 [http-nio-8080-exec-8] INFO  c.d.d.p.c.PublicPlatController - 🔍 addDistanceToResponse called for plat: Sushi
2026-02-28 01:42:22 [http-nio-8080-exec-3] INFO  c.d.d.p.c.PublicPlatController - 🔍 addDistanceToResponse called for plat: Sushi
2026-02-28 01:42:22 [http-nio-8080-exec-8] INFO  c.d.d.p.c.PublicPlatController - 📍 Geocoding address for chef 51438312-db03-469c-b476-e4511f8e8e67: 48.990280170713675, 2.0652013945627465
2026-02-28 01:42:22 [http-nio-8080-exec-8] INFO  c.d.dineo.common.util.GeocodingUtil - 📍 Parsed coordinates from address: [48.990280170713675, 2.0652013945627465]
2026-02-28 01:42:22 [http-nio-8080-exec-8] INFO  c.d.dineo.common.util.GeocodingUtil - ✅ Address is already coordinates: [48.990280170713675, 2.0652013945627465]
2026-02-28 01:42:22 [http-nio-8080-exec-8] INFO  c.d.d.p.c.PublicPlatController - ✅ Geocoded to: [48.990280170713675, 2.0652013945627465]
2026-02-28 01:42:22 [http-nio-8080-exec-8] INFO  c.d.d.p.c.PublicPlatController - ✅ Distance calculated for plat Sushi: 1499.1 km
2026-02-28 01:42:22 [http-nio-8080-exec-3] INFO  c.d.d.p.c.PublicPlatController - 📍 Geocoding address for chef 51438312-db03-469c-b476-e4511f8e8e67: 48.990280170713675, 2.0652013945627465
2026-02-28 01:42:22 [http-nio-8080-exec-3] INFO  c.d.dineo.common.util.GeocodingUtil - 📍 Parsed coordinates from address: [48.990280170713675, 2.0652013945627465]
2026-02-28 01:42:22 [http-nio-8080-exec-3] INFO  c.d.dineo.common.util.GeocodingUtil - ✅ Address is already coordinates: [48.990280170713675, 2.0652013945627465]
2026-02-28 01:42:22 [http-nio-8080-exec-3] INFO  c.d.d.p.c.PublicPlatController - ✅ Geocoded to: [48.990280170713675, 2.0652013945627465]
2026-02-28 01:42:22 [http-nio-8080-exec-3] INFO  c.d.d.p.c.PublicPlatController - ✅ Distance calculated for plat Sushi: 1499.1 km
2026-02-28 01:42:22 [http-nio-8080-exec-8] INFO  c.d.d.p.c.PublicPlatController - 🔍 addDistanceToResponse called for plat: Salade César
2026-02-28 01:42:22 [http-nio-8080-exec-8] INFO  c.d.d.p.c.PublicPlatController - 📍 Geocoding address for chef 51438312-db03-469c-b476-e4511f8e8e67: 48.990280170713675, 2.0652013945627465
2026-02-28 01:42:22 [http-nio-8080-exec-8] INFO  c.d.dineo.common.util.GeocodingUtil - 📍 Parsed coordinates from address: [48.990280170713675, 2.0652013945627465]
2026-02-28 01:42:22 [http-nio-8080-exec-8] INFO  c.d.dineo.common.util.GeocodingUtil - ✅ Address is already coordinates: [48.990280170713675, 2.0652013945627465]
2026-02-28 01:42:22 [http-nio-8080-exec-8] INFO  c.d.d.p.c.PublicPlatController - ✅ Geocoded to: [48.990280170713675, 2.0652013945627465]
2026-02-28 01:42:22 [http-nio-8080-exec-8] INFO  c.d.d.p.c.PublicPlatController - ✅ Distance calculated for plat Salade César: 1499.1 km
2026-02-28 01:42:22 [http-nio-8080-exec-3] INFO  c.d.d.p.c.PublicPlatController - 🔍 addDistanceToResponse called for plat: Salade César
2026-02-28 01:42:23 [http-nio-8080-exec-3] INFO  c.d.d.p.c.PublicPlatController - 📍 Geocoding address for chef 51438312-db03-469c-b476-e4511f8e8e67: 48.990280170713675, 2.0652013945627465
2026-02-28 01:42:23 [http-nio-8080-exec-3] INFO  c.d.dineo.common.util.GeocodingUtil - 📍 Parsed coordinates from address: [48.990280170713675, 2.0652013945627465]
2026-02-28 01:42:23 [http-nio-8080-exec-3] INFO  c.d.dineo.common.util.GeocodingUtil - ✅ Address is already coordinates: [48.990280170713675, 2.0652013945627465]
2026-02-28 01:42:23 [http-nio-8080-exec-3] INFO  c.d.d.p.c.PublicPlatController - ✅ Geocoded to: [48.990280170713675, 2.0652013945627465]
2026-02-28 01:42:23 [http-nio-8080-exec-3] INFO  c.d.d.p.c.PublicPlatController - ✅ Distance calculated for plat Salade César: 1499.1 km
2026-02-28 01:42:23 [http-nio-8080-exec-8] INFO  c.d.d.p.c.PublicPlatController - 🔍 addDistanceToResponse called for plat: Pizza
2026-02-28 01:42:23 [http-nio-8080-exec-8] INFO  c.d.d.p.c.PublicPlatController - 📍 Geocoding address for chef 51438312-db03-469c-b476-e4511f8e8e67: 48.990280170713675, 2.0652013945627465
2026-02-28 01:42:23 [http-nio-8080-exec-8] INFO  c.d.dineo.common.util.GeocodingUtil - 📍 Parsed coordinates from address: [48.990280170713675, 2.0652013945627465]
2026-02-28 01:42:23 [http-nio-8080-exec-8] INFO  c.d.dineo.common.util.GeocodingUtil - ✅ Address is already coordinates: [48.990280170713675, 2.0652013945627465]
2026-02-28 01:42:23 [http-nio-8080-exec-8] INFO  c.d.d.p.c.PublicPlatController - ✅ Geocoded to: [48.990280170713675, 2.0652013945627465]
2026-02-28 01:42:23 [http-nio-8080-exec-8] INFO  c.d.d.p.c.PublicPlatController - ✅ Distance calculated for plat Pizza: 1499.1 km
2026-02-28 01:42:23 [http-nio-8080-exec-3] INFO  c.d.d.p.c.PublicPlatController - 🔍 addDistanceToResponse called for plat: Pizza
2026-02-28 01:42:23 [http-nio-8080-exec-3] INFO  c.d.d.p.c.PublicPlatController - 📍 Geocoding address for chef 51438312-db03-469c-b476-e4511f8e8e67: 48.990280170713675, 2.0652013945627465
2026-02-28 01:42:23 [http-nio-8080-exec-3] INFO  c.d.dineo.common.util.GeocodingUtil - 📍 Parsed coordinates from address: [48.990280170713675, 2.0652013945627465]
2026-02-28 01:42:23 [http-nio-8080-exec-3] INFO  c.d.dineo.common.util.GeocodingUtil - ✅ Address is already coordinates: [48.990280170713675, 2.0652013945627465]
2026-02-28 01:42:23 [http-nio-8080-exec-3] INFO  c.d.d.p.c.PublicPlatController - ✅ Geocoded to: [48.990280170713675, 2.0652013945627465]
2026-02-28 01:42:23 [http-nio-8080-exec-3] INFO  c.d.d.p.c.PublicPlatController - ✅ Distance calculated for plat Pizza: 1499.1 km
2026-02-28 01:42:24 [http-nio-8080-exec-8] INFO  c.d.d.p.c.PublicPlatController - 🔍 addDistanceToResponse called for plat: Plat fruit de mer
2026-02-28 01:42:24 [http-nio-8080-exec-8] INFO  c.d.d.p.c.PublicPlatController - 📍 Geocoding address for chef 51438312-db03-469c-b476-e4511f8e8e67: 48.990280170713675, 2.0652013945627465
2026-02-28 01:42:24 [http-nio-8080-exec-8] INFO  c.d.dineo.common.util.GeocodingUtil - 📍 Parsed coordinates from address: [48.990280170713675, 2.0652013945627465]
2026-02-28 01:42:24 [http-nio-8080-exec-8] INFO  c.d.dineo.common.util.GeocodingUtil - ✅ Address is already coordinates: [48.990280170713675, 2.0652013945627465]
2026-02-28 01:42:24 [http-nio-8080-exec-8] INFO  c.d.d.p.c.PublicPlatController - ✅ Geocoded to: [48.990280170713675, 2.0652013945627465]
2026-02-28 01:42:24 [http-nio-8080-exec-8] INFO  c.d.d.p.c.PublicPlatController - ✅ Distance calculated for plat Plat fruit de mer: 1499.1 km
2026-02-28 01:42:24 [http-nio-8080-exec-3] INFO  c.d.d.p.c.PublicPlatController - 🔍 addDistanceToResponse called for plat: Plat fruit de mer
2026-02-28 01:42:24 [http-nio-8080-exec-3] INFO  c.d.d.p.c.PublicPlatController - 📍 Geocoding address for chef 51438312-db03-469c-b476-e4511f8e8e67: 48.990280170713675, 2.0652013945627465
2026-02-28 01:42:24 [http-nio-8080-exec-3] INFO  c.d.dineo.common.util.GeocodingUtil - 📍 Parsed coordinates from address: [48.990280170713675, 2.0652013945627465]
2026-02-28 01:42:24 [http-nio-8080-exec-3] INFO  c.d.dineo.common.util.GeocodingUtil - ✅ Address is already coordinates: [48.990280170713675, 2.0652013945627465]
2026-02-28 01:42:24 [http-nio-8080-exec-3] INFO  c.d.d.p.c.PublicPlatController - ✅ Geocoded to: [48.990280170713675, 2.0652013945627465]
2026-02-28 01:42:24 [http-nio-8080-exec-3] INFO  c.d.d.p.c.PublicPlatController - ✅ Distance calculated for plat Plat fruit de mer: 1499.1 km
2026-02-28 01:42:24 [http-nio-8080-exec-8] INFO  c.d.d.p.c.PublicPlatController - 🔍 addDistanceToResponse called for plat: Par-là
2026-02-28 01:42:25 [http-nio-8080-exec-8] INFO  c.d.d.p.c.PublicPlatController - 📍 Geocoding address for chef 51438312-db03-469c-b476-e4511f8e8e67: 48.990280170713675, 2.0652013945627465
2026-02-28 01:42:25 [http-nio-8080-exec-8] INFO  c.d.dineo.common.util.GeocodingUtil - 📍 Parsed coordinates from address: [48.990280170713675, 2.0652013945627465]
2026-02-28 01:42:25 [http-nio-8080-exec-8] INFO  c.d.dineo.common.util.GeocodingUtil - ✅ Address is already coordinates: [48.990280170713675, 2.0652013945627465]
2026-02-28 01:42:25 [http-nio-8080-exec-8] INFO  c.d.d.p.c.PublicPlatController - ✅ Geocoded to: [48.990280170713675, 2.0652013945627465]
2026-02-28 01:42:25 [http-nio-8080-exec-8] INFO  c.d.d.p.c.PublicPlatController - ✅ Distance calculated for plat Par-là: 1499.1 km
2026-02-28 01:42:25 [http-nio-8080-exec-8] INFO  c.d.d.p.c.PublicPlatController - After all filters: 1 plats remaining
2026-02-28 01:42:25 [http-nio-8080-exec-8] INFO  c.d.d.p.c.PublicPlatController - Search returned 1 total results, page 1/1
2026-02-28 01:42:25 [http-nio-8080-exec-3] INFO  c.d.d.p.c.PublicPlatController - 🔍 addDistanceToResponse called for plat: Par-là
2026-02-28 01:42:25 [http-nio-8080-exec-3] INFO  c.d.d.p.c.PublicPlatController - 📍 Geocoding address for chef 51438312-db03-469c-b476-e4511f8e8e67: 48.990280170713675, 2.0652013945627465
2026-02-28 01:42:25 [http-nio-8080-exec-3] INFO  c.d.dineo.common.util.GeocodingUtil - 📍 Parsed coordinates from address: [48.990280170713675, 2.0652013945627465]
2026-02-28 01:42:25 [http-nio-8080-exec-3] INFO  c.d.dineo.common.util.GeocodingUtil - ✅ Address is already coordinates: [48.990280170713675, 2.0652013945627465]
2026-02-28 01:42:25 [http-nio-8080-exec-3] INFO  c.d.d.p.c.PublicPlatController - ✅ Geocoded to: [48.990280170713675, 2.0652013945627465]
2026-02-28 01:42:25 [http-nio-8080-exec-3] INFO  c.d.d.p.c.PublicPlatController - ✅ Distance calculated for plat Par-là: 1499.1 km
2026-02-28 01:42:25 [http-nio-8080-exec-3] INFO  c.d.d.p.c.PublicPlatController - After all filters: 1 plats remaining
2026-02-28 01:42:25 [http-nio-8080-exec-3] INFO  c.d.d.p.c.PublicPlatController - Search returned 1 total results, page 1/1
2026-02-28 01:42:29 [http-nio-8080-exec-10] INFO  c.d.d.c.c.PublicChefController - 🚨🚨🚨 CHEF ENDPOINT CALLED - lat: 36.86185454999997, lon: 10.162940019999994, radius: 30.0 km, page: 0, pageSize: 12
2026-02-28 01:42:29 [http-nio-8080-exec-7] INFO  c.d.d.c.c.PublicChefController - 🚨🚨🚨 CHEF ENDPOINT CALLED - lat: 36.86185454999997, lon: 10.162940019999994, radius: 30.0 km, page: 0, pageSize: 12
2026-02-28 01:42:29 [http-nio-8080-exec-10] INFO  c.d.d.c.c.PublicChefController - Get nearby chefs request received for location (36.86185454999997, 10.162940019999994) within 30.0 km
2026-02-28 01:42:29 [http-nio-8080-exec-7] INFO  c.d.d.c.c.PublicChefController - Get nearby chefs request received for location (36.86185454999997, 10.162940019999994) within 30.0 km
2026-02-28 01:42:29 [http-nio-8080-exec-10] INFO  c.d.d.c.c.PublicChefController - Found 6 PROVIDER users
2026-02-28 01:42:29 [http-nio-8080-exec-7] INFO  c.d.d.c.c.PublicChefController - Found 6 PROVIDER users
2026-02-28 01:42:30 [http-nio-8080-exec-10] INFO  c.d.d.c.c.PublicChefController - Retrieved 3 chef users from database
2026-02-28 01:42:30 [http-nio-8080-exec-7] INFO  c.d.d.c.c.PublicChefController - Retrieved 3 chef users from database
2026-02-28 01:42:30 [http-nio-8080-exec-10] INFO  c.d.d.c.c.PublicChefController - 📍 Adding distance for chef 2b9ae655-331b-44dd-a316-505318613279 at address: 36.86798171618947, 10.170494516278797
2026-02-28 01:42:30 [http-nio-8080-exec-10] INFO  c.d.d.c.c.PublicChefController - 📍 Adding distance for chef 2b9ae655-331b-44dd-a316-505318613279 at address: 36.86798171618947, 10.170494516278797
2026-02-28 01:42:30 [http-nio-8080-exec-10] INFO  c.d.dineo.common.util.GeocodingUtil - 📍 Parsed coordinates from address: [36.86798171618947, 10.170494516278797]
2026-02-28 01:42:30 [http-nio-8080-exec-10] INFO  c.d.dineo.common.util.GeocodingUtil - ✅ Address is already coordinates: [36.86798171618947, 10.170494516278797]
2026-02-28 01:42:30 [http-nio-8080-exec-10] INFO  c.d.d.c.c.PublicChefController - 📏 Distance calculated: 1.0 km
2026-02-28 01:42:30 [http-nio-8080-exec-10] INFO  c.d.d.c.c.PublicChefController - 📏 Distance calculated: 1.0 km
2026-02-28 01:42:30 [http-nio-8080-exec-7] INFO  c.d.d.c.c.PublicChefController - 📍 Adding distance for chef 2b9ae655-331b-44dd-a316-505318613279 at address: 36.86798171618947, 10.170494516278797
2026-02-28 01:42:30 [http-nio-8080-exec-7] INFO  c.d.d.c.c.PublicChefController - 📍 Adding distance for chef 2b9ae655-331b-44dd-a316-505318613279 at address: 36.86798171618947, 10.170494516278797
2026-02-28 01:42:30 [http-nio-8080-exec-7] INFO  c.d.dineo.common.util.GeocodingUtil - 📍 Parsed coordinates from address: [36.86798171618947, 10.170494516278797]
2026-02-28 01:42:30 [http-nio-8080-exec-7] INFO  c.d.dineo.common.util.GeocodingUtil - ✅ Address is already coordinates: [36.86798171618947, 10.170494516278797]
2026-02-28 01:42:30 [http-nio-8080-exec-7] INFO  c.d.d.c.c.PublicChefController - 📏 Distance calculated: 1.0 km
2026-02-28 01:42:30 [http-nio-8080-exec-7] INFO  c.d.d.c.c.PublicChefController - 📏 Distance calculated: 1.0 km
2026-02-28 01:42:30 [http-nio-8080-exec-10] INFO  c.d.d.c.c.PublicChefController - 📍 Adding distance for chef 51438312-db03-469c-b476-e4511f8e8e67 at address: 48.990280170713675, 2.0652013945627465
2026-02-28 01:42:30 [http-nio-8080-exec-10] INFO  c.d.d.c.c.PublicChefController - 📍 Adding distance for chef 51438312-db03-469c-b476-e4511f8e8e67 at address: 48.990280170713675, 2.0652013945627465
2026-02-28 01:42:30 [http-nio-8080-exec-10] INFO  c.d.dineo.common.util.GeocodingUtil - 📍 Parsed coordinates from address: [48.990280170713675, 2.0652013945627465]
2026-02-28 01:42:30 [http-nio-8080-exec-10] INFO  c.d.dineo.common.util.GeocodingUtil - ✅ Address is already coordinates: [48.990280170713675, 2.0652013945627465]
2026-02-28 01:42:30 [http-nio-8080-exec-10] INFO  c.d.d.c.c.PublicChefController - 📏 Distance calculated: 1499.1 km
2026-02-28 01:42:30 [http-nio-8080-exec-10] INFO  c.d.d.c.c.PublicChefController - 📏 Distance calculated: 1499.1 km
2026-02-28 01:42:30 [http-nio-8080-exec-7] INFO  c.d.d.c.c.PublicChefController - 📍 Adding distance for chef 51438312-db03-469c-b476-e4511f8e8e67 at address: 48.990280170713675, 2.0652013945627465
2026-02-28 01:42:30 [http-nio-8080-exec-7] INFO  c.d.d.c.c.PublicChefController - 📍 Adding distance for chef 51438312-db03-469c-b476-e4511f8e8e67 at address: 48.990280170713675, 2.0652013945627465
2026-02-28 01:42:30 [http-nio-8080-exec-7] INFO  c.d.dineo.common.util.GeocodingUtil - 📍 Parsed coordinates from address: [48.990280170713675, 2.0652013945627465]
2026-02-28 01:42:30 [http-nio-8080-exec-7] INFO  c.d.dineo.common.util.GeocodingUtil - ✅ Address is already coordinates: [48.990280170713675, 2.0652013945627465]
2026-02-28 01:42:30 [http-nio-8080-exec-7] INFO  c.d.d.c.c.PublicChefController - 📏 Distance calculated: 1499.1 km
2026-02-28 01:42:30 [http-nio-8080-exec-7] INFO  c.d.d.c.c.PublicChefController - 📏 Distance calculated: 1499.1 km
2026-02-28 01:42:30 [http-nio-8080-exec-10] INFO  c.d.d.c.c.PublicChefController - 📍 Adding distance for chef 8b1c9d91-8d1d-43e8-ab9f-904a95c1b8d4 at address: 48.98818216984314, 2.0658558535655827
2026-02-28 01:42:30 [http-nio-8080-exec-10] INFO  c.d.d.c.c.PublicChefController - 📍 Adding distance for chef 8b1c9d91-8d1d-43e8-ab9f-904a95c1b8d4 at address: 48.98818216984314, 2.0658558535655827
2026-02-28 01:42:30 [http-nio-8080-exec-10] INFO  c.d.dineo.common.util.GeocodingUtil - 📍 Parsed coordinates from address: [48.98818216984314, 2.0658558535655827]
2026-02-28 01:42:30 [http-nio-8080-exec-10] INFO  c.d.dineo.common.util.GeocodingUtil - ✅ Address is already coordinates: [48.98818216984314, 2.0658558535655827]
2026-02-28 01:42:30 [http-nio-8080-exec-10] INFO  c.d.d.c.c.PublicChefController - 📏 Distance calculated: 1498.9 km
2026-02-28 01:42:30 [http-nio-8080-exec-10] INFO  c.d.d.c.c.PublicChefController - 📏 Distance calculated: 1498.9 km
2026-02-28 01:42:30 [http-nio-8080-exec-10] INFO  c.d.d.c.c.PublicChefController - Found 1 chefs within 30.0 km radius
2026-02-28 01:42:30 [http-nio-8080-exec-10] INFO  c.d.d.c.c.PublicChefController - Successfully retrieved 1 nearby chefs (page 1/1)
2026-02-28 01:42:30 [http-nio-8080-exec-7] INFO  c.d.d.c.c.PublicChefController - 📍 Adding distance for chef 8b1c9d91-8d1d-43e8-ab9f-904a95c1b8d4 at address: 48.98818216984314, 2.0658558535655827
2026-02-28 01:42:30 [http-nio-8080-exec-7] INFO  c.d.d.c.c.PublicChefController - 📍 Adding distance for chef 8b1c9d91-8d1d-43e8-ab9f-904a95c1b8d4 at address: 48.98818216984314, 2.0658558535655827
2026-02-28 01:42:30 [http-nio-8080-exec-7] INFO  c.d.dineo.common.util.GeocodingUtil - 📍 Parsed coordinates from address: [48.98818216984314, 2.0658558535655827]
2026-02-28 01:42:30 [http-nio-8080-exec-7] INFO  c.d.dineo.common.util.GeocodingUtil - ✅ Address is already coordinates: [48.98818216984314, 2.0658558535655827]
2026-02-28 01:42:30 [http-nio-8080-exec-7] INFO  c.d.d.c.c.PublicChefController - 📏 Distance calculated: 1498.9 km
2026-02-28 01:42:30 [http-nio-8080-exec-7] INFO  c.d.d.c.c.PublicChefController - 📏 Distance calculated: 1498.9 km
2026-02-28 01:42:30 [http-nio-8080-exec-7] INFO  c.d.d.c.c.PublicChefController - Found 1 chefs within 30.0 km radius
2026-02-28 01:42:30 [http-nio-8080-exec-7] INFO  c.d.d.c.c.PublicChefController - Successfully retrieved 1 nearby chefs (page 1/1)
2026-02-28 01:42:32 [http-nio-8080-exec-4] INFO  c.d.d.c.c.ChefReviewController - Get reviews request received for chef 2b9ae655-331b-44dd-a316-505318613279
2026-02-28 01:42:32 [http-nio-8080-exec-2] INFO  c.d.d.c.c.PublicChefController - Get chef plats request received for chef 2b9ae655-331b-44dd-a316-505318613279
2026-02-28 01:42:32 [http-nio-8080-exec-6] INFO  c.d.d.c.c.PublicChefController - Get chef details request received for chef 2b9ae655-331b-44dd-a316-505318613279
2026-02-28 01:42:32 [http-nio-8080-exec-1] INFO  c.d.d.c.c.PublicChefController - Get chef details request received for chef 2b9ae655-331b-44dd-a316-505318613279
2026-02-28 01:42:32 [http-nio-8080-exec-9] INFO  c.d.d.c.c.ChefReviewController - Get reviews request received for chef 2b9ae655-331b-44dd-a316-505318613279
2026-02-28 01:42:32 [http-nio-8080-exec-5] INFO  c.d.d.c.c.PublicChefController - Get chef plats request received for chef 2b9ae655-331b-44dd-a316-505318613279
2026-02-28 01:42:32 [http-nio-8080-exec-4] INFO  c.d.d.c.s.impl.ChefReviewServiceImpl - Fetching all reviews for chef: 2b9ae655-331b-44dd-a316-505318613279
2026-02-28 01:42:32 [http-nio-8080-exec-9] INFO  c.d.d.c.s.impl.ChefReviewServiceImpl - Fetching all reviews for chef: 2b9ae655-331b-44dd-a316-505318613279
2026-02-28 01:42:32 [http-nio-8080-exec-4] INFO  c.d.d.c.s.impl.ChefReviewServiceImpl - Found 0 reviews for chef 2b9ae655-331b-44dd-a316-505318613279
2026-02-28 01:42:32 [http-nio-8080-exec-9] INFO  c.d.d.c.s.impl.ChefReviewServiceImpl - Found 0 reviews for chef 2b9ae655-331b-44dd-a316-505318613279
2026-02-28 01:42:32 [http-nio-8080-exec-4] INFO  c.d.d.c.c.ChefReviewController - Retrieved 0 reviews for chef 2b9ae655-331b-44dd-a316-505318613279
2026-02-28 01:42:32 [http-nio-8080-exec-9] INFO  c.d.d.c.c.ChefReviewController - Retrieved 0 reviews for chef 2b9ae655-331b-44dd-a316-505318613279
2026-02-28 01:42:32 [http-nio-8080-exec-1] INFO  c.d.d.c.c.PublicChefController - Successfully retrieved chef details for chef 2b9ae655-331b-44dd-a316-505318613279
2026-02-28 01:42:32 [http-nio-8080-exec-6] INFO  c.d.d.c.c.PublicChefController - Successfully retrieved chef details for chef 2b9ae655-331b-44dd-a316-505318613279
2026-02-28 01:42:33 [http-nio-8080-exec-2] INFO  c.d.d.c.c.PublicChefController - Successfully retrieved 1 plats for chef 2b9ae655-331b-44dd-a316-505318613279
2026-02-28 01:42:33 [http-nio-8080-exec-5] INFO  c.d.d.c.c.PublicChefController - Successfully retrieved 1 plats for chef 2b9ae655-331b-44dd-a316-505318613279
2026-02-28 01:42:40 [http-nio-8080-exec-3] INFO  c.d.d.c.c.PublicChefController - 🚨🚨🚨 CHEF ENDPOINT CALLED - lat: 36.86185454999997, lon: 10.162940019999994, radius: 30.0 km, page: 0, pageSize: 12
2026-02-28 01:42:40 [http-nio-8080-exec-8] INFO  c.d.d.c.c.PublicChefController - 🚨🚨🚨 CHEF ENDPOINT CALLED - lat: 36.86185454999997, lon: 10.162940019999994, radius: 30.0 km, page: 0, pageSize: 12
2026-02-28 01:42:40 [http-nio-8080-exec-3] INFO  c.d.d.c.c.PublicChefController - Get nearby chefs request received for location (36.86185454999997, 10.162940019999994) within 30.0 km
2026-02-28 01:42:40 [http-nio-8080-exec-8] INFO  c.d.d.c.c.PublicChefController - Get nearby chefs request received for location (36.86185454999997, 10.162940019999994) within 30.0 km
2026-02-28 01:42:40 [http-nio-8080-exec-8] INFO  c.d.d.c.c.PublicChefController - Found 6 PROVIDER users
2026-02-28 01:42:40 [http-nio-8080-exec-3] INFO  c.d.d.c.c.PublicChefController - Found 6 PROVIDER users
2026-02-28 01:42:40 [http-nio-8080-exec-8] INFO  c.d.d.c.c.PublicChefController - Retrieved 3 chef users from database
2026-02-28 01:42:40 [http-nio-8080-exec-3] INFO  c.d.d.c.c.PublicChefController - Retrieved 3 chef users from database
2026-02-28 01:42:40 [http-nio-8080-exec-8] INFO  c.d.d.c.c.PublicChefController - 📍 Adding distance for chef 2b9ae655-331b-44dd-a316-505318613279 at address: 36.86798171618947, 10.170494516278797
2026-02-28 01:42:40 [http-nio-8080-exec-8] INFO  c.d.d.c.c.PublicChefController - 📍 Adding distance for chef 2b9ae655-331b-44dd-a316-505318613279 at address: 36.86798171618947, 10.170494516278797
2026-02-28 01:42:40 [http-nio-8080-exec-8] INFO  c.d.dineo.common.util.GeocodingUtil - 📍 Parsed coordinates from address: [36.86798171618947, 10.170494516278797]
2026-02-28 01:42:40 [http-nio-8080-exec-8] INFO  c.d.dineo.common.util.GeocodingUtil - ✅ Address is already coordinates: [36.86798171618947, 10.170494516278797]
2026-02-28 01:42:40 [http-nio-8080-exec-8] INFO  c.d.d.c.c.PublicChefController - 📏 Distance calculated: 1.0 km
2026-02-28 01:42:40 [http-nio-8080-exec-8] INFO  c.d.d.c.c.PublicChefController - 📏 Distance calculated: 1.0 km
2026-02-28 01:42:40 [http-nio-8080-exec-3] INFO  c.d.d.c.c.PublicChefController - 📍 Adding distance for chef 2b9ae655-331b-44dd-a316-505318613279 at address: 36.86798171618947, 10.170494516278797
2026-02-28 01:42:40 [http-nio-8080-exec-3] INFO  c.d.d.c.c.PublicChefController - 📍 Adding distance for chef 2b9ae655-331b-44dd-a316-505318613279 at address: 36.86798171618947, 10.170494516278797
2026-02-28 01:42:40 [http-nio-8080-exec-3] INFO  c.d.dineo.common.util.GeocodingUtil - 📍 Parsed coordinates from address: [36.86798171618947, 10.170494516278797]
2026-02-28 01:42:40 [http-nio-8080-exec-3] INFO  c.d.dineo.common.util.GeocodingUtil - ✅ Address is already coordinates: [36.86798171618947, 10.170494516278797]
2026-02-28 01:42:40 [http-nio-8080-exec-3] INFO  c.d.d.c.c.PublicChefController - 📏 Distance calculated: 1.0 km
2026-02-28 01:42:40 [http-nio-8080-exec-3] INFO  c.d.d.c.c.PublicChefController - 📏 Distance calculated: 1.0 km
2026-02-28 01:42:40 [http-nio-8080-exec-8] INFO  c.d.d.c.c.PublicChefController - 📍 Adding distance for chef 51438312-db03-469c-b476-e4511f8e8e67 at address: 48.990280170713675, 2.0652013945627465
2026-02-28 01:42:40 [http-nio-8080-exec-8] INFO  c.d.d.c.c.PublicChefController - 📍 Adding distance for chef 51438312-db03-469c-b476-e4511f8e8e67 at address: 48.990280170713675, 2.0652013945627465
2026-02-28 01:42:40 [http-nio-8080-exec-8] INFO  c.d.dineo.common.util.GeocodingUtil - 📍 Parsed coordinates from address: [48.990280170713675, 2.0652013945627465]
2026-02-28 01:42:40 [http-nio-8080-exec-8] INFO  c.d.dineo.common.util.GeocodingUtil - ✅ Address is already coordinates: [48.990280170713675, 2.0652013945627465]
2026-02-28 01:42:40 [http-nio-8080-exec-8] INFO  c.d.d.c.c.PublicChefController - 📏 Distance calculated: 1499.1 km
2026-02-28 01:42:40 [http-nio-8080-exec-8] INFO  c.d.d.c.c.PublicChefController - 📏 Distance calculated: 1499.1 km
2026-02-28 01:42:40 [http-nio-8080-exec-3] INFO  c.d.d.c.c.PublicChefController - 📍 Adding distance for chef 51438312-db03-469c-b476-e4511f8e8e67 at address: 48.990280170713675, 2.0652013945627465
2026-02-28 01:42:40 [http-nio-8080-exec-3] INFO  c.d.d.c.c.PublicChefController - 📍 Adding distance for chef 51438312-db03-469c-b476-e4511f8e8e67 at address: 48.990280170713675, 2.0652013945627465
2026-02-28 01:42:40 [http-nio-8080-exec-3] INFO  c.d.dineo.common.util.GeocodingUtil - 📍 Parsed coordinates from address: [48.990280170713675, 2.0652013945627465]
2026-02-28 01:42:40 [http-nio-8080-exec-3] INFO  c.d.dineo.common.util.GeocodingUtil - ✅ Address is already coordinates: [48.990280170713675, 2.0652013945627465]
2026-02-28 01:42:40 [http-nio-8080-exec-3] INFO  c.d.d.c.c.PublicChefController - 📏 Distance calculated: 1499.1 km
2026-02-28 01:42:40 [http-nio-8080-exec-3] INFO  c.d.d.c.c.PublicChefController - 📏 Distance calculated: 1499.1 km
2026-02-28 01:42:40 [http-nio-8080-exec-8] INFO  c.d.d.c.c.PublicChefController - 📍 Adding distance for chef 8b1c9d91-8d1d-43e8-ab9f-904a95c1b8d4 at address: 48.98818216984314, 2.0658558535655827
2026-02-28 01:42:40 [http-nio-8080-exec-8] INFO  c.d.d.c.c.PublicChefController - 📍 Adding distance for chef 8b1c9d91-8d1d-43e8-ab9f-904a95c1b8d4 at address: 48.98818216984314, 2.0658558535655827
2026-02-28 01:42:40 [http-nio-8080-exec-8] INFO  c.d.dineo.common.util.GeocodingUtil - 📍 Parsed coordinates from address: [48.98818216984314, 2.0658558535655827]
2026-02-28 01:42:40 [http-nio-8080-exec-8] INFO  c.d.dineo.common.util.GeocodingUtil - ✅ Address is already coordinates: [48.98818216984314, 2.0658558535655827]
2026-02-28 01:42:40 [http-nio-8080-exec-8] INFO  c.d.d.c.c.PublicChefController - 📏 Distance calculated: 1498.9 km
2026-02-28 01:42:40 [http-nio-8080-exec-8] INFO  c.d.d.c.c.PublicChefController - 📏 Distance calculated: 1498.9 km
2026-02-28 01:42:40 [http-nio-8080-exec-8] INFO  c.d.d.c.c.PublicChefController - Found 1 chefs within 30.0 km radius
2026-02-28 01:42:40 [http-nio-8080-exec-8] INFO  c.d.d.c.c.PublicChefController - Successfully retrieved 1 nearby chefs (page 1/1)
2026-02-28 01:42:40 [http-nio-8080-exec-3] INFO  c.d.d.c.c.PublicChefController - 📍 Adding distance for chef 8b1c9d91-8d1d-43e8-ab9f-904a95c1b8d4 at address: 48.98818216984314, 2.0658558535655827
2026-02-28 01:42:40 [http-nio-8080-exec-3] INFO  c.d.d.c.c.PublicChefController - 📍 Adding distance for chef 8b1c9d91-8d1d-43e8-ab9f-904a95c1b8d4 at address: 48.98818216984314, 2.0658558535655827
2026-02-28 01:42:40 [http-nio-8080-exec-3] INFO  c.d.dineo.common.util.GeocodingUtil - 📍 Parsed coordinates from address: [48.98818216984314, 2.0658558535655827]
2026-02-28 01:42:40 [http-nio-8080-exec-3] INFO  c.d.dineo.common.util.GeocodingUtil - ✅ Address is already coordinates: [48.98818216984314, 2.0658558535655827]
2026-02-28 01:42:40 [http-nio-8080-exec-3] INFO  c.d.d.c.c.PublicChefController - 📏 Distance calculated: 1498.9 km
2026-02-28 01:42:40 [http-nio-8080-exec-3] INFO  c.d.d.c.c.PublicChefController - 📏 Distance calculated: 1498.9 km
2026-02-28 01:42:40 [http-nio-8080-exec-3] INFO  c.d.d.c.c.PublicChefController - Found 1 chefs within 30.0 km radius
2026-02-28 01:42:40 [http-nio-8080-exec-3] INFO  c.d.d.c.c.PublicChefController - Successfully retrieved 1 nearby chefs (page 1/1)
2026-02-28 01:42:43 [http-nio-8080-exec-4] INFO  c.d.d.p.c.PublicPlatController - Public request to get categories (location: 36.86185454999997, 10.162940019999994, radius: 30.0km)
2026-02-28 01:42:43 [http-nio-8080-exec-7] INFO  c.d.d.p.c.PublicPlatController - Public search request - query: null, category: null, maxCookTime: null, minRating: null, sortBy: newest, sortOrder: desc, location: 36.86185454999997, 10.162940019999994, radius: 30.0km, page: 1, pageSize: 12
2026-02-28 01:42:43 [http-nio-8080-exec-10] INFO  c.d.d.p.c.PublicPlatController - Public request to get categories (location: 36.86185454999997, 10.162940019999994, radius: 30.0km)
2026-02-28 01:42:43 [http-nio-8080-exec-9] INFO  c.d.d.p.c.PublicPlatController - Public search request - query: null, category: null, maxCookTime: null, minRating: null, sortBy: newest, sortOrder: desc, location: 36.86185454999997, 10.162940019999994, radius: 30.0km, page: 1, pageSize: 12
2026-02-28 01:42:43 [http-nio-8080-exec-10] INFO  c.d.d.p.c.PublicPlatController - Found 12 available plats before filtering
2026-02-28 01:42:43 [http-nio-8080-exec-4] INFO  c.d.d.p.c.PublicPlatController - Found 12 available plats before filtering
2026-02-28 01:42:43 [http-nio-8080-exec-7] INFO  c.d.d.p.c.PublicPlatController - Found 12 available plats in database
2026-02-28 01:42:43 [http-nio-8080-exec-9] INFO  c.d.d.p.c.PublicPlatController - Found 12 available plats in database
2026-02-28 01:42:43 [http-nio-8080-exec-10] INFO  c.d.dineo.common.util.GeocodingUtil - 📍 Parsed coordinates from address: [48.990280170713675, 2.0652013945627465]
2026-02-28 01:42:43 [http-nio-8080-exec-10] INFO  c.d.dineo.common.util.GeocodingUtil - ✅ Address is already coordinates: [48.990280170713675, 2.0652013945627465]
2026-02-28 01:42:43 [http-nio-8080-exec-4] INFO  c.d.dineo.common.util.GeocodingUtil - 📍 Parsed coordinates from address: [48.990280170713675, 2.0652013945627465]
2026-02-28 01:42:43 [http-nio-8080-exec-4] INFO  c.d.dineo.common.util.GeocodingUtil - ✅ Address is already coordinates: [48.990280170713675, 2.0652013945627465]
2026-02-28 01:42:44 [http-nio-8080-exec-4] INFO  c.d.dineo.common.util.GeocodingUtil - 📍 Parsed coordinates from address: [48.990280170713675, 2.0652013945627465]
2026-02-28 01:42:44 [http-nio-8080-exec-10] INFO  c.d.dineo.common.util.GeocodingUtil - 📍 Parsed coordinates from address: [48.990280170713675, 2.0652013945627465]
2026-02-28 01:42:44 [http-nio-8080-exec-4] INFO  c.d.dineo.common.util.GeocodingUtil - ✅ Address is already coordinates: [48.990280170713675, 2.0652013945627465]
2026-02-28 01:42:44 [http-nio-8080-exec-10] INFO  c.d.dineo.common.util.GeocodingUtil - ✅ Address is already coordinates: [48.990280170713675, 2.0652013945627465]
2026-02-28 01:42:44 [http-nio-8080-exec-9] INFO  c.d.d.p.c.PublicPlatController - 🔍 addDistanceToResponse called for plat: Noodels
2026-02-28 01:42:44 [http-nio-8080-exec-7] INFO  c.d.d.p.c.PublicPlatController - 🔍 addDistanceToResponse called for plat: Noodels
2026-02-28 01:42:44 [http-nio-8080-exec-9] INFO  c.d.d.p.c.PublicPlatController - 📍 Geocoding address for chef 51438312-db03-469c-b476-e4511f8e8e67: 48.990280170713675, 2.0652013945627465
2026-02-28 01:42:44 [http-nio-8080-exec-7] INFO  c.d.d.p.c.PublicPlatController - 📍 Geocoding address for chef 51438312-db03-469c-b476-e4511f8e8e67: 48.990280170713675, 2.0652013945627465
2026-02-28 01:42:44 [http-nio-8080-exec-9] INFO  c.d.dineo.common.util.GeocodingUtil - 📍 Parsed coordinates from address: [48.990280170713675, 2.0652013945627465]
2026-02-28 01:42:44 [http-nio-8080-exec-9] INFO  c.d.dineo.common.util.GeocodingUtil - ✅ Address is already coordinates: [48.990280170713675, 2.0652013945627465]
2026-02-28 01:42:44 [http-nio-8080-exec-7] INFO  c.d.dineo.common.util.GeocodingUtil - 📍 Parsed coordinates from address: [48.990280170713675, 2.0652013945627465]
2026-02-28 01:42:44 [http-nio-8080-exec-9] INFO  c.d.d.p.c.PublicPlatController - ✅ Geocoded to: [48.990280170713675, 2.0652013945627465]
2026-02-28 01:42:44 [http-nio-8080-exec-7] INFO  c.d.dineo.common.util.GeocodingUtil - ✅ Address is already coordinates: [48.990280170713675, 2.0652013945627465]
2026-02-28 01:42:44 [http-nio-8080-exec-9] INFO  c.d.d.p.c.PublicPlatController - ✅ Distance calculated for plat Noodels: 1499.1 km
2026-02-28 01:42:44 [http-nio-8080-exec-7] INFO  c.d.d.p.c.PublicPlatController - ✅ Geocoded to: [48.990280170713675, 2.0652013945627465]
2026-02-28 01:42:44 [http-nio-8080-exec-7] INFO  c.d.d.p.c.PublicPlatController - ✅ Distance calculated for plat Noodels: 1499.1 km
2026-02-28 01:42:44 [http-nio-8080-exec-10] INFO  c.d.dineo.common.util.GeocodingUtil - 📍 Parsed coordinates from address: [36.86798171618947, 10.170494516278797]
2026-02-28 01:42:44 [http-nio-8080-exec-10] INFO  c.d.dineo.common.util.GeocodingUtil - ✅ Address is already coordinates: [36.86798171618947, 10.170494516278797]
2026-02-28 01:42:44 [http-nio-8080-exec-4] INFO  c.d.dineo.common.util.GeocodingUtil - 📍 Parsed coordinates from address: [36.86798171618947, 10.170494516278797]
2026-02-28 01:42:44 [http-nio-8080-exec-4] INFO  c.d.dineo.common.util.GeocodingUtil - ✅ Address is already coordinates: [36.86798171618947, 10.170494516278797]
2026-02-28 01:42:44 [http-nio-8080-exec-4] INFO  c.d.dineo.common.util.GeocodingUtil - 📍 Parsed coordinates from address: [48.990280170713675, 2.0652013945627465]
2026-02-28 01:42:44 [http-nio-8080-exec-4] INFO  c.d.dineo.common.util.GeocodingUtil - ✅ Address is already coordinates: [48.990280170713675, 2.0652013945627465]
2026-02-28 01:42:44 [http-nio-8080-exec-10] INFO  c.d.dineo.common.util.GeocodingUtil - 📍 Parsed coordinates from address: [48.990280170713675, 2.0652013945627465]
2026-02-28 01:42:44 [http-nio-8080-exec-10] INFO  c.d.dineo.common.util.GeocodingUtil - ✅ Address is already coordinates: [48.990280170713675, 2.0652013945627465]
2026-02-28 01:42:45 [http-nio-8080-exec-7] INFO  c.d.d.p.c.PublicPlatController - 🔍 addDistanceToResponse called for plat: Fricassé
2026-02-28 01:42:45 [http-nio-8080-exec-9] INFO  c.d.d.p.c.PublicPlatController - 🔍 addDistanceToResponse called for plat: Fricassé
2026-02-28 01:42:45 [http-nio-8080-exec-4] INFO  c.d.dineo.common.util.GeocodingUtil - 📍 Parsed coordinates from address: [48.990280170713675, 2.0652013945627465]
2026-02-28 01:42:45 [http-nio-8080-exec-4] INFO  c.d.dineo.common.util.GeocodingUtil - ✅ Address is already coordinates: [48.990280170713675, 2.0652013945627465]
2026-02-28 01:42:45 [http-nio-8080-exec-10] INFO  c.d.dineo.common.util.GeocodingUtil - 📍 Parsed coordinates from address: [48.990280170713675, 2.0652013945627465]
2026-02-28 01:42:45 [http-nio-8080-exec-10] INFO  c.d.dineo.common.util.GeocodingUtil - ✅ Address is already coordinates: [48.990280170713675, 2.0652013945627465]
2026-02-28 01:42:45 [http-nio-8080-exec-4] INFO  c.d.dineo.common.util.GeocodingUtil - 📍 Parsed coordinates from address: [48.990280170713675, 2.0652013945627465]
2026-02-28 01:42:45 [http-nio-8080-exec-4] INFO  c.d.dineo.common.util.GeocodingUtil - ✅ Address is already coordinates: [48.990280170713675, 2.0652013945627465]
2026-02-28 01:42:45 [http-nio-8080-exec-7] INFO  c.d.d.p.c.PublicPlatController - 📍 Geocoding address for chef 51438312-db03-469c-b476-e4511f8e8e67: 48.990280170713675, 2.0652013945627465
2026-02-28 01:42:45 [http-nio-8080-exec-7] INFO  c.d.dineo.common.util.GeocodingUtil - 📍 Parsed coordinates from address: [48.990280170713675, 2.0652013945627465]
2026-02-28 01:42:45 [http-nio-8080-exec-7] INFO  c.d.dineo.common.util.GeocodingUtil - ✅ Address is already coordinates: [48.990280170713675, 2.0652013945627465]
2026-02-28 01:42:45 [http-nio-8080-exec-7] INFO  c.d.d.p.c.PublicPlatController - ✅ Geocoded to: [48.990280170713675, 2.0652013945627465]
2026-02-28 01:42:45 [http-nio-8080-exec-7] INFO  c.d.d.p.c.PublicPlatController - ✅ Distance calculated for plat Fricassé: 1499.1 km
2026-02-28 01:42:45 [http-nio-8080-exec-9] INFO  c.d.d.p.c.PublicPlatController - 📍 Geocoding address for chef 51438312-db03-469c-b476-e4511f8e8e67: 48.990280170713675, 2.0652013945627465
2026-02-28 01:42:45 [http-nio-8080-exec-10] INFO  c.d.dineo.common.util.GeocodingUtil - 📍 Parsed coordinates from address: [48.990280170713675, 2.0652013945627465]
2026-02-28 01:42:45 [http-nio-8080-exec-9] INFO  c.d.dineo.common.util.GeocodingUtil - 📍 Parsed coordinates from address: [48.990280170713675, 2.0652013945627465]
2026-02-28 01:42:45 [http-nio-8080-exec-10] INFO  c.d.dineo.common.util.GeocodingUtil - ✅ Address is already coordinates: [48.990280170713675, 2.0652013945627465]
2026-02-28 01:42:45 [http-nio-8080-exec-9] INFO  c.d.dineo.common.util.GeocodingUtil - ✅ Address is already coordinates: [48.990280170713675, 2.0652013945627465]
2026-02-28 01:42:45 [http-nio-8080-exec-9] INFO  c.d.d.p.c.PublicPlatController - ✅ Geocoded to: [48.990280170713675, 2.0652013945627465]
2026-02-28 01:42:45 [http-nio-8080-exec-9] INFO  c.d.d.p.c.PublicPlatController - ✅ Distance calculated for plat Fricassé: 1499.1 km
2026-02-28 01:42:45 [http-nio-8080-exec-4] INFO  c.d.dineo.common.util.GeocodingUtil - 📍 Parsed coordinates from address: [48.990280170713675, 2.0652013945627465]
2026-02-28 01:42:45 [http-nio-8080-exec-4] INFO  c.d.dineo.common.util.GeocodingUtil - ✅ Address is already coordinates: [48.990280170713675, 2.0652013945627465]
2026-02-28 01:42:45 [http-nio-8080-exec-10] INFO  c.d.dineo.common.util.GeocodingUtil - 📍 Parsed coordinates from address: [48.990280170713675, 2.0652013945627465]
2026-02-28 01:42:45 [http-nio-8080-exec-10] INFO  c.d.dineo.common.util.GeocodingUtil - ✅ Address is already coordinates: [48.990280170713675, 2.0652013945627465]
2026-02-28 01:42:45 [http-nio-8080-exec-4] INFO  c.d.dineo.common.util.GeocodingUtil - 📍 Parsed coordinates from address: [48.990280170713675, 2.0652013945627465]
2026-02-28 01:42:45 [http-nio-8080-exec-4] INFO  c.d.dineo.common.util.GeocodingUtil - ✅ Address is already coordinates: [48.990280170713675, 2.0652013945627465]
2026-02-28 01:42:45 [http-nio-8080-exec-10] INFO  c.d.dineo.common.util.GeocodingUtil - 📍 Parsed coordinates from address: [48.990280170713675, 2.0652013945627465]
2026-02-28 01:42:45 [http-nio-8080-exec-10] INFO  c.d.dineo.common.util.GeocodingUtil - ✅ Address is already coordinates: [48.990280170713675, 2.0652013945627465]
2026-02-28 01:42:45 [http-nio-8080-exec-9] INFO  c.d.d.p.c.PublicPlatController - 🔍 addDistanceToResponse called for plat: lasagne
2026-02-28 01:42:45 [http-nio-8080-exec-7] INFO  c.d.d.p.c.PublicPlatController - 🔍 addDistanceToResponse called for plat: lasagne
2026-02-28 01:42:46 [http-nio-8080-exec-10] INFO  c.d.dineo.common.util.GeocodingUtil - 📍 Parsed coordinates from address: [48.990280170713675, 2.0652013945627465]
2026-02-28 01:42:46 [http-nio-8080-exec-10] INFO  c.d.dineo.common.util.GeocodingUtil - ✅ Address is already coordinates: [48.990280170713675, 2.0652013945627465]
2026-02-28 01:42:46 [http-nio-8080-exec-4] INFO  c.d.dineo.common.util.GeocodingUtil - 📍 Parsed coordinates from address: [48.990280170713675, 2.0652013945627465]
2026-02-28 01:42:46 [http-nio-8080-exec-4] INFO  c.d.dineo.common.util.GeocodingUtil - ✅ Address is already coordinates: [48.990280170713675, 2.0652013945627465]
2026-02-28 01:42:46 [http-nio-8080-exec-9] INFO  c.d.d.p.c.PublicPlatController - 📍 Geocoding address for chef 2b9ae655-331b-44dd-a316-505318613279: 36.86798171618947, 10.170494516278797
2026-02-28 01:42:46 [http-nio-8080-exec-9] INFO  c.d.dineo.common.util.GeocodingUtil - 📍 Parsed coordinates from address: [36.86798171618947, 10.170494516278797]
2026-02-28 01:42:46 [http-nio-8080-exec-9] INFO  c.d.dineo.common.util.GeocodingUtil - ✅ Address is already coordinates: [36.86798171618947, 10.170494516278797]
2026-02-28 01:42:46 [http-nio-8080-exec-9] INFO  c.d.d.p.c.PublicPlatController - ✅ Geocoded to: [36.86798171618947, 10.170494516278797]
2026-02-28 01:42:46 [http-nio-8080-exec-9] INFO  c.d.d.p.c.PublicPlatController - ✅ Distance calculated for plat lasagne: 1.0 km
2026-02-28 01:42:46 [http-nio-8080-exec-7] INFO  c.d.d.p.c.PublicPlatController - 📍 Geocoding address for chef 2b9ae655-331b-44dd-a316-505318613279: 36.86798171618947, 10.170494516278797
2026-02-28 01:42:46 [http-nio-8080-exec-7] INFO  c.d.dineo.common.util.GeocodingUtil - 📍 Parsed coordinates from address: [36.86798171618947, 10.170494516278797]
2026-02-28 01:42:46 [http-nio-8080-exec-7] INFO  c.d.dineo.common.util.GeocodingUtil - ✅ Address is already coordinates: [36.86798171618947, 10.170494516278797]
2026-02-28 01:42:46 [http-nio-8080-exec-7] INFO  c.d.d.p.c.PublicPlatController - ✅ Geocoded to: [36.86798171618947, 10.170494516278797]
2026-02-28 01:42:46 [http-nio-8080-exec-7] INFO  c.d.d.p.c.PublicPlatController - ✅ Distance calculated for plat lasagne: 1.0 km
2026-02-28 01:42:46 [http-nio-8080-exec-10] INFO  c.d.dineo.common.util.GeocodingUtil - 📍 Parsed coordinates from address: [48.990280170713675, 2.0652013945627465]
2026-02-28 01:42:46 [http-nio-8080-exec-10] INFO  c.d.dineo.common.util.GeocodingUtil - ✅ Address is already coordinates: [48.990280170713675, 2.0652013945627465]
2026-02-28 01:42:46 [http-nio-8080-exec-4] INFO  c.d.dineo.common.util.GeocodingUtil - 📍 Parsed coordinates from address: [48.990280170713675, 2.0652013945627465]
2026-02-28 01:42:46 [http-nio-8080-exec-4] INFO  c.d.dineo.common.util.GeocodingUtil - ✅ Address is already coordinates: [48.990280170713675, 2.0652013945627465]
2026-02-28 01:42:46 [http-nio-8080-exec-4] INFO  c.d.dineo.common.util.GeocodingUtil - 📍 Parsed coordinates from address: [48.990280170713675, 2.0652013945627465]
2026-02-28 01:42:46 [http-nio-8080-exec-10] INFO  c.d.dineo.common.util.GeocodingUtil - 📍 Parsed coordinates from address: [48.990280170713675, 2.0652013945627465]
2026-02-28 01:42:46 [http-nio-8080-exec-4] INFO  c.d.dineo.common.util.GeocodingUtil - ✅ Address is already coordinates: [48.990280170713675, 2.0652013945627465]
2026-02-28 01:42:46 [http-nio-8080-exec-10] INFO  c.d.dineo.common.util.GeocodingUtil - ✅ Address is already coordinates: [48.990280170713675, 2.0652013945627465]
2026-02-28 01:42:46 [http-nio-8080-exec-9] INFO  c.d.d.p.c.PublicPlatController - 🔍 addDistanceToResponse called for plat: Tacos
2026-02-28 01:42:46 [http-nio-8080-exec-7] INFO  c.d.d.p.c.PublicPlatController - 🔍 addDistanceToResponse called for plat: Tacos
2026-02-28 01:42:46 [http-nio-8080-exec-10] INFO  c.d.dineo.common.util.GeocodingUtil - 📍 Parsed coordinates from address: [48.990280170713675, 2.0652013945627465]
2026-02-28 01:42:46 [http-nio-8080-exec-10] INFO  c.d.dineo.common.util.GeocodingUtil - ✅ Address is already coordinates: [48.990280170713675, 2.0652013945627465]
2026-02-28 01:42:46 [http-nio-8080-exec-10] INFO  c.d.d.p.c.PublicPlatController - After location filtering: 1 plats within 30.0km
2026-02-28 01:42:46 [http-nio-8080-exec-4] INFO  c.d.dineo.common.util.GeocodingUtil - 📍 Parsed coordinates from address: [48.990280170713675, 2.0652013945627465]
2026-02-28 01:42:46 [http-nio-8080-exec-4] INFO  c.d.dineo.common.util.GeocodingUtil - ✅ Address is already coordinates: [48.990280170713675, 2.0652013945627465]
2026-02-28 01:42:46 [http-nio-8080-exec-4] INFO  c.d.d.p.c.PublicPlatController - After location filtering: 1 plats within 30.0km
2026-02-28 01:42:46 [http-nio-8080-exec-10] INFO  c.d.d.p.c.PublicPlatController - Found 2 unique categories from filtered plats
2026-02-28 01:42:46 [http-nio-8080-exec-4] INFO  c.d.d.p.c.PublicPlatController - Found 2 unique categories from filtered plats
2026-02-28 01:42:47 [http-nio-8080-exec-9] INFO  c.d.d.p.c.PublicPlatController - 📍 Geocoding address for chef 51438312-db03-469c-b476-e4511f8e8e67: 48.990280170713675, 2.0652013945627465
2026-02-28 01:42:47 [http-nio-8080-exec-9] INFO  c.d.dineo.common.util.GeocodingUtil - 📍 Parsed coordinates from address: [48.990280170713675, 2.0652013945627465]
2026-02-28 01:42:47 [http-nio-8080-exec-9] INFO  c.d.dineo.common.util.GeocodingUtil - ✅ Address is already coordinates: [48.990280170713675, 2.0652013945627465]
2026-02-28 01:42:47 [http-nio-8080-exec-9] INFO  c.d.d.p.c.PublicPlatController - ✅ Geocoded to: [48.990280170713675, 2.0652013945627465]
2026-02-28 01:42:47 [http-nio-8080-exec-9] INFO  c.d.d.p.c.PublicPlatController - ✅ Distance calculated for plat Tacos: 1499.1 km
2026-02-28 01:42:47 [http-nio-8080-exec-7] INFO  c.d.d.p.c.PublicPlatController - 📍 Geocoding address for chef 51438312-db03-469c-b476-e4511f8e8e67: 48.990280170713675, 2.0652013945627465
2026-02-28 01:42:47 [http-nio-8080-exec-7] INFO  c.d.dineo.common.util.GeocodingUtil - 📍 Parsed coordinates from address: [48.990280170713675, 2.0652013945627465]
2026-02-28 01:42:47 [http-nio-8080-exec-7] INFO  c.d.dineo.common.util.GeocodingUtil - ✅ Address is already coordinates: [48.990280170713675, 2.0652013945627465]
2026-02-28 01:42:47 [http-nio-8080-exec-7] INFO  c.d.d.p.c.PublicPlatController - ✅ Geocoded to: [48.990280170713675, 2.0652013945627465]
2026-02-28 01:42:47 [http-nio-8080-exec-7] INFO  c.d.d.p.c.PublicPlatController - ✅ Distance calculated for plat Tacos: 1499.1 km
2026-02-28 01:42:47 [http-nio-8080-exec-9] INFO  c.d.d.p.c.PublicPlatController - 🔍 addDistanceToResponse called for plat: Tiramisu
2026-02-28 01:42:47 [http-nio-8080-exec-7] INFO  c.d.d.p.c.PublicPlatController - 🔍 addDistanceToResponse called for plat: Tiramisu
2026-02-28 01:42:47 [http-nio-8080-exec-9] INFO  c.d.d.p.c.PublicPlatController - 📍 Geocoding address for chef 51438312-db03-469c-b476-e4511f8e8e67: 48.990280170713675, 2.0652013945627465
2026-02-28 01:42:47 [http-nio-8080-exec-9] INFO  c.d.dineo.common.util.GeocodingUtil - 📍 Parsed coordinates from address: [48.990280170713675, 2.0652013945627465]
2026-02-28 01:42:47 [http-nio-8080-exec-9] INFO  c.d.dineo.common.util.GeocodingUtil - ✅ Address is already coordinates: [48.990280170713675, 2.0652013945627465]
2026-02-28 01:42:47 [http-nio-8080-exec-9] INFO  c.d.d.p.c.PublicPlatController - ✅ Geocoded to: [48.990280170713675, 2.0652013945627465]
2026-02-28 01:42:47 [http-nio-8080-exec-9] INFO  c.d.d.p.c.PublicPlatController - ✅ Distance calculated for plat Tiramisu: 1499.1 km
2026-02-28 01:42:47 [http-nio-8080-exec-7] INFO  c.d.d.p.c.PublicPlatController - 📍 Geocoding address for chef 51438312-db03-469c-b476-e4511f8e8e67: 48.990280170713675, 2.0652013945627465
2026-02-28 01:42:47 [http-nio-8080-exec-7] INFO  c.d.dineo.common.util.GeocodingUtil - 📍 Parsed coordinates from address: [48.990280170713675, 2.0652013945627465]
2026-02-28 01:42:47 [http-nio-8080-exec-7] INFO  c.d.dineo.common.util.GeocodingUtil - ✅ Address is already coordinates: [48.990280170713675, 2.0652013945627465]
2026-02-28 01:42:47 [http-nio-8080-exec-7] INFO  c.d.d.p.c.PublicPlatController - ✅ Geocoded to: [48.990280170713675, 2.0652013945627465]
2026-02-28 01:42:47 [http-nio-8080-exec-7] INFO  c.d.d.p.c.PublicPlatController - ✅ Distance calculated for plat Tiramisu: 1499.1 km
2026-02-28 01:42:48 [http-nio-8080-exec-9] INFO  c.d.d.p.c.PublicPlatController - 🔍 addDistanceToResponse called for plat: Steak
2026-02-28 01:42:48 [http-nio-8080-exec-7] INFO  c.d.d.p.c.PublicPlatController - 🔍 addDistanceToResponse called for plat: Steak
2026-02-28 01:42:48 [http-nio-8080-exec-9] INFO  c.d.d.p.c.PublicPlatController - 📍 Geocoding address for chef 51438312-db03-469c-b476-e4511f8e8e67: 48.990280170713675, 2.0652013945627465
2026-02-28 01:42:48 [http-nio-8080-exec-9] INFO  c.d.dineo.common.util.GeocodingUtil - 📍 Parsed coordinates from address: [48.990280170713675, 2.0652013945627465]
2026-02-28 01:42:48 [http-nio-8080-exec-9] INFO  c.d.dineo.common.util.GeocodingUtil - ✅ Address is already coordinates: [48.990280170713675, 2.0652013945627465]
2026-02-28 01:42:48 [http-nio-8080-exec-9] INFO  c.d.d.p.c.PublicPlatController - ✅ Geocoded to: [48.990280170713675, 2.0652013945627465]
2026-02-28 01:42:48 [http-nio-8080-exec-9] INFO  c.d.d.p.c.PublicPlatController - ✅ Distance calculated for plat Steak: 1499.1 km
2026-02-28 01:42:48 [http-nio-8080-exec-7] INFO  c.d.d.p.c.PublicPlatController - 📍 Geocoding address for chef 51438312-db03-469c-b476-e4511f8e8e67: 48.990280170713675, 2.0652013945627465
2026-02-28 01:42:48 [http-nio-8080-exec-7] INFO  c.d.dineo.common.util.GeocodingUtil - 📍 Parsed coordinates from address: [48.990280170713675, 2.0652013945627465]
2026-02-28 01:42:48 [http-nio-8080-exec-7] INFO  c.d.dineo.common.util.GeocodingUtil - ✅ Address is already coordinates: [48.990280170713675, 2.0652013945627465]
2026-02-28 01:42:48 [http-nio-8080-exec-7] INFO  c.d.d.p.c.PublicPlatController - ✅ Geocoded to: [48.990280170713675, 2.0652013945627465]
2026-02-28 01:42:48 [http-nio-8080-exec-7] INFO  c.d.d.p.c.PublicPlatController - ✅ Distance calculated for plat Steak: 1499.1 km
2026-02-28 01:42:49 [http-nio-8080-exec-9] INFO  c.d.d.p.c.PublicPlatController - 🔍 addDistanceToResponse called for plat: Kouskous tunisien
2026-02-28 01:42:49 [http-nio-8080-exec-7] INFO  c.d.d.p.c.PublicPlatController - 🔍 addDistanceToResponse called for plat: Kouskous tunisien
2026-02-28 01:42:49 [http-nio-8080-exec-9] INFO  c.d.d.p.c.PublicPlatController - 📍 Geocoding address for chef 51438312-db03-469c-b476-e4511f8e8e67: 48.990280170713675, 2.0652013945627465
2026-02-28 01:42:49 [http-nio-8080-exec-7] INFO  c.d.d.p.c.PublicPlatController - 📍 Geocoding address for chef 51438312-db03-469c-b476-e4511f8e8e67: 48.990280170713675, 2.0652013945627465
2026-02-28 01:42:49 [http-nio-8080-exec-9] INFO  c.d.dineo.common.util.GeocodingUtil - 📍 Parsed coordinates from address: [48.990280170713675, 2.0652013945627465]
2026-02-28 01:42:49 [http-nio-8080-exec-7] INFO  c.d.dineo.common.util.GeocodingUtil - 📍 Parsed coordinates from address: [48.990280170713675, 2.0652013945627465]
2026-02-28 01:42:49 [http-nio-8080-exec-9] INFO  c.d.dineo.common.util.GeocodingUtil - ✅ Address is already coordinates: [48.990280170713675, 2.0652013945627465]
2026-02-28 01:42:49 [http-nio-8080-exec-7] INFO  c.d.dineo.common.util.GeocodingUtil - ✅ Address is already coordinates: [48.990280170713675, 2.0652013945627465]
2026-02-28 01:42:49 [http-nio-8080-exec-9] INFO  c.d.d.p.c.PublicPlatController - ✅ Geocoded to: [48.990280170713675, 2.0652013945627465]
2026-02-28 01:42:49 [http-nio-8080-exec-7] INFO  c.d.d.p.c.PublicPlatController - ✅ Geocoded to: [48.990280170713675, 2.0652013945627465]
2026-02-28 01:42:49 [http-nio-8080-exec-9] INFO  c.d.d.p.c.PublicPlatController - ✅ Distance calculated for plat Kouskous tunisien: 1499.1 km
2026-02-28 01:42:49 [http-nio-8080-exec-7] INFO  c.d.d.p.c.PublicPlatController - ✅ Distance calculated for plat Kouskous tunisien: 1499.1 km
2026-02-28 01:42:49 [http-nio-8080-exec-7] INFO  c.d.d.p.c.PublicPlatController - 🔍 addDistanceToResponse called for plat: Sushi
2026-02-28 01:42:50 [http-nio-8080-exec-9] INFO  c.d.d.p.c.PublicPlatController - 🔍 addDistanceToResponse called for plat: Sushi
2026-02-28 01:42:50 [http-nio-8080-exec-7] INFO  c.d.d.p.c.PublicPlatController - 📍 Geocoding address for chef 51438312-db03-469c-b476-e4511f8e8e67: 48.990280170713675, 2.0652013945627465
2026-02-28 01:42:50 [http-nio-8080-exec-7] INFO  c.d.dineo.common.util.GeocodingUtil - 📍 Parsed coordinates from address: [48.990280170713675, 2.0652013945627465]
2026-02-28 01:42:50 [http-nio-8080-exec-7] INFO  c.d.dineo.common.util.GeocodingUtil - ✅ Address is already coordinates: [48.990280170713675, 2.0652013945627465]
2026-02-28 01:42:50 [http-nio-8080-exec-7] INFO  c.d.d.p.c.PublicPlatController - ✅ Geocoded to: [48.990280170713675, 2.0652013945627465]
2026-02-28 01:42:50 [http-nio-8080-exec-7] INFO  c.d.d.p.c.PublicPlatController - ✅ Distance calculated for plat Sushi: 1499.1 km
2026-02-28 01:42:50 [http-nio-8080-exec-9] INFO  c.d.d.p.c.PublicPlatController - 📍 Geocoding address for chef 51438312-db03-469c-b476-e4511f8e8e67: 48.990280170713675, 2.0652013945627465
2026-02-28 01:42:50 [http-nio-8080-exec-9] INFO  c.d.dineo.common.util.GeocodingUtil - 📍 Parsed coordinates from address: [48.990280170713675, 2.0652013945627465]
2026-02-28 01:42:50 [http-nio-8080-exec-9] INFO  c.d.dineo.common.util.GeocodingUtil - ✅ Address is already coordinates: [48.990280170713675, 2.0652013945627465]
2026-02-28 01:42:50 [http-nio-8080-exec-9] INFO  c.d.d.p.c.PublicPlatController - ✅ Geocoded to: [48.990280170713675, 2.0652013945627465]
2026-02-28 01:42:50 [http-nio-8080-exec-9] INFO  c.d.d.p.c.PublicPlatController - ✅ Distance calculated for plat Sushi: 1499.1 km
2026-02-28 01:42:50 [http-nio-8080-exec-7] INFO  c.d.d.p.c.PublicPlatController - 🔍 addDistanceToResponse called for plat: Salade César
2026-02-28 01:42:50 [http-nio-8080-exec-9] INFO  c.d.d.p.c.PublicPlatController - 🔍 addDistanceToResponse called for plat: Salade César
2026-02-28 01:42:51 [http-nio-8080-exec-7] INFO  c.d.d.p.c.PublicPlatController - 📍 Geocoding address for chef 51438312-db03-469c-b476-e4511f8e8e67: 48.990280170713675, 2.0652013945627465
2026-02-28 01:42:51 [http-nio-8080-exec-7] INFO  c.d.dineo.common.util.GeocodingUtil - 📍 Parsed coordinates from address: [48.990280170713675, 2.0652013945627465]
2026-02-28 01:42:51 [http-nio-8080-exec-7] INFO  c.d.dineo.common.util.GeocodingUtil - ✅ Address is already coordinates: [48.990280170713675, 2.0652013945627465]
2026-02-28 01:42:51 [http-nio-8080-exec-7] INFO  c.d.d.p.c.PublicPlatController - ✅ Geocoded to: [48.990280170713675, 2.0652013945627465]
2026-02-28 01:42:51 [http-nio-8080-exec-7] INFO  c.d.d.p.c.PublicPlatController - ✅ Distance calculated for plat Salade César: 1499.1 km
2026-02-28 01:42:51 [http-nio-8080-exec-9] INFO  c.d.d.p.c.PublicPlatController - 📍 Geocoding address for chef 51438312-db03-469c-b476-e4511f8e8e67: 48.990280170713675, 2.0652013945627465
2026-02-28 01:42:51 [http-nio-8080-exec-9] INFO  c.d.dineo.common.util.GeocodingUtil - 📍 Parsed coordinates from address: [48.990280170713675, 2.0652013945627465]
2026-02-28 01:42:51 [http-nio-8080-exec-9] INFO  c.d.dineo.common.util.GeocodingUtil - ✅ Address is already coordinates: [48.990280170713675, 2.0652013945627465]
2026-02-28 01:42:51 [http-nio-8080-exec-9] INFO  c.d.d.p.c.PublicPlatController - ✅ Geocoded to: [48.990280170713675, 2.0652013945627465]
2026-02-28 01:42:51 [http-nio-8080-exec-9] INFO  c.d.d.p.c.PublicPlatController - ✅ Distance calculated for plat Salade César: 1499.1 km
2026-02-28 01:42:51 [http-nio-8080-exec-7] INFO  c.d.d.p.c.PublicPlatController - 🔍 addDistanceToResponse called for plat: Pizza
2026-02-28 01:42:51 [http-nio-8080-exec-9] INFO  c.d.d.p.c.PublicPlatController - 🔍 addDistanceToResponse called for plat: Pizza
2026-02-28 01:42:51 [http-nio-8080-exec-7] INFO  c.d.d.p.c.PublicPlatController - 📍 Geocoding address for chef 51438312-db03-469c-b476-e4511f8e8e67: 48.990280170713675, 2.0652013945627465
2026-02-28 01:42:51 [http-nio-8080-exec-7] INFO  c.d.dineo.common.util.GeocodingUtil - 📍 Parsed coordinates from address: [48.990280170713675, 2.0652013945627465]
2026-02-28 01:42:51 [http-nio-8080-exec-7] INFO  c.d.dineo.common.util.GeocodingUtil - ✅ Address is already coordinates: [48.990280170713675, 2.0652013945627465]
2026-02-28 01:42:51 [http-nio-8080-exec-7] INFO  c.d.d.p.c.PublicPlatController - ✅ Geocoded to: [48.990280170713675, 2.0652013945627465]
2026-02-28 01:42:51 [http-nio-8080-exec-7] INFO  c.d.d.p.c.PublicPlatController - ✅ Distance calculated for plat Pizza: 1499.1 km
2026-02-28 01:42:51 [http-nio-8080-exec-9] INFO  c.d.d.p.c.PublicPlatController - 📍 Geocoding address for chef 51438312-db03-469c-b476-e4511f8e8e67: 48.990280170713675, 2.0652013945627465
2026-02-28 01:42:51 [http-nio-8080-exec-9] INFO  c.d.dineo.common.util.GeocodingUtil - 📍 Parsed coordinates from address: [48.990280170713675, 2.0652013945627465]
2026-02-28 01:42:51 [http-nio-8080-exec-9] INFO  c.d.dineo.common.util.GeocodingUtil - ✅ Address is already coordinates: [48.990280170713675, 2.0652013945627465]
2026-02-28 01:42:51 [http-nio-8080-exec-9] INFO  c.d.d.p.c.PublicPlatController - ✅ Geocoded to: [48.990280170713675, 2.0652013945627465]
2026-02-28 01:42:51 [http-nio-8080-exec-9] INFO  c.d.d.p.c.PublicPlatController - ✅ Distance calculated for plat Pizza: 1499.1 km
2026-02-28 01:42:52 [http-nio-8080-exec-7] INFO  c.d.d.p.c.PublicPlatController - 🔍 addDistanceToResponse called for plat: Plat fruit de mer
2026-02-28 01:42:52 [http-nio-8080-exec-9] INFO  c.d.d.p.c.PublicPlatController - 🔍 addDistanceToResponse called for plat: Plat fruit de mer
2026-02-28 01:42:52 [http-nio-8080-exec-7] INFO  c.d.d.p.c.PublicPlatController - 📍 Geocoding address for chef 51438312-db03-469c-b476-e4511f8e8e67: 48.990280170713675, 2.0652013945627465
2026-02-28 01:42:52 [http-nio-8080-exec-7] INFO  c.d.dineo.common.util.GeocodingUtil - 📍 Parsed coordinates from address: [48.990280170713675, 2.0652013945627465]
2026-02-28 01:42:52 [http-nio-8080-exec-7] INFO  c.d.dineo.common.util.GeocodingUtil - ✅ Address is already coordinates: [48.990280170713675, 2.0652013945627465]
2026-02-28 01:42:52 [http-nio-8080-exec-7] INFO  c.d.d.p.c.PublicPlatController - ✅ Geocoded to: [48.990280170713675, 2.0652013945627465]
2026-02-28 01:42:52 [http-nio-8080-exec-7] INFO  c.d.d.p.c.PublicPlatController - ✅ Distance calculated for plat Plat fruit de mer: 1499.1 km
2026-02-28 01:42:52 [http-nio-8080-exec-9] INFO  c.d.d.p.c.PublicPlatController - 📍 Geocoding address for chef 51438312-db03-469c-b476-e4511f8e8e67: 48.990280170713675, 2.0652013945627465
2026-02-28 01:42:52 [http-nio-8080-exec-9] INFO  c.d.dineo.common.util.GeocodingUtil - 📍 Parsed coordinates from address: [48.990280170713675, 2.0652013945627465]
2026-02-28 01:42:52 [http-nio-8080-exec-9] INFO  c.d.dineo.common.util.GeocodingUtil - ✅ Address is already coordinates: [48.990280170713675, 2.0652013945627465]
2026-02-28 01:42:52 [http-nio-8080-exec-9] INFO  c.d.d.p.c.PublicPlatController - ✅ Geocoded to: [48.990280170713675, 2.0652013945627465]
2026-02-28 01:42:52 [http-nio-8080-exec-9] INFO  c.d.d.p.c.PublicPlatController - ✅ Distance calculated for plat Plat fruit de mer: 1499.1 km
2026-02-28 01:42:53 [http-nio-8080-exec-7] INFO  c.d.d.p.c.PublicPlatController - 🔍 addDistanceToResponse called for plat: Par-là
2026-02-28 01:42:53 [http-nio-8080-exec-9] INFO  c.d.d.p.c.PublicPlatController - 🔍 addDistanceToResponse called for plat: Par-là
2026-02-28 01:42:53 [http-nio-8080-exec-7] INFO  c.d.d.p.c.PublicPlatController - 📍 Geocoding address for chef 51438312-db03-469c-b476-e4511f8e8e67: 48.990280170713675, 2.0652013945627465
2026-02-28 01:42:53 [http-nio-8080-exec-7] INFO  c.d.dineo.common.util.GeocodingUtil - 📍 Parsed coordinates from address: [48.990280170713675, 2.0652013945627465]
2026-02-28 01:42:53 [http-nio-8080-exec-7] INFO  c.d.dineo.common.util.GeocodingUtil - ✅ Address is already coordinates: [48.990280170713675, 2.0652013945627465]
2026-02-28 01:42:53 [http-nio-8080-exec-7] INFO  c.d.d.p.c.PublicPlatController - ✅ Geocoded to: [48.990280170713675, 2.0652013945627465]
2026-02-28 01:42:53 [http-nio-8080-exec-7] INFO  c.d.d.p.c.PublicPlatController - ✅ Distance calculated for plat Par-là: 1499.1 km
2026-02-28 01:42:53 [http-nio-8080-exec-7] INFO  c.d.d.p.c.PublicPlatController - After all filters: 1 plats remaining
2026-02-28 01:42:53 [http-nio-8080-exec-7] INFO  c.d.d.p.c.PublicPlatController - Search returned 1 total results, page 1/1
2026-02-28 01:42:53 [http-nio-8080-exec-9] INFO  c.d.d.p.c.PublicPlatController - 📍 Geocoding address for chef 51438312-db03-469c-b476-e4511f8e8e67: 48.990280170713675, 2.0652013945627465
2026-02-28 01:42:53 [http-nio-8080-exec-9] INFO  c.d.dineo.common.util.GeocodingUtil - 📍 Parsed coordinates from address: [48.990280170713675, 2.0652013945627465]
2026-02-28 01:42:53 [http-nio-8080-exec-9] INFO  c.d.dineo.common.util.GeocodingUtil - ✅ Address is already coordinates: [48.990280170713675, 2.0652013945627465]
2026-02-28 01:42:53 [http-nio-8080-exec-9] INFO  c.d.d.p.c.PublicPlatController - ✅ Geocoded to: [48.990280170713675, 2.0652013945627465]
2026-02-28 01:42:53 [http-nio-8080-exec-9] INFO  c.d.d.p.c.PublicPlatController - ✅ Distance calculated for plat Par-là: 1499.1 km
2026-02-28 01:42:53 [http-nio-8080-exec-9] INFO  c.d.d.p.c.PublicPlatController - After all filters: 1 plats remaining
2026-02-28 01:42:53 [http-nio-8080-exec-9] INFO  c.d.d.p.c.PublicPlatController - Search returned 1 total results, page 1/1
2026-02-28 01:44:01 [http-nio-8080-exec-4] INFO  c.d.d.c.c.PublicChefController - 🚨🚨🚨 CHEF ENDPOINT CALLED - lat: 36.86185454999997, lon: 10.162940019999994, radius: 30.0 km, page: 0, pageSize: 12
2026-02-28 01:44:01 [http-nio-8080-exec-10] INFO  c.d.d.c.c.PublicChefController - 🚨🚨🚨 CHEF ENDPOINT CALLED - lat: 36.86185454999997, lon: 10.162940019999994, radius: 30.0 km, page: 0, pageSize: 12
2026-02-28 01:44:01 [http-nio-8080-exec-4] INFO  c.d.d.c.c.PublicChefController - Get nearby chefs request received for location (36.86185454999997, 10.162940019999994) within 30.0 km
2026-02-28 01:44:01 [http-nio-8080-exec-10] INFO  c.d.d.c.c.PublicChefController - Get nearby chefs request received for location (36.86185454999997, 10.162940019999994) within 30.0 km
2026-02-28 01:44:01 [http-nio-8080-exec-10] INFO  c.d.d.c.c.PublicChefController - Found 6 PROVIDER users
2026-02-28 01:44:01 [http-nio-8080-exec-4] INFO  c.d.d.c.c.PublicChefController - Found 6 PROVIDER users
2026-02-28 01:44:02 [http-nio-8080-exec-10] INFO  c.d.d.c.c.PublicChefController - Retrieved 3 chef users from database
2026-02-28 01:44:02 [http-nio-8080-exec-4] INFO  c.d.d.c.c.PublicChefController - Retrieved 3 chef users from database
2026-02-28 01:44:02 [http-nio-8080-exec-4] INFO  c.d.d.c.c.PublicChefController - 📍 Adding distance for chef 2b9ae655-331b-44dd-a316-505318613279 at address: 36.86798171618947, 10.170494516278797
2026-02-28 01:44:02 [http-nio-8080-exec-10] INFO  c.d.d.c.c.PublicChefController - 📍 Adding distance for chef 2b9ae655-331b-44dd-a316-505318613279 at address: 36.86798171618947, 10.170494516278797
2026-02-28 01:44:02 [http-nio-8080-exec-4] INFO  c.d.d.c.c.PublicChefController - 📍 Adding distance for chef 2b9ae655-331b-44dd-a316-505318613279 at address: 36.86798171618947, 10.170494516278797
2026-02-28 01:44:02 [http-nio-8080-exec-10] INFO  c.d.d.c.c.PublicChefController - 📍 Adding distance for chef 2b9ae655-331b-44dd-a316-505318613279 at address: 36.86798171618947, 10.170494516278797
2026-02-28 01:44:02 [http-nio-8080-exec-10] INFO  c.d.dineo.common.util.GeocodingUtil - 📍 Parsed coordinates from address: [36.86798171618947, 10.170494516278797]
2026-02-28 01:44:02 [http-nio-8080-exec-4] INFO  c.d.dineo.common.util.GeocodingUtil - 📍 Parsed coordinates from address: [36.86798171618947, 10.170494516278797]
2026-02-28 01:44:02 [http-nio-8080-exec-10] INFO  c.d.dineo.common.util.GeocodingUtil - ✅ Address is already coordinates: [36.86798171618947, 10.170494516278797]
2026-02-28 01:44:02 [http-nio-8080-exec-4] INFO  c.d.dineo.common.util.GeocodingUtil - ✅ Address is already coordinates: [36.86798171618947, 10.170494516278797]
2026-02-28 01:44:02 [http-nio-8080-exec-10] INFO  c.d.d.c.c.PublicChefController - 📏 Distance calculated: 1.0 km
2026-02-28 01:44:02 [http-nio-8080-exec-4] INFO  c.d.d.c.c.PublicChefController - 📏 Distance calculated: 1.0 km
2026-02-28 01:44:02 [http-nio-8080-exec-10] INFO  c.d.d.c.c.PublicChefController - 📏 Distance calculated: 1.0 km
2026-02-28 01:44:02 [http-nio-8080-exec-4] INFO  c.d.d.c.c.PublicChefController - 📏 Distance calculated: 1.0 km
2026-02-28 01:44:02 [http-nio-8080-exec-10] INFO  c.d.d.c.c.PublicChefController - 📍 Adding distance for chef 51438312-db03-469c-b476-e4511f8e8e67 at address: 48.990280170713675, 2.0652013945627465
2026-02-28 01:44:02 [http-nio-8080-exec-4] INFO  c.d.d.c.c.PublicChefController - 📍 Adding distance for chef 51438312-db03-469c-b476-e4511f8e8e67 at address: 48.990280170713675, 2.0652013945627465
2026-02-28 01:44:02 [http-nio-8080-exec-10] INFO  c.d.d.c.c.PublicChefController - 📍 Adding distance for chef 51438312-db03-469c-b476-e4511f8e8e67 at address: 48.990280170713675, 2.0652013945627465
2026-02-28 01:44:02 [http-nio-8080-exec-4] INFO  c.d.d.c.c.PublicChefController - 📍 Adding distance for chef 51438312-db03-469c-b476-e4511f8e8e67 at address: 48.990280170713675, 2.0652013945627465
2026-02-28 01:44:02 [http-nio-8080-exec-4] INFO  c.d.dineo.common.util.GeocodingUtil - 📍 Parsed coordinates from address: [48.990280170713675, 2.0652013945627465]
2026-02-28 01:44:02 [http-nio-8080-exec-10] INFO  c.d.dineo.common.util.GeocodingUtil - 📍 Parsed coordinates from address: [48.990280170713675, 2.0652013945627465]
2026-02-28 01:44:02 [http-nio-8080-exec-4] INFO  c.d.dineo.common.util.GeocodingUtil - ✅ Address is already coordinates: [48.990280170713675, 2.0652013945627465]
2026-02-28 01:44:02 [http-nio-8080-exec-10] INFO  c.d.dineo.common.util.GeocodingUtil - ✅ Address is already coordinates: [48.990280170713675, 2.0652013945627465]
2026-02-28 01:44:02 [http-nio-8080-exec-4] INFO  c.d.d.c.c.PublicChefController - 📏 Distance calculated: 1499.1 km
2026-02-28 01:44:02 [http-nio-8080-exec-10] INFO  c.d.d.c.c.PublicChefController - 📏 Distance calculated: 1499.1 km
2026-02-28 01:44:02 [http-nio-8080-exec-4] INFO  c.d.d.c.c.PublicChefController - 📏 Distance calculated: 1499.1 km
2026-02-28 01:44:02 [http-nio-8080-exec-10] INFO  c.d.d.c.c.PublicChefController - 📏 Distance calculated: 1499.1 km
2026-02-28 01:44:02 [http-nio-8080-exec-4] INFO  c.d.d.c.c.PublicChefController - 📍 Adding distance for chef 8b1c9d91-8d1d-43e8-ab9f-904a95c1b8d4 at address: 48.98818216984314, 2.0658558535655827
2026-02-28 01:44:02 [http-nio-8080-exec-10] INFO  c.d.d.c.c.PublicChefController - 📍 Adding distance for chef 8b1c9d91-8d1d-43e8-ab9f-904a95c1b8d4 at address: 48.98818216984314, 2.0658558535655827
2026-02-28 01:44:02 [http-nio-8080-exec-4] INFO  c.d.d.c.c.PublicChefController - 📍 Adding distance for chef 8b1c9d91-8d1d-43e8-ab9f-904a95c1b8d4 at address: 48.98818216984314, 2.0658558535655827
2026-02-28 01:44:02 [http-nio-8080-exec-10] INFO  c.d.d.c.c.PublicChefController - 📍 Adding distance for chef 8b1c9d91-8d1d-43e8-ab9f-904a95c1b8d4 at address: 48.98818216984314, 2.0658558535655827
2026-02-28 01:44:02 [http-nio-8080-exec-4] INFO  c.d.dineo.common.util.GeocodingUtil - 📍 Parsed coordinates from address: [48.98818216984314, 2.0658558535655827]
2026-02-28 01:44:02 [http-nio-8080-exec-10] INFO  c.d.dineo.common.util.GeocodingUtil - 📍 Parsed coordinates from address: [48.98818216984314, 2.0658558535655827]
2026-02-28 01:44:02 [http-nio-8080-exec-4] INFO  c.d.dineo.common.util.GeocodingUtil - ✅ Address is already coordinates: [48.98818216984314, 2.0658558535655827]
2026-02-28 01:44:02 [http-nio-8080-exec-10] INFO  c.d.dineo.common.util.GeocodingUtil - ✅ Address is already coordinates: [48.98818216984314, 2.0658558535655827]
2026-02-28 01:44:02 [http-nio-8080-exec-4] INFO  c.d.d.c.c.PublicChefController - 📏 Distance calculated: 1498.9 km
2026-02-28 01:44:02 [http-nio-8080-exec-10] INFO  c.d.d.c.c.PublicChefController - 📏 Distance calculated: 1498.9 km
2026-02-28 01:44:02 [http-nio-8080-exec-4] INFO  c.d.d.c.c.PublicChefController - 📏 Distance calculated: 1498.9 km
2026-02-28 01:44:02 [http-nio-8080-exec-10] INFO  c.d.d.c.c.PublicChefController - 📏 Distance calculated: 1498.9 km
2026-02-28 01:44:02 [http-nio-8080-exec-4] INFO  c.d.d.c.c.PublicChefController - Found 1 chefs within 30.0 km radius
2026-02-28 01:44:02 [http-nio-8080-exec-10] INFO  c.d.d.c.c.PublicChefController - Found 1 chefs within 30.0 km radius
2026-02-28 01:44:02 [http-nio-8080-exec-10] INFO  c.d.d.c.c.PublicChefController - Successfully retrieved 1 nearby chefs (page 1/1)
2026-02-28 01:44:02 [http-nio-8080-exec-4] INFO  c.d.d.c.c.PublicChefController - Successfully retrieved 1 nearby chefs (page 1/1)
2026-02-28 01:44:40 [http-nio-8080-exec-7] INFO  c.d.d.c.c.PublicChefController - Get chef details request received for chef 2b9ae655-331b-44dd-a316-505318613279
2026-02-28 01:44:40 [http-nio-8080-exec-6] INFO  c.d.d.c.c.ChefReviewController - Get reviews request received for chef 2b9ae655-331b-44dd-a316-505318613279
2026-02-28 01:44:40 [http-nio-8080-exec-9] INFO  c.d.d.c.c.PublicChefController - Get chef plats request received for chef 2b9ae655-331b-44dd-a316-505318613279
2026-02-28 01:44:40 [http-nio-8080-exec-1] INFO  c.d.d.c.c.PublicChefController - Get chef details request received for chef 2b9ae655-331b-44dd-a316-505318613279
2026-02-28 01:44:40 [http-nio-8080-exec-5] INFO  c.d.d.c.c.ChefReviewController - Get reviews request received for chef 2b9ae655-331b-44dd-a316-505318613279
2026-02-28 01:44:40 [http-nio-8080-exec-2] INFO  c.d.d.c.c.PublicChefController - Get chef plats request received for chef 2b9ae655-331b-44dd-a316-505318613279
2026-02-28 01:44:40 [http-nio-8080-exec-5] INFO  c.d.d.c.s.impl.ChefReviewServiceImpl - Fetching all reviews for chef: 2b9ae655-331b-44dd-a316-505318613279
2026-02-28 01:44:40 [http-nio-8080-exec-6] INFO  c.d.d.c.s.impl.ChefReviewServiceImpl - Fetching all reviews for chef: 2b9ae655-331b-44dd-a316-505318613279
2026-02-28 01:44:40 [http-nio-8080-exec-5] INFO  c.d.d.c.s.impl.ChefReviewServiceImpl - Found 0 reviews for chef 2b9ae655-331b-44dd-a316-505318613279
2026-02-28 01:44:40 [http-nio-8080-exec-6] INFO  c.d.d.c.s.impl.ChefReviewServiceImpl - Found 0 reviews for chef 2b9ae655-331b-44dd-a316-505318613279
2026-02-28 01:44:40 [http-nio-8080-exec-5] INFO  c.d.d.c.c.ChefReviewController - Retrieved 0 reviews for chef 2b9ae655-331b-44dd-a316-505318613279
2026-02-28 01:44:40 [http-nio-8080-exec-6] INFO  c.d.d.c.c.ChefReviewController - Retrieved 0 reviews for chef 2b9ae655-331b-44dd-a316-505318613279
2026-02-28 01:44:40 [http-nio-8080-exec-1] INFO  c.d.d.c.c.PublicChefController - Successfully retrieved chef details for chef 2b9ae655-331b-44dd-a316-505318613279
2026-02-28 01:44:40 [http-nio-8080-exec-7] INFO  c.d.d.c.c.PublicChefController - Successfully retrieved chef details for chef 2b9ae655-331b-44dd-a316-505318613279
2026-02-28 01:44:41 [http-nio-8080-exec-2] INFO  c.d.d.c.c.PublicChefController - Successfully retrieved 1 plats for chef 2b9ae655-331b-44dd-a316-505318613279
2026-02-28 01:44:41 [http-nio-8080-exec-9] INFO  c.d.d.c.c.PublicChefController - Successfully retrieved 1 plats for chef 2b9ae655-331b-44dd-a316-505318613279
2026-02-28 01:44:45 [http-nio-8080-exec-4] INFO  c.d.d.c.c.ChefReviewController - Get reviews request received for chef 2b9ae655-331b-44dd-a316-505318613279
2026-02-28 01:44:45 [http-nio-8080-exec-8] INFO  c.d.d.c.c.PublicChefController - Get chef details request received for chef 2b9ae655-331b-44dd-a316-505318613279
2026-02-28 01:44:45 [http-nio-8080-exec-3] INFO  c.d.d.c.c.PublicChefController - Get chef plats request received for chef 2b9ae655-331b-44dd-a316-505318613279
2026-02-28 01:44:45 [http-nio-8080-exec-5] INFO  c.d.d.c.c.PublicChefController - Get chef plats request received for chef 2b9ae655-331b-44dd-a316-505318613279
2026-02-28 01:44:45 [http-nio-8080-exec-6] INFO  c.d.d.c.c.ChefReviewController - Get reviews request received for chef 2b9ae655-331b-44dd-a316-505318613279
2026-02-28 01:44:45 [http-nio-8080-exec-10] INFO  c.d.d.c.c.PublicChefController - Get chef details request received for chef 2b9ae655-331b-44dd-a316-505318613279
2026-02-28 01:44:45 [http-nio-8080-exec-6] INFO  c.d.d.c.s.impl.ChefReviewServiceImpl - Fetching all reviews for chef: 2b9ae655-331b-44dd-a316-505318613279
2026-02-28 01:44:45 [http-nio-8080-exec-4] INFO  c.d.d.c.s.impl.ChefReviewServiceImpl - Fetching all reviews for chef: 2b9ae655-331b-44dd-a316-505318613279
2026-02-28 01:44:45 [http-nio-8080-exec-6] INFO  c.d.d.c.s.impl.ChefReviewServiceImpl - Found 0 reviews for chef 2b9ae655-331b-44dd-a316-505318613279
2026-02-28 01:44:45 [http-nio-8080-exec-4] INFO  c.d.d.c.s.impl.ChefReviewServiceImpl - Found 0 reviews for chef 2b9ae655-331b-44dd-a316-505318613279
2026-02-28 01:44:45 [http-nio-8080-exec-4] INFO  c.d.d.c.c.ChefReviewController - Retrieved 0 reviews for chef 2b9ae655-331b-44dd-a316-505318613279
2026-02-28 01:44:45 [http-nio-8080-exec-6] INFO  c.d.d.c.c.ChefReviewController - Retrieved 0 reviews for chef 2b9ae655-331b-44dd-a316-505318613279
2026-02-28 01:44:45 [http-nio-8080-exec-8] INFO  c.d.d.c.c.PublicChefController - Successfully retrieved chef details for chef 2b9ae655-331b-44dd-a316-505318613279
2026-02-28 01:44:45 [http-nio-8080-exec-10] INFO  c.d.d.c.c.PublicChefController - Successfully retrieved chef details for chef 2b9ae655-331b-44dd-a316-505318613279
2026-02-28 01:44:46 [http-nio-8080-exec-3] INFO  c.d.d.c.c.PublicChefController - Successfully retrieved 1 plats for chef 2b9ae655-331b-44dd-a316-505318613279
2026-02-28 01:44:46 [http-nio-8080-exec-5] INFO  c.d.d.c.c.PublicChefController - Successfully retrieved 1 plats for chef 2b9ae655-331b-44dd-a316-505318613279
2026-02-28 01:44:48 [http-nio-8080-exec-1] INFO  c.d.d.p.c.PublicPlatController - Public request to get categories (location: 36.86185454999997, 10.162940019999994, radius: 30.0km)
2026-02-28 01:44:48 [http-nio-8080-exec-2] INFO  c.d.d.p.c.PublicPlatController - Public request to get categories (location: 36.86185454999997, 10.162940019999994, radius: 30.0km)
2026-02-28 01:44:48 [http-nio-8080-exec-7] INFO  c.d.d.p.c.PublicPlatController - Public search request - query: null, category: null, maxCookTime: null, minRating: null, sortBy: newest, sortOrder: desc, location: 36.86185454999997, 10.162940019999994, radius: 30.0km, page: 1, pageSize: 12
2026-02-28 01:44:48 [http-nio-8080-exec-9] INFO  c.d.d.p.c.PublicPlatController - Public search request - query: null, category: null, maxCookTime: null, minRating: null, sortBy: newest, sortOrder: desc, location: 36.86185454999997, 10.162940019999994, radius: 30.0km, page: 1, pageSize: 12
2026-02-28 01:44:48 [http-nio-8080-exec-1] INFO  c.d.d.p.c.PublicPlatController - Found 12 available plats before filtering
2026-02-28 01:44:48 [http-nio-8080-exec-9] INFO  c.d.d.p.c.PublicPlatController - Found 12 available plats in database
2026-02-28 01:44:48 [http-nio-8080-exec-7] INFO  c.d.d.p.c.PublicPlatController - Found 12 available plats in database
2026-02-28 01:44:48 [http-nio-8080-exec-2] INFO  c.d.d.p.c.PublicPlatController - Found 12 available plats before filtering
2026-02-28 01:44:48 [http-nio-8080-exec-1] INFO  c.d.dineo.common.util.GeocodingUtil - 📍 Parsed coordinates from address: [48.990280170713675, 2.0652013945627465]
2026-02-28 01:44:48 [http-nio-8080-exec-1] INFO  c.d.dineo.common.util.GeocodingUtil - ✅ Address is already coordinates: [48.990280170713675, 2.0652013945627465]
2026-02-28 01:44:48 [http-nio-8080-exec-2] INFO  c.d.dineo.common.util.GeocodingUtil - 📍 Parsed coordinates from address: [48.990280170713675, 2.0652013945627465]
2026-02-28 01:44:48 [http-nio-8080-exec-2] INFO  c.d.dineo.common.util.GeocodingUtil - ✅ Address is already coordinates: [48.990280170713675, 2.0652013945627465]
2026-02-28 01:44:48 [http-nio-8080-exec-1] INFO  c.d.dineo.common.util.GeocodingUtil - 📍 Parsed coordinates from address: [48.990280170713675, 2.0652013945627465]
2026-02-28 01:44:48 [http-nio-8080-exec-1] INFO  c.d.dineo.common.util.GeocodingUtil - ✅ Address is already coordinates: [48.990280170713675, 2.0652013945627465]
2026-02-28 01:44:48 [http-nio-8080-exec-2] INFO  c.d.dineo.common.util.GeocodingUtil - 📍 Parsed coordinates from address: [48.990280170713675, 2.0652013945627465]
2026-02-28 01:44:48 [http-nio-8080-exec-2] INFO  c.d.dineo.common.util.GeocodingUtil - ✅ Address is already coordinates: [48.990280170713675, 2.0652013945627465]
2026-02-28 01:44:48 [http-nio-8080-exec-9] INFO  c.d.d.p.c.PublicPlatController - 🔍 addDistanceToResponse called for plat: Noodels
2026-02-28 01:44:48 [http-nio-8080-exec-7] INFO  c.d.d.p.c.PublicPlatController - 🔍 addDistanceToResponse called for plat: Noodels
2026-02-28 01:44:49 [http-nio-8080-exec-7] INFO  c.d.d.p.c.PublicPlatController - 📍 Geocoding address for chef 51438312-db03-469c-b476-e4511f8e8e67: 48.990280170713675, 2.0652013945627465
2026-02-28 01:44:49 [http-nio-8080-exec-9] INFO  c.d.d.p.c.PublicPlatController - 📍 Geocoding address for chef 51438312-db03-469c-b476-e4511f8e8e67: 48.990280170713675, 2.0652013945627465
2026-02-28 01:44:49 [http-nio-8080-exec-7] INFO  c.d.dineo.common.util.GeocodingUtil - 📍 Parsed coordinates from address: [48.990280170713675, 2.0652013945627465]
2026-02-28 01:44:49 [http-nio-8080-exec-9] INFO  c.d.dineo.common.util.GeocodingUtil - 📍 Parsed coordinates from address: [48.990280170713675, 2.0652013945627465]
2026-02-28 01:44:49 [http-nio-8080-exec-7] INFO  c.d.dineo.common.util.GeocodingUtil - ✅ Address is already coordinates: [48.990280170713675, 2.0652013945627465]
2026-02-28 01:44:49 [http-nio-8080-exec-7] INFO  c.d.d.p.c.PublicPlatController - ✅ Geocoded to: [48.990280170713675, 2.0652013945627465]
2026-02-28 01:44:49 [http-nio-8080-exec-9] INFO  c.d.dineo.common.util.GeocodingUtil - ✅ Address is already coordinates: [48.990280170713675, 2.0652013945627465]
2026-02-28 01:44:49 [http-nio-8080-exec-7] INFO  c.d.d.p.c.PublicPlatController - ✅ Distance calculated for plat Noodels: 1499.1 km
2026-02-28 01:44:49 [http-nio-8080-exec-9] INFO  c.d.d.p.c.PublicPlatController - ✅ Geocoded to: [48.990280170713675, 2.0652013945627465]
2026-02-28 01:44:49 [http-nio-8080-exec-9] INFO  c.d.d.p.c.PublicPlatController - ✅ Distance calculated for plat Noodels: 1499.1 km
2026-02-28 01:44:49 [http-nio-8080-exec-1] INFO  c.d.dineo.common.util.GeocodingUtil - 📍 Parsed coordinates from address: [36.86798171618947, 10.170494516278797]
2026-02-28 01:44:49 [http-nio-8080-exec-1] INFO  c.d.dineo.common.util.GeocodingUtil - ✅ Address is already coordinates: [36.86798171618947, 10.170494516278797]
2026-02-28 01:44:49 [http-nio-8080-exec-2] INFO  c.d.dineo.common.util.GeocodingUtil - 📍 Parsed coordinates from address: [36.86798171618947, 10.170494516278797]
2026-02-28 01:44:49 [http-nio-8080-exec-2] INFO  c.d.dineo.common.util.GeocodingUtil - ✅ Address is already coordinates: [36.86798171618947, 10.170494516278797]
2026-02-28 01:44:49 [http-nio-8080-exec-1] INFO  c.d.dineo.common.util.GeocodingUtil - 📍 Parsed coordinates from address: [48.990280170713675, 2.0652013945627465]
2026-02-28 01:44:49 [http-nio-8080-exec-1] INFO  c.d.dineo.common.util.GeocodingUtil - ✅ Address is already coordinates: [48.990280170713675, 2.0652013945627465]
2026-02-28 01:44:49 [http-nio-8080-exec-2] INFO  c.d.dineo.common.util.GeocodingUtil - 📍 Parsed coordinates from address: [48.990280170713675, 2.0652013945627465]
2026-02-28 01:44:49 [http-nio-8080-exec-2] INFO  c.d.dineo.common.util.GeocodingUtil - ✅ Address is already coordinates: [48.990280170713675, 2.0652013945627465]
2026-02-28 01:44:49 [http-nio-8080-exec-7] INFO  c.d.d.p.c.PublicPlatController - 🔍 addDistanceToResponse called for plat: Fricassé
2026-02-28 01:44:49 [http-nio-8080-exec-9] INFO  c.d.d.p.c.PublicPlatController - 🔍 addDistanceToResponse called for plat: Fricassé
2026-02-28 01:44:49 [http-nio-8080-exec-2] INFO  c.d.dineo.common.util.GeocodingUtil - 📍 Parsed coordinates from address: [48.990280170713675, 2.0652013945627465]
2026-02-28 01:44:49 [http-nio-8080-exec-2] INFO  c.d.dineo.common.util.GeocodingUtil - ✅ Address is already coordinates: [48.990280170713675, 2.0652013945627465]
2026-02-28 01:44:49 [http-nio-8080-exec-1] INFO  c.d.dineo.common.util.GeocodingUtil - 📍 Parsed coordinates from address: [48.990280170713675, 2.0652013945627465]
2026-02-28 01:44:49 [http-nio-8080-exec-1] INFO  c.d.dineo.common.util.GeocodingUtil - ✅ Address is already coordinates: [48.990280170713675, 2.0652013945627465]
2026-02-28 01:44:50 [http-nio-8080-exec-7] INFO  c.d.d.p.c.PublicPlatController - 📍 Geocoding address for chef 51438312-db03-469c-b476-e4511f8e8e67: 48.990280170713675, 2.0652013945627465
2026-02-28 01:44:50 [http-nio-8080-exec-7] INFO  c.d.dineo.common.util.GeocodingUtil - 📍 Parsed coordinates from address: [48.990280170713675, 2.0652013945627465]
2026-02-28 01:44:50 [http-nio-8080-exec-7] INFO  c.d.dineo.common.util.GeocodingUtil - ✅ Address is already coordinates: [48.990280170713675, 2.0652013945627465]
2026-02-28 01:44:50 [http-nio-8080-exec-7] INFO  c.d.d.p.c.PublicPlatController - ✅ Geocoded to: [48.990280170713675, 2.0652013945627465]
2026-02-28 01:44:50 [http-nio-8080-exec-7] INFO  c.d.d.p.c.PublicPlatController - ✅ Distance calculated for plat Fricassé: 1499.1 km
2026-02-28 01:44:50 [http-nio-8080-exec-9] INFO  c.d.d.p.c.PublicPlatController - 📍 Geocoding address for chef 51438312-db03-469c-b476-e4511f8e8e67: 48.990280170713675, 2.0652013945627465
2026-02-28 01:44:50 [http-nio-8080-exec-9] INFO  c.d.dineo.common.util.GeocodingUtil - 📍 Parsed coordinates from address: [48.990280170713675, 2.0652013945627465]
2026-02-28 01:44:50 [http-nio-8080-exec-9] INFO  c.d.dineo.common.util.GeocodingUtil - ✅ Address is already coordinates: [48.990280170713675, 2.0652013945627465]
2026-02-28 01:44:50 [http-nio-8080-exec-9] INFO  c.d.d.p.c.PublicPlatController - ✅ Geocoded to: [48.990280170713675, 2.0652013945627465]
2026-02-28 01:44:50 [http-nio-8080-exec-9] INFO  c.d.d.p.c.PublicPlatController - ✅ Distance calculated for plat Fricassé: 1499.1 km
2026-02-28 01:44:50 [http-nio-8080-exec-2] INFO  c.d.dineo.common.util.GeocodingUtil - 📍 Parsed coordinates from address: [48.990280170713675, 2.0652013945627465]
2026-02-28 01:44:50 [http-nio-8080-exec-2] INFO  c.d.dineo.common.util.GeocodingUtil - ✅ Address is already coordinates: [48.990280170713675, 2.0652013945627465]
2026-02-28 01:44:50 [http-nio-8080-exec-1] INFO  c.d.dineo.common.util.GeocodingUtil - 📍 Parsed coordinates from address: [48.990280170713675, 2.0652013945627465]
2026-02-28 01:44:50 [http-nio-8080-exec-1] INFO  c.d.dineo.common.util.GeocodingUtil - ✅ Address is already coordinates: [48.990280170713675, 2.0652013945627465]
2026-02-28 01:44:50 [http-nio-8080-exec-2] INFO  c.d.dineo.common.util.GeocodingUtil - 📍 Parsed coordinates from address: [48.990280170713675, 2.0652013945627465]
2026-02-28 01:44:50 [http-nio-8080-exec-2] INFO  c.d.dineo.common.util.GeocodingUtil - ✅ Address is already coordinates: [48.990280170713675, 2.0652013945627465]
2026-02-28 01:44:50 [http-nio-8080-exec-1] INFO  c.d.dineo.common.util.GeocodingUtil - 📍 Parsed coordinates from address: [48.990280170713675, 2.0652013945627465]
2026-02-28 01:44:50 [http-nio-8080-exec-1] INFO  c.d.dineo.common.util.GeocodingUtil - ✅ Address is already coordinates: [48.990280170713675, 2.0652013945627465]
2026-02-28 01:44:50 [http-nio-8080-exec-1] INFO  c.d.dineo.common.util.GeocodingUtil - 📍 Parsed coordinates from address: [48.990280170713675, 2.0652013945627465]
2026-02-28 01:44:50 [http-nio-8080-exec-2] INFO  c.d.dineo.common.util.GeocodingUtil - 📍 Parsed coordinates from address: [48.990280170713675, 2.0652013945627465]
2026-02-28 01:44:50 [http-nio-8080-exec-2] INFO  c.d.dineo.common.util.GeocodingUtil - ✅ Address is already coordinates: [48.990280170713675, 2.0652013945627465]
2026-02-28 01:44:50 [http-nio-8080-exec-1] INFO  c.d.dineo.common.util.GeocodingUtil - ✅ Address is already coordinates: [48.990280170713675, 2.0652013945627465]
2026-02-28 01:44:50 [http-nio-8080-exec-9] INFO  c.d.d.p.c.PublicPlatController - 🔍 addDistanceToResponse called for plat: lasagne
2026-02-28 01:44:50 [http-nio-8080-exec-7] INFO  c.d.d.p.c.PublicPlatController - 🔍 addDistanceToResponse called for plat: lasagne
2026-02-28 01:44:50 [http-nio-8080-exec-2] INFO  c.d.dineo.common.util.GeocodingUtil - 📍 Parsed coordinates from address: [48.990280170713675, 2.0652013945627465]
2026-02-28 01:44:50 [http-nio-8080-exec-2] INFO  c.d.dineo.common.util.GeocodingUtil - ✅ Address is already coordinates: [48.990280170713675, 2.0652013945627465]
2026-02-28 01:44:50 [http-nio-8080-exec-1] INFO  c.d.dineo.common.util.GeocodingUtil - 📍 Parsed coordinates from address: [48.990280170713675, 2.0652013945627465]
2026-02-28 01:44:50 [http-nio-8080-exec-1] INFO  c.d.dineo.common.util.GeocodingUtil - ✅ Address is already coordinates: [48.990280170713675, 2.0652013945627465]
2026-02-28 01:44:51 [http-nio-8080-exec-7] INFO  c.d.d.p.c.PublicPlatController - 📍 Geocoding address for chef 2b9ae655-331b-44dd-a316-505318613279: 36.86798171618947, 10.170494516278797
2026-02-28 01:44:51 [http-nio-8080-exec-7] INFO  c.d.dineo.common.util.GeocodingUtil - 📍 Parsed coordinates from address: [36.86798171618947, 10.170494516278797]
2026-02-28 01:44:51 [http-nio-8080-exec-7] INFO  c.d.dineo.common.util.GeocodingUtil - ✅ Address is already coordinates: [36.86798171618947, 10.170494516278797]
2026-02-28 01:44:51 [http-nio-8080-exec-7] INFO  c.d.d.p.c.PublicPlatController - ✅ Geocoded to: [36.86798171618947, 10.170494516278797]
2026-02-28 01:44:51 [http-nio-8080-exec-7] INFO  c.d.d.p.c.PublicPlatController - ✅ Distance calculated for plat lasagne: 1.0 km
2026-02-28 01:44:51 [http-nio-8080-exec-9] INFO  c.d.d.p.c.PublicPlatController - 📍 Geocoding address for chef 2b9ae655-331b-44dd-a316-505318613279: 36.86798171618947, 10.170494516278797
2026-02-28 01:44:51 [http-nio-8080-exec-9] INFO  c.d.dineo.common.util.GeocodingUtil - 📍 Parsed coordinates from address: [36.86798171618947, 10.170494516278797]
2026-02-28 01:44:51 [http-nio-8080-exec-9] INFO  c.d.dineo.common.util.GeocodingUtil - ✅ Address is already coordinates: [36.86798171618947, 10.170494516278797]
2026-02-28 01:44:51 [http-nio-8080-exec-9] INFO  c.d.d.p.c.PublicPlatController - ✅ Geocoded to: [36.86798171618947, 10.170494516278797]
2026-02-28 01:44:51 [http-nio-8080-exec-9] INFO  c.d.d.p.c.PublicPlatController - ✅ Distance calculated for plat lasagne: 1.0 km
2026-02-28 01:44:51 [http-nio-8080-exec-1] INFO  c.d.dineo.common.util.GeocodingUtil - 📍 Parsed coordinates from address: [48.990280170713675, 2.0652013945627465]
2026-02-28 01:44:51 [http-nio-8080-exec-1] INFO  c.d.dineo.common.util.GeocodingUtil - ✅ Address is already coordinates: [48.990280170713675, 2.0652013945627465]
2026-02-28 01:44:51 [http-nio-8080-exec-2] INFO  c.d.dineo.common.util.GeocodingUtil - 📍 Parsed coordinates from address: [48.990280170713675, 2.0652013945627465]
2026-02-28 01:44:51 [http-nio-8080-exec-2] INFO  c.d.dineo.common.util.GeocodingUtil - ✅ Address is already coordinates: [48.990280170713675, 2.0652013945627465]
2026-02-28 01:44:51 [http-nio-8080-exec-1] INFO  c.d.dineo.common.util.GeocodingUtil - 📍 Parsed coordinates from address: [48.990280170713675, 2.0652013945627465]
2026-02-28 01:44:51 [http-nio-8080-exec-2] INFO  c.d.dineo.common.util.GeocodingUtil - 📍 Parsed coordinates from address: [48.990280170713675, 2.0652013945627465]
2026-02-28 01:44:51 [http-nio-8080-exec-1] INFO  c.d.dineo.common.util.GeocodingUtil - ✅ Address is already coordinates: [48.990280170713675, 2.0652013945627465]
2026-02-28 01:44:51 [http-nio-8080-exec-2] INFO  c.d.dineo.common.util.GeocodingUtil - ✅ Address is already coordinates: [48.990280170713675, 2.0652013945627465]
2026-02-28 01:44:51 [http-nio-8080-exec-7] INFO  c.d.d.p.c.PublicPlatController - 🔍 addDistanceToResponse called for plat: Tacos
2026-02-28 01:44:51 [http-nio-8080-exec-9] INFO  c.d.d.p.c.PublicPlatController - 🔍 addDistanceToResponse called for plat: Tacos
2026-02-28 01:44:51 [http-nio-8080-exec-1] INFO  c.d.dineo.common.util.GeocodingUtil - 📍 Parsed coordinates from address: [48.990280170713675, 2.0652013945627465]
2026-02-28 01:44:51 [http-nio-8080-exec-1] INFO  c.d.dineo.common.util.GeocodingUtil - ✅ Address is already coordinates: [48.990280170713675, 2.0652013945627465]
2026-02-28 01:44:51 [http-nio-8080-exec-1] INFO  c.d.d.p.c.PublicPlatController - After location filtering: 1 plats within 30.0km
2026-02-28 01:44:51 [http-nio-8080-exec-1] INFO  c.d.d.p.c.PublicPlatController - Found 2 unique categories from filtered plats
2026-02-28 01:44:51 [http-nio-8080-exec-2] INFO  c.d.dineo.common.util.GeocodingUtil - 📍 Parsed coordinates from address: [48.990280170713675, 2.0652013945627465]
2026-02-28 01:44:51 [http-nio-8080-exec-2] INFO  c.d.dineo.common.util.GeocodingUtil - ✅ Address is already coordinates: [48.990280170713675, 2.0652013945627465]
2026-02-28 01:44:51 [http-nio-8080-exec-2] INFO  c.d.d.p.c.PublicPlatController - After location filtering: 1 plats within 30.0km
2026-02-28 01:44:51 [http-nio-8080-exec-7] INFO  c.d.d.p.c.PublicPlatController - 📍 Geocoding address for chef 51438312-db03-469c-b476-e4511f8e8e67: 48.990280170713675, 2.0652013945627465
2026-02-28 01:44:51 [http-nio-8080-exec-7] INFO  c.d.dineo.common.util.GeocodingUtil - 📍 Parsed coordinates from address: [48.990280170713675, 2.0652013945627465]
2026-02-28 01:44:51 [http-nio-8080-exec-7] INFO  c.d.dineo.common.util.GeocodingUtil - ✅ Address is already coordinates: [48.990280170713675, 2.0652013945627465]
2026-02-28 01:44:51 [http-nio-8080-exec-7] INFO  c.d.d.p.c.PublicPlatController - ✅ Geocoded to: [48.990280170713675, 2.0652013945627465]
2026-02-28 01:44:51 [http-nio-8080-exec-2] INFO  c.d.d.p.c.PublicPlatController - Found 2 unique categories from filtered plats
2026-02-28 01:44:51 [http-nio-8080-exec-7] INFO  c.d.d.p.c.PublicPlatController - ✅ Distance calculated for plat Tacos: 1499.1 km
2026-02-28 01:44:51 [http-nio-8080-exec-9] INFO  c.d.d.p.c.PublicPlatController - 📍 Geocoding address for chef 51438312-db03-469c-b476-e4511f8e8e67: 48.990280170713675, 2.0652013945627465
2026-02-28 01:44:51 [http-nio-8080-exec-9] INFO  c.d.dineo.common.util.GeocodingUtil - 📍 Parsed coordinates from address: [48.990280170713675, 2.0652013945627465]
2026-02-28 01:44:51 [http-nio-8080-exec-9] INFO  c.d.dineo.common.util.GeocodingUtil - ✅ Address is already coordinates: [48.990280170713675, 2.0652013945627465]
2026-02-28 01:44:51 [http-nio-8080-exec-9] INFO  c.d.d.p.c.PublicPlatController - ✅ Geocoded to: [48.990280170713675, 2.0652013945627465]
2026-02-28 01:44:51 [http-nio-8080-exec-9] INFO  c.d.d.p.c.PublicPlatController - ✅ Distance calculated for plat Tacos: 1499.1 km
2026-02-28 01:44:52 [http-nio-8080-exec-7] INFO  c.d.d.p.c.PublicPlatController - 🔍 addDistanceToResponse called for plat: Tiramisu
2026-02-28 01:44:52 [http-nio-8080-exec-9] INFO  c.d.d.p.c.PublicPlatController - 🔍 addDistanceToResponse called for plat: Tiramisu
2026-02-28 01:44:52 [http-nio-8080-exec-7] INFO  c.d.d.p.c.PublicPlatController - 📍 Geocoding address for chef 51438312-db03-469c-b476-e4511f8e8e67: 48.990280170713675, 2.0652013945627465
2026-02-28 01:44:52 [http-nio-8080-exec-7] INFO  c.d.dineo.common.util.GeocodingUtil - 📍 Parsed coordinates from address: [48.990280170713675, 2.0652013945627465]
2026-02-28 01:44:52 [http-nio-8080-exec-7] INFO  c.d.dineo.common.util.GeocodingUtil - ✅ Address is already coordinates: [48.990280170713675, 2.0652013945627465]
2026-02-28 01:44:52 [http-nio-8080-exec-7] INFO  c.d.d.p.c.PublicPlatController - ✅ Geocoded to: [48.990280170713675, 2.0652013945627465]
2026-02-28 01:44:52 [http-nio-8080-exec-7] INFO  c.d.d.p.c.PublicPlatController - ✅ Distance calculated for plat Tiramisu: 1499.1 km
2026-02-28 01:44:52 [http-nio-8080-exec-9] INFO  c.d.d.p.c.PublicPlatController - 📍 Geocoding address for chef 51438312-db03-469c-b476-e4511f8e8e67: 48.990280170713675, 2.0652013945627465
2026-02-28 01:44:52 [http-nio-8080-exec-9] INFO  c.d.dineo.common.util.GeocodingUtil - 📍 Parsed coordinates from address: [48.990280170713675, 2.0652013945627465]
2026-02-28 01:44:52 [http-nio-8080-exec-9] INFO  c.d.dineo.common.util.GeocodingUtil - ✅ Address is already coordinates: [48.990280170713675, 2.0652013945627465]
2026-02-28 01:44:52 [http-nio-8080-exec-9] INFO  c.d.d.p.c.PublicPlatController - ✅ Geocoded to: [48.990280170713675, 2.0652013945627465]
2026-02-28 01:44:52 [http-nio-8080-exec-9] INFO  c.d.d.p.c.PublicPlatController - ✅ Distance calculated for plat Tiramisu: 1499.1 km
2026-02-28 01:44:53 [http-nio-8080-exec-7] INFO  c.d.d.p.c.PublicPlatController - 🔍 addDistanceToResponse called for plat: Steak
2026-02-28 01:44:53 [http-nio-8080-exec-9] INFO  c.d.d.p.c.PublicPlatController - 🔍 addDistanceToResponse called for plat: Steak
2026-02-28 01:44:53 [http-nio-8080-exec-7] INFO  c.d.d.p.c.PublicPlatController - 📍 Geocoding address for chef 51438312-db03-469c-b476-e4511f8e8e67: 48.990280170713675, 2.0652013945627465
2026-02-28 01:44:53 [http-nio-8080-exec-7] INFO  c.d.dineo.common.util.GeocodingUtil - 📍 Parsed coordinates from address: [48.990280170713675, 2.0652013945627465]
2026-02-28 01:44:53 [http-nio-8080-exec-7] INFO  c.d.dineo.common.util.GeocodingUtil - ✅ Address is already coordinates: [48.990280170713675, 2.0652013945627465]
2026-02-28 01:44:53 [http-nio-8080-exec-7] INFO  c.d.d.p.c.PublicPlatController - ✅ Geocoded to: [48.990280170713675, 2.0652013945627465]
2026-02-28 01:44:53 [http-nio-8080-exec-7] INFO  c.d.d.p.c.PublicPlatController - ✅ Distance calculated for plat Steak: 1499.1 km
2026-02-28 01:44:53 [http-nio-8080-exec-9] INFO  c.d.d.p.c.PublicPlatController - 📍 Geocoding address for chef 51438312-db03-469c-b476-e4511f8e8e67: 48.990280170713675, 2.0652013945627465
2026-02-28 01:44:53 [http-nio-8080-exec-9] INFO  c.d.dineo.common.util.GeocodingUtil - 📍 Parsed coordinates from address: [48.990280170713675, 2.0652013945627465]
2026-02-28 01:44:53 [http-nio-8080-exec-9] INFO  c.d.dineo.common.util.GeocodingUtil - ✅ Address is already coordinates: [48.990280170713675, 2.0652013945627465]
2026-02-28 01:44:53 [http-nio-8080-exec-9] INFO  c.d.d.p.c.PublicPlatController - ✅ Geocoded to: [48.990280170713675, 2.0652013945627465]
2026-02-28 01:44:53 [http-nio-8080-exec-9] INFO  c.d.d.p.c.PublicPlatController - ✅ Distance calculated for plat Steak: 1499.1 km
2026-02-28 01:44:53 [http-nio-8080-exec-7] INFO  c.d.d.p.c.PublicPlatController - 🔍 addDistanceToResponse called for plat: Kouskous tunisien
2026-02-28 01:44:54 [http-nio-8080-exec-9] INFO  c.d.d.p.c.PublicPlatController - 🔍 addDistanceToResponse called for plat: Kouskous tunisien
2026-02-28 01:44:54 [http-nio-8080-exec-7] INFO  c.d.d.p.c.PublicPlatController - 📍 Geocoding address for chef 51438312-db03-469c-b476-e4511f8e8e67: 48.990280170713675, 2.0652013945627465
2026-02-28 01:44:54 [http-nio-8080-exec-7] INFO  c.d.dineo.common.util.GeocodingUtil - 📍 Parsed coordinates from address: [48.990280170713675, 2.0652013945627465]
2026-02-28 01:44:54 [http-nio-8080-exec-7] INFO  c.d.dineo.common.util.GeocodingUtil - ✅ Address is already coordinates: [48.990280170713675, 2.0652013945627465]
2026-02-28 01:44:54 [http-nio-8080-exec-7] INFO  c.d.d.p.c.PublicPlatController - ✅ Geocoded to: [48.990280170713675, 2.0652013945627465]
2026-02-28 01:44:54 [http-nio-8080-exec-7] INFO  c.d.d.p.c.PublicPlatController - ✅ Distance calculated for plat Kouskous tunisien: 1499.1 km
2026-02-28 01:44:54 [http-nio-8080-exec-9] INFO  c.d.d.p.c.PublicPlatController - 📍 Geocoding address for chef 51438312-db03-469c-b476-e4511f8e8e67: 48.990280170713675, 2.0652013945627465
2026-02-28 01:44:54 [http-nio-8080-exec-9] INFO  c.d.dineo.common.util.GeocodingUtil - 📍 Parsed coordinates from address: [48.990280170713675, 2.0652013945627465]
2026-02-28 01:44:54 [http-nio-8080-exec-9] INFO  c.d.dineo.common.util.GeocodingUtil - ✅ Address is already coordinates: [48.990280170713675, 2.0652013945627465]
2026-02-28 01:44:54 [http-nio-8080-exec-9] INFO  c.d.d.p.c.PublicPlatController - ✅ Geocoded to: [48.990280170713675, 2.0652013945627465]
2026-02-28 01:44:54 [http-nio-8080-exec-9] INFO  c.d.d.p.c.PublicPlatController - ✅ Distance calculated for plat Kouskous tunisien: 1499.1 km
2026-02-28 01:44:54 [http-nio-8080-exec-7] INFO  c.d.d.p.c.PublicPlatController - 🔍 addDistanceToResponse called for plat: Sushi
2026-02-28 01:44:54 [http-nio-8080-exec-9] INFO  c.d.d.p.c.PublicPlatController - 🔍 addDistanceToResponse called for plat: Sushi
2026-02-28 01:44:55 [http-nio-8080-exec-7] INFO  c.d.d.p.c.PublicPlatController - 📍 Geocoding address for chef 51438312-db03-469c-b476-e4511f8e8e67: 48.990280170713675, 2.0652013945627465
2026-02-28 01:44:55 [http-nio-8080-exec-7] INFO  c.d.dineo.common.util.GeocodingUtil - 📍 Parsed coordinates from address: [48.990280170713675, 2.0652013945627465]
2026-02-28 01:44:55 [http-nio-8080-exec-7] INFO  c.d.dineo.common.util.GeocodingUtil - ✅ Address is already coordinates: [48.990280170713675, 2.0652013945627465]
2026-02-28 01:44:55 [http-nio-8080-exec-7] INFO  c.d.d.p.c.PublicPlatController - ✅ Geocoded to: [48.990280170713675, 2.0652013945627465]
2026-02-28 01:44:55 [http-nio-8080-exec-7] INFO  c.d.d.p.c.PublicPlatController - ✅ Distance calculated for plat Sushi: 1499.1 km
2026-02-28 01:44:55 [http-nio-8080-exec-9] INFO  c.d.d.p.c.PublicPlatController - 📍 Geocoding address for chef 51438312-db03-469c-b476-e4511f8e8e67: 48.990280170713675, 2.0652013945627465
2026-02-28 01:44:55 [http-nio-8080-exec-9] INFO  c.d.dineo.common.util.GeocodingUtil - 📍 Parsed coordinates from address: [48.990280170713675, 2.0652013945627465]
2026-02-28 01:44:55 [http-nio-8080-exec-9] INFO  c.d.dineo.common.util.GeocodingUtil - ✅ Address is already coordinates: [48.990280170713675, 2.0652013945627465]
2026-02-28 01:44:55 [http-nio-8080-exec-9] INFO  c.d.d.p.c.PublicPlatController - ✅ Geocoded to: [48.990280170713675, 2.0652013945627465]
2026-02-28 01:44:55 [http-nio-8080-exec-9] INFO  c.d.d.p.c.PublicPlatController - ✅ Distance calculated for plat Sushi: 1499.1 km
2026-02-28 01:44:55 [http-nio-8080-exec-7] INFO  c.d.d.p.c.PublicPlatController - 🔍 addDistanceToResponse called for plat: Salade César
2026-02-28 01:44:55 [http-nio-8080-exec-9] INFO  c.d.d.p.c.PublicPlatController - 🔍 addDistanceToResponse called for plat: Salade César
2026-02-28 01:44:55 [http-nio-8080-exec-7] INFO  c.d.d.p.c.PublicPlatController - 📍 Geocoding address for chef 51438312-db03-469c-b476-e4511f8e8e67: 48.990280170713675, 2.0652013945627465
2026-02-28 01:44:55 [http-nio-8080-exec-7] INFO  c.d.dineo.common.util.GeocodingUtil - 📍 Parsed coordinates from address: [48.990280170713675, 2.0652013945627465]
2026-02-28 01:44:55 [http-nio-8080-exec-7] INFO  c.d.dineo.common.util.GeocodingUtil - ✅ Address is already coordinates: [48.990280170713675, 2.0652013945627465]
2026-02-28 01:44:55 [http-nio-8080-exec-7] INFO  c.d.d.p.c.PublicPlatController - ✅ Geocoded to: [48.990280170713675, 2.0652013945627465]
2026-02-28 01:44:55 [http-nio-8080-exec-7] INFO  c.d.d.p.c.PublicPlatController - ✅ Distance calculated for plat Salade César: 1499.1 km
2026-02-28 01:44:56 [http-nio-8080-exec-9] INFO  c.d.d.p.c.PublicPlatController - 📍 Geocoding address for chef 51438312-db03-469c-b476-e4511f8e8e67: 48.990280170713675, 2.0652013945627465
2026-02-28 01:44:56 [http-nio-8080-exec-9] INFO  c.d.dineo.common.util.GeocodingUtil - 📍 Parsed coordinates from address: [48.990280170713675, 2.0652013945627465]
2026-02-28 01:44:56 [http-nio-8080-exec-9] INFO  c.d.dineo.common.util.GeocodingUtil - ✅ Address is already coordinates: [48.990280170713675, 2.0652013945627465]
2026-02-28 01:44:56 [http-nio-8080-exec-9] INFO  c.d.d.p.c.PublicPlatController - ✅ Geocoded to: [48.990280170713675, 2.0652013945627465]
2026-02-28 01:44:56 [http-nio-8080-exec-9] INFO  c.d.d.p.c.PublicPlatController - ✅ Distance calculated for plat Salade César: 1499.1 km
2026-02-28 01:44:56 [http-nio-8080-exec-7] INFO  c.d.d.p.c.PublicPlatController - 🔍 addDistanceToResponse called for plat: Pizza
2026-02-28 01:44:56 [http-nio-8080-exec-9] INFO  c.d.d.p.c.PublicPlatController - 🔍 addDistanceToResponse called for plat: Pizza
2026-02-28 01:44:56 [http-nio-8080-exec-7] INFO  c.d.d.p.c.PublicPlatController - 📍 Geocoding address for chef 51438312-db03-469c-b476-e4511f8e8e67: 48.990280170713675, 2.0652013945627465
2026-02-28 01:44:56 [http-nio-8080-exec-7] INFO  c.d.dineo.common.util.GeocodingUtil - 📍 Parsed coordinates from address: [48.990280170713675, 2.0652013945627465]
2026-02-28 01:44:56 [http-nio-8080-exec-7] INFO  c.d.dineo.common.util.GeocodingUtil - ✅ Address is already coordinates: [48.990280170713675, 2.0652013945627465]
2026-02-28 01:44:56 [http-nio-8080-exec-7] INFO  c.d.d.p.c.PublicPlatController - ✅ Geocoded to: [48.990280170713675, 2.0652013945627465]
2026-02-28 01:44:56 [http-nio-8080-exec-7] INFO  c.d.d.p.c.PublicPlatController - ✅ Distance calculated for plat Pizza: 1499.1 km
2026-02-28 01:44:56 [http-nio-8080-exec-9] INFO  c.d.d.p.c.PublicPlatController - 📍 Geocoding address for chef 51438312-db03-469c-b476-e4511f8e8e67: 48.990280170713675, 2.0652013945627465
2026-02-28 01:44:56 [http-nio-8080-exec-9] INFO  c.d.dineo.common.util.GeocodingUtil - 📍 Parsed coordinates from address: [48.990280170713675, 2.0652013945627465]
2026-02-28 01:44:56 [http-nio-8080-exec-9] INFO  c.d.dineo.common.util.GeocodingUtil - ✅ Address is already coordinates: [48.990280170713675, 2.0652013945627465]
2026-02-28 01:44:56 [http-nio-8080-exec-9] INFO  c.d.d.p.c.PublicPlatController - ✅ Geocoded to: [48.990280170713675, 2.0652013945627465]
2026-02-28 01:44:56 [http-nio-8080-exec-9] INFO  c.d.d.p.c.PublicPlatController - ✅ Distance calculated for plat Pizza: 1499.1 km
2026-02-28 01:44:57 [http-nio-8080-exec-7] INFO  c.d.d.p.c.PublicPlatController - 🔍 addDistanceToResponse called for plat: Plat fruit de mer
2026-02-28 01:44:57 [http-nio-8080-exec-9] INFO  c.d.d.p.c.PublicPlatController - 🔍 addDistanceToResponse called for plat: Plat fruit de mer
2026-02-28 01:44:57 [http-nio-8080-exec-7] INFO  c.d.d.p.c.PublicPlatController - 📍 Geocoding address for chef 51438312-db03-469c-b476-e4511f8e8e67: 48.990280170713675, 2.0652013945627465
2026-02-28 01:44:57 [http-nio-8080-exec-7] INFO  c.d.dineo.common.util.GeocodingUtil - 📍 Parsed coordinates from address: [48.990280170713675, 2.0652013945627465]
2026-02-28 01:44:57 [http-nio-8080-exec-7] INFO  c.d.dineo.common.util.GeocodingUtil - ✅ Address is already coordinates: [48.990280170713675, 2.0652013945627465]
2026-02-28 01:44:57 [http-nio-8080-exec-7] INFO  c.d.d.p.c.PublicPlatController - ✅ Geocoded to: [48.990280170713675, 2.0652013945627465]
2026-02-28 01:44:57 [http-nio-8080-exec-7] INFO  c.d.d.p.c.PublicPlatController - ✅ Distance calculated for plat Plat fruit de mer: 1499.1 km
2026-02-28 01:44:57 [http-nio-8080-exec-9] INFO  c.d.d.p.c.PublicPlatController - 📍 Geocoding address for chef 51438312-db03-469c-b476-e4511f8e8e67: 48.990280170713675, 2.0652013945627465
2026-02-28 01:44:57 [http-nio-8080-exec-9] INFO  c.d.dineo.common.util.GeocodingUtil - 📍 Parsed coordinates from address: [48.990280170713675, 2.0652013945627465]
2026-02-28 01:44:57 [http-nio-8080-exec-9] INFO  c.d.dineo.common.util.GeocodingUtil - ✅ Address is already coordinates: [48.990280170713675, 2.0652013945627465]
2026-02-28 01:44:57 [http-nio-8080-exec-9] INFO  c.d.d.p.c.PublicPlatController - ✅ Geocoded to: [48.990280170713675, 2.0652013945627465]
2026-02-28 01:44:57 [http-nio-8080-exec-9] INFO  c.d.d.p.c.PublicPlatController - ✅ Distance calculated for plat Plat fruit de mer: 1499.1 km
2026-02-28 01:44:58 [http-nio-8080-exec-7] INFO  c.d.d.p.c.PublicPlatController - 🔍 addDistanceToResponse called for plat: Par-là
2026-02-28 01:44:58 [http-nio-8080-exec-9] INFO  c.d.d.p.c.PublicPlatController - 🔍 addDistanceToResponse called for plat: Par-là
2026-02-28 01:44:58 [http-nio-8080-exec-7] INFO  c.d.d.p.c.PublicPlatController - 📍 Geocoding address for chef 51438312-db03-469c-b476-e4511f8e8e67: 48.990280170713675, 2.0652013945627465
2026-02-28 01:44:58 [http-nio-8080-exec-7] INFO  c.d.dineo.common.util.GeocodingUtil - 📍 Parsed coordinates from address: [48.990280170713675, 2.0652013945627465]
2026-02-28 01:44:58 [http-nio-8080-exec-7] INFO  c.d.dineo.common.util.GeocodingUtil - ✅ Address is already coordinates: [48.990280170713675, 2.0652013945627465]
2026-02-28 01:44:58 [http-nio-8080-exec-7] INFO  c.d.d.p.c.PublicPlatController - ✅ Geocoded to: [48.990280170713675, 2.0652013945627465]
2026-02-28 01:44:58 [http-nio-8080-exec-7] INFO  c.d.d.p.c.PublicPlatController - ✅ Distance calculated for plat Par-là: 1499.1 km
2026-02-28 01:44:58 [http-nio-8080-exec-7] INFO  c.d.d.p.c.PublicPlatController - After all filters: 1 plats remaining
2026-02-28 01:44:58 [http-nio-8080-exec-7] INFO  c.d.d.p.c.PublicPlatController - Search returned 1 total results, page 1/1
2026-02-28 01:44:58 [http-nio-8080-exec-9] INFO  c.d.d.p.c.PublicPlatController - 📍 Geocoding address for chef 51438312-db03-469c-b476-e4511f8e8e67: 48.990280170713675, 2.0652013945627465
2026-02-28 01:44:58 [http-nio-8080-exec-9] INFO  c.d.dineo.common.util.GeocodingUtil - 📍 Parsed coordinates from address: [48.990280170713675, 2.0652013945627465]
2026-02-28 01:44:58 [http-nio-8080-exec-9] INFO  c.d.dineo.common.util.GeocodingUtil - ✅ Address is already coordinates: [48.990280170713675, 2.0652013945627465]
2026-02-28 01:44:58 [http-nio-8080-exec-9] INFO  c.d.d.p.c.PublicPlatController - ✅ Geocoded to: [48.990280170713675, 2.0652013945627465]
2026-02-28 01:44:58 [http-nio-8080-exec-9] INFO  c.d.d.p.c.PublicPlatController - ✅ Distance calculated for plat Par-là: 1499.1 km
2026-02-28 01:44:58 [http-nio-8080-exec-9] INFO  c.d.d.p.c.PublicPlatController - After all filters: 1 plats remaining
2026-02-28 01:44:58 [http-nio-8080-exec-9] INFO  c.d.d.p.c.PublicPlatController - Search returned 1 total results, page 1/1
2026-02-28 01:45:03 [http-nio-8080-exec-6] INFO  c.d.d.p.c.PublicPlatController - Public request to get categories (location: 36.86185454999997, 10.162940019999994, radius: 30.0km)
2026-02-28 01:45:03 [http-nio-8080-exec-4] INFO  c.d.d.p.c.PublicPlatController - Public search request - query: null, category: null, maxCookTime: null, minRating: null, sortBy: newest, sortOrder: desc, location: 36.86185454999997, 10.162940019999994, radius: 30.0km, page: 1, pageSize: 12
2026-02-28 01:45:03 [http-nio-8080-exec-8] INFO  c.d.d.p.c.PublicPlatController - Public request to get categories (location: 36.86185454999997, 10.162940019999994, radius: 30.0km)
2026-02-28 01:45:03 [http-nio-8080-exec-10] INFO  c.d.d.p.c.PublicPlatController - Public search request - query: null, category: null, maxCookTime: null, minRating: null, sortBy: newest, sortOrder: desc, location: 36.86185454999997, 10.162940019999994, radius: 30.0km, page: 1, pageSize: 12
2026-02-28 01:45:03 [http-nio-8080-exec-8] INFO  c.d.d.p.c.PublicPlatController - Found 12 available plats before filtering
2026-02-28 01:45:03 [http-nio-8080-exec-6] INFO  c.d.d.p.c.PublicPlatController - Found 12 available plats before filtering
2026-02-28 01:45:03 [http-nio-8080-exec-10] INFO  c.d.d.p.c.PublicPlatController - Found 12 available plats in database
2026-02-28 01:45:03 [http-nio-8080-exec-4] INFO  c.d.d.p.c.PublicPlatController - Found 12 available plats in database
2026-02-28 01:45:03 [http-nio-8080-exec-8] INFO  c.d.dineo.common.util.GeocodingUtil - 📍 Parsed coordinates from address: [48.990280170713675, 2.0652013945627465]
2026-02-28 01:45:03 [http-nio-8080-exec-8] INFO  c.d.dineo.common.util.GeocodingUtil - ✅ Address is already coordinates: [48.990280170713675, 2.0652013945627465]
2026-02-28 01:45:03 [http-nio-8080-exec-6] INFO  c.d.dineo.common.util.GeocodingUtil - 📍 Parsed coordinates from address: [48.990280170713675, 2.0652013945627465]
2026-02-28 01:45:03 [http-nio-8080-exec-6] INFO  c.d.dineo.common.util.GeocodingUtil - ✅ Address is already coordinates: [48.990280170713675, 2.0652013945627465]
2026-02-28 01:45:04 [http-nio-8080-exec-8] INFO  c.d.dineo.common.util.GeocodingUtil - 📍 Parsed coordinates from address: [48.990280170713675, 2.0652013945627465]
2026-02-28 01:45:04 [http-nio-8080-exec-8] INFO  c.d.dineo.common.util.GeocodingUtil - ✅ Address is already coordinates: [48.990280170713675, 2.0652013945627465]
2026-02-28 01:45:04 [http-nio-8080-exec-6] INFO  c.d.dineo.common.util.GeocodingUtil - 📍 Parsed coordinates from address: [48.990280170713675, 2.0652013945627465]
2026-02-28 01:45:04 [http-nio-8080-exec-6] INFO  c.d.dineo.common.util.GeocodingUtil - ✅ Address is already coordinates: [48.990280170713675, 2.0652013945627465]
2026-02-28 01:45:04 [http-nio-8080-exec-10] INFO  c.d.d.p.c.PublicPlatController - 🔍 addDistanceToResponse called for plat: Noodels
2026-02-28 01:45:04 [http-nio-8080-exec-4] INFO  c.d.d.p.c.PublicPlatController - 🔍 addDistanceToResponse called for plat: Noodels
2026-02-28 01:45:04 [http-nio-8080-exec-8] INFO  c.d.dineo.common.util.GeocodingUtil - 📍 Parsed coordinates from address: [36.86798171618947, 10.170494516278797]
2026-02-28 01:45:04 [http-nio-8080-exec-8] INFO  c.d.dineo.common.util.GeocodingUtil - ✅ Address is already coordinates: [36.86798171618947, 10.170494516278797]
2026-02-28 01:45:04 [http-nio-8080-exec-10] INFO  c.d.d.p.c.PublicPlatController - 📍 Geocoding address for chef 51438312-db03-469c-b476-e4511f8e8e67: 48.990280170713675, 2.0652013945627465
2026-02-28 01:45:04 [http-nio-8080-exec-10] INFO  c.d.dineo.common.util.GeocodingUtil - 📍 Parsed coordinates from address: [48.990280170713675, 2.0652013945627465]
2026-02-28 01:45:04 [http-nio-8080-exec-10] INFO  c.d.dineo.common.util.GeocodingUtil - ✅ Address is already coordinates: [48.990280170713675, 2.0652013945627465]
2026-02-28 01:45:04 [http-nio-8080-exec-10] INFO  c.d.d.p.c.PublicPlatController - ✅ Geocoded to: [48.990280170713675, 2.0652013945627465]
2026-02-28 01:45:04 [http-nio-8080-exec-10] INFO  c.d.d.p.c.PublicPlatController - ✅ Distance calculated for plat Noodels: 1499.1 km
2026-02-28 01:45:04 [http-nio-8080-exec-4] INFO  c.d.d.p.c.PublicPlatController - 📍 Geocoding address for chef 51438312-db03-469c-b476-e4511f8e8e67: 48.990280170713675, 2.0652013945627465
2026-02-28 01:45:04 [http-nio-8080-exec-4] INFO  c.d.dineo.common.util.GeocodingUtil - 📍 Parsed coordinates from address: [48.990280170713675, 2.0652013945627465]
2026-02-28 01:45:04 [http-nio-8080-exec-4] INFO  c.d.dineo.common.util.GeocodingUtil - ✅ Address is already coordinates: [48.990280170713675, 2.0652013945627465]
2026-02-28 01:45:04 [http-nio-8080-exec-4] INFO  c.d.d.p.c.PublicPlatController - ✅ Geocoded to: [48.990280170713675, 2.0652013945627465]
2026-02-28 01:45:04 [http-nio-8080-exec-4] INFO  c.d.d.p.c.PublicPlatController - ✅ Distance calculated for plat Noodels: 1499.1 km
2026-02-28 01:45:04 [http-nio-8080-exec-6] INFO  c.d.dineo.common.util.GeocodingUtil - 📍 Parsed coordinates from address: [36.86798171618947, 10.170494516278797]
2026-02-28 01:45:04 [http-nio-8080-exec-6] INFO  c.d.dineo.common.util.GeocodingUtil - ✅ Address is already coordinates: [36.86798171618947, 10.170494516278797]
2026-02-28 01:45:04 [http-nio-8080-exec-8] INFO  c.d.dineo.common.util.GeocodingUtil - 📍 Parsed coordinates from address: [48.990280170713675, 2.0652013945627465]
2026-02-28 01:45:04 [http-nio-8080-exec-8] INFO  c.d.dineo.common.util.GeocodingUtil - ✅ Address is already coordinates: [48.990280170713675, 2.0652013945627465]
2026-02-28 01:45:04 [http-nio-8080-exec-6] INFO  c.d.dineo.common.util.GeocodingUtil - 📍 Parsed coordinates from address: [48.990280170713675, 2.0652013945627465]
2026-02-28 01:45:04 [http-nio-8080-exec-6] INFO  c.d.dineo.common.util.GeocodingUtil - ✅ Address is already coordinates: [48.990280170713675, 2.0652013945627465]
2026-02-28 01:45:05 [http-nio-8080-exec-8] INFO  c.d.dineo.common.util.GeocodingUtil - 📍 Parsed coordinates from address: [48.990280170713675, 2.0652013945627465]
2026-02-28 01:45:05 [http-nio-8080-exec-8] INFO  c.d.dineo.common.util.GeocodingUtil - ✅ Address is already coordinates: [48.990280170713675, 2.0652013945627465]
2026-02-28 01:45:05 [http-nio-8080-exec-10] INFO  c.d.d.p.c.PublicPlatController - 🔍 addDistanceToResponse called for plat: Fricassé
2026-02-28 01:45:05 [http-nio-8080-exec-6] INFO  c.d.dineo.common.util.GeocodingUtil - 📍 Parsed coordinates from address: [48.990280170713675, 2.0652013945627465]
2026-02-28 01:45:05 [http-nio-8080-exec-4] INFO  c.d.d.p.c.PublicPlatController - 🔍 addDistanceToResponse called for plat: Fricassé
2026-02-28 01:45:05 [http-nio-8080-exec-6] INFO  c.d.dineo.common.util.GeocodingUtil - ✅ Address is already coordinates: [48.990280170713675, 2.0652013945627465]
2026-02-28 01:45:05 [http-nio-8080-exec-8] INFO  c.d.dineo.common.util.GeocodingUtil - 📍 Parsed coordinates from address: [48.990280170713675, 2.0652013945627465]
2026-02-28 01:45:05 [http-nio-8080-exec-8] INFO  c.d.dineo.common.util.GeocodingUtil - ✅ Address is already coordinates: [48.990280170713675, 2.0652013945627465]
2026-02-28 01:45:05 [http-nio-8080-exec-10] INFO  c.d.d.p.c.PublicPlatController - 📍 Geocoding address for chef 51438312-db03-469c-b476-e4511f8e8e67: 48.990280170713675, 2.0652013945627465
2026-02-28 01:45:05 [http-nio-8080-exec-10] INFO  c.d.dineo.common.util.GeocodingUtil - 📍 Parsed coordinates from address: [48.990280170713675, 2.0652013945627465]
2026-02-28 01:45:05 [http-nio-8080-exec-10] INFO  c.d.dineo.common.util.GeocodingUtil - ✅ Address is already coordinates: [48.990280170713675, 2.0652013945627465]
2026-02-28 01:45:05 [http-nio-8080-exec-10] INFO  c.d.d.p.c.PublicPlatController - ✅ Geocoded to: [48.990280170713675, 2.0652013945627465]
2026-02-28 01:45:05 [http-nio-8080-exec-10] INFO  c.d.d.p.c.PublicPlatController - ✅ Distance calculated for plat Fricassé: 1499.1 km
2026-02-28 01:45:05 [http-nio-8080-exec-4] INFO  c.d.d.p.c.PublicPlatController - 📍 Geocoding address for chef 51438312-db03-469c-b476-e4511f8e8e67: 48.990280170713675, 2.0652013945627465
2026-02-28 01:45:05 [http-nio-8080-exec-4] INFO  c.d.dineo.common.util.GeocodingUtil - 📍 Parsed coordinates from address: [48.990280170713675, 2.0652013945627465]
2026-02-28 01:45:05 [http-nio-8080-exec-4] INFO  c.d.dineo.common.util.GeocodingUtil - ✅ Address is already coordinates: [48.990280170713675, 2.0652013945627465]
2026-02-28 01:45:05 [http-nio-8080-exec-4] INFO  c.d.d.p.c.PublicPlatController - ✅ Geocoded to: [48.990280170713675, 2.0652013945627465]
2026-02-28 01:45:05 [http-nio-8080-exec-4] INFO  c.d.d.p.c.PublicPlatController - ✅ Distance calculated for plat Fricassé: 1499.1 km
2026-02-28 01:45:05 [http-nio-8080-exec-6] INFO  c.d.dineo.common.util.GeocodingUtil - 📍 Parsed coordinates from address: [48.990280170713675, 2.0652013945627465]
2026-02-28 01:45:05 [http-nio-8080-exec-6] INFO  c.d.dineo.common.util.GeocodingUtil - ✅ Address is already coordinates: [48.990280170713675, 2.0652013945627465]
2026-02-28 01:45:05 [http-nio-8080-exec-8] INFO  c.d.dineo.common.util.GeocodingUtil - 📍 Parsed coordinates from address: [48.990280170713675, 2.0652013945627465]
2026-02-28 01:45:05 [http-nio-8080-exec-8] INFO  c.d.dineo.common.util.GeocodingUtil - ✅ Address is already coordinates: [48.990280170713675, 2.0652013945627465]
2026-02-28 01:45:05 [http-nio-8080-exec-6] INFO  c.d.dineo.common.util.GeocodingUtil - 📍 Parsed coordinates from address: [48.990280170713675, 2.0652013945627465]
2026-02-28 01:45:05 [http-nio-8080-exec-6] INFO  c.d.dineo.common.util.GeocodingUtil - ✅ Address is already coordinates: [48.990280170713675, 2.0652013945627465]
2026-02-28 01:45:05 [http-nio-8080-exec-8] INFO  c.d.dineo.common.util.GeocodingUtil - 📍 Parsed coordinates from address: [48.990280170713675, 2.0652013945627465]
2026-02-28 01:45:05 [http-nio-8080-exec-8] INFO  c.d.dineo.common.util.GeocodingUtil - ✅ Address is already coordinates: [48.990280170713675, 2.0652013945627465]
2026-02-28 01:45:05 [http-nio-8080-exec-6] INFO  c.d.dineo.common.util.GeocodingUtil - 📍 Parsed coordinates from address: [48.990280170713675, 2.0652013945627465]
2026-02-28 01:45:05 [http-nio-8080-exec-6] INFO  c.d.dineo.common.util.GeocodingUtil - ✅ Address is already coordinates: [48.990280170713675, 2.0652013945627465]
2026-02-28 01:45:06 [http-nio-8080-exec-10] INFO  c.d.d.p.c.PublicPlatController - 🔍 addDistanceToResponse called for plat: lasagne
2026-02-28 01:45:06 [http-nio-8080-exec-8] INFO  c.d.dineo.common.util.GeocodingUtil - 📍 Parsed coordinates from address: [48.990280170713675, 2.0652013945627465]
2026-02-28 01:45:06 [http-nio-8080-exec-8] INFO  c.d.dineo.common.util.GeocodingUtil - ✅ Address is already coordinates: [48.990280170713675, 2.0652013945627465]
2026-02-28 01:45:06 [http-nio-8080-exec-4] INFO  c.d.d.p.c.PublicPlatController - 🔍 addDistanceToResponse called for plat: lasagne
2026-02-28 01:45:06 [http-nio-8080-exec-6] INFO  c.d.dineo.common.util.GeocodingUtil - 📍 Parsed coordinates from address: [48.990280170713675, 2.0652013945627465]
2026-02-28 01:45:06 [http-nio-8080-exec-6] INFO  c.d.dineo.common.util.GeocodingUtil - ✅ Address is already coordinates: [48.990280170713675, 2.0652013945627465]
2026-02-28 01:45:06 [http-nio-8080-exec-10] INFO  c.d.d.p.c.PublicPlatController - 📍 Geocoding address for chef 2b9ae655-331b-44dd-a316-505318613279: 36.86798171618947, 10.170494516278797
2026-02-28 01:45:06 [http-nio-8080-exec-10] INFO  c.d.dineo.common.util.GeocodingUtil - 📍 Parsed coordinates from address: [36.86798171618947, 10.170494516278797]
2026-02-28 01:45:06 [http-nio-8080-exec-10] INFO  c.d.dineo.common.util.GeocodingUtil - ✅ Address is already coordinates: [36.86798171618947, 10.170494516278797]
2026-02-28 01:45:06 [http-nio-8080-exec-10] INFO  c.d.d.p.c.PublicPlatController - ✅ Geocoded to: [36.86798171618947, 10.170494516278797]
2026-02-28 01:45:06 [http-nio-8080-exec-10] INFO  c.d.d.p.c.PublicPlatController - ✅ Distance calculated for plat lasagne: 1.0 km
2026-02-28 01:45:06 [http-nio-8080-exec-8] INFO  c.d.dineo.common.util.GeocodingUtil - 📍 Parsed coordinates from address: [48.990280170713675, 2.0652013945627465]
2026-02-28 01:45:06 [http-nio-8080-exec-8] INFO  c.d.dineo.common.util.GeocodingUtil - ✅ Address is already coordinates: [48.990280170713675, 2.0652013945627465]
2026-02-28 01:45:06 [http-nio-8080-exec-4] INFO  c.d.d.p.c.PublicPlatController - 📍 Geocoding address for chef 2b9ae655-331b-44dd-a316-505318613279: 36.86798171618947, 10.170494516278797
2026-02-28 01:45:06 [http-nio-8080-exec-4] INFO  c.d.dineo.common.util.GeocodingUtil - 📍 Parsed coordinates from address: [36.86798171618947, 10.170494516278797]
2026-02-28 01:45:06 [http-nio-8080-exec-4] INFO  c.d.dineo.common.util.GeocodingUtil - ✅ Address is already coordinates: [36.86798171618947, 10.170494516278797]
2026-02-28 01:45:06 [http-nio-8080-exec-4] INFO  c.d.d.p.c.PublicPlatController - ✅ Geocoded to: [36.86798171618947, 10.170494516278797]
2026-02-28 01:45:06 [http-nio-8080-exec-4] INFO  c.d.d.p.c.PublicPlatController - ✅ Distance calculated for plat lasagne: 1.0 km
2026-02-28 01:45:06 [http-nio-8080-exec-6] INFO  c.d.dineo.common.util.GeocodingUtil - 📍 Parsed coordinates from address: [48.990280170713675, 2.0652013945627465]
2026-02-28 01:45:06 [http-nio-8080-exec-6] INFO  c.d.dineo.common.util.GeocodingUtil - ✅ Address is already coordinates: [48.990280170713675, 2.0652013945627465]
2026-02-28 01:45:06 [http-nio-8080-exec-8] INFO  c.d.dineo.common.util.GeocodingUtil - 📍 Parsed coordinates from address: [48.990280170713675, 2.0652013945627465]
2026-02-28 01:45:06 [http-nio-8080-exec-8] INFO  c.d.dineo.common.util.GeocodingUtil - ✅ Address is already coordinates: [48.990280170713675, 2.0652013945627465]
2026-02-28 01:45:06 [http-nio-8080-exec-6] INFO  c.d.dineo.common.util.GeocodingUtil - 📍 Parsed coordinates from address: [48.990280170713675, 2.0652013945627465]
2026-02-28 01:45:06 [http-nio-8080-exec-6] INFO  c.d.dineo.common.util.GeocodingUtil - ✅ Address is already coordinates: [48.990280170713675, 2.0652013945627465]
2026-02-28 01:45:06 [http-nio-8080-exec-8] INFO  c.d.dineo.common.util.GeocodingUtil - 📍 Parsed coordinates from address: [48.990280170713675, 2.0652013945627465]
2026-02-28 01:45:06 [http-nio-8080-exec-8] INFO  c.d.dineo.common.util.GeocodingUtil - ✅ Address is already coordinates: [48.990280170713675, 2.0652013945627465]
2026-02-28 01:45:06 [http-nio-8080-exec-8] INFO  c.d.d.p.c.PublicPlatController - After location filtering: 1 plats within 30.0km
2026-02-28 01:45:06 [http-nio-8080-exec-10] INFO  c.d.d.p.c.PublicPlatController - 🔍 addDistanceToResponse called for plat: Tacos
2026-02-28 01:45:06 [http-nio-8080-exec-8] INFO  c.d.d.p.c.PublicPlatController - Found 2 unique categories from filtered plats
2026-02-28 01:45:06 [http-nio-8080-exec-4] INFO  c.d.d.p.c.PublicPlatController - 🔍 addDistanceToResponse called for plat: Tacos
2026-02-28 01:45:07 [http-nio-8080-exec-6] INFO  c.d.dineo.common.util.GeocodingUtil - 📍 Parsed coordinates from address: [48.990280170713675, 2.0652013945627465]
2026-02-28 01:45:07 [http-nio-8080-exec-6] INFO  c.d.dineo.common.util.GeocodingUtil - ✅ Address is already coordinates: [48.990280170713675, 2.0652013945627465]
2026-02-28 01:45:07 [http-nio-8080-exec-6] INFO  c.d.d.p.c.PublicPlatController - After location filtering: 1 plats within 30.0km
2026-02-28 01:45:07 [http-nio-8080-exec-6] INFO  c.d.d.p.c.PublicPlatController - Found 2 unique categories from filtered plats
2026-02-28 01:45:07 [http-nio-8080-exec-10] INFO  c.d.d.p.c.PublicPlatController - 📍 Geocoding address for chef 51438312-db03-469c-b476-e4511f8e8e67: 48.990280170713675, 2.0652013945627465
2026-02-28 01:45:07 [http-nio-8080-exec-10] INFO  c.d.dineo.common.util.GeocodingUtil - 📍 Parsed coordinates from address: [48.990280170713675, 2.0652013945627465]
2026-02-28 01:45:07 [http-nio-8080-exec-10] INFO  c.d.dineo.common.util.GeocodingUtil - ✅ Address is already coordinates: [48.990280170713675, 2.0652013945627465]
2026-02-28 01:45:07 [http-nio-8080-exec-10] INFO  c.d.d.p.c.PublicPlatController - ✅ Geocoded to: [48.990280170713675, 2.0652013945627465]
2026-02-28 01:45:07 [http-nio-8080-exec-10] INFO  c.d.d.p.c.PublicPlatController - ✅ Distance calculated for plat Tacos: 1499.1 km
2026-02-28 01:45:07 [http-nio-8080-exec-4] INFO  c.d.d.p.c.PublicPlatController - 📍 Geocoding address for chef 51438312-db03-469c-b476-e4511f8e8e67: 48.990280170713675, 2.0652013945627465
2026-02-28 01:45:07 [http-nio-8080-exec-4] INFO  c.d.dineo.common.util.GeocodingUtil - 📍 Parsed coordinates from address: [48.990280170713675, 2.0652013945627465]
2026-02-28 01:45:07 [http-nio-8080-exec-4] INFO  c.d.dineo.common.util.GeocodingUtil - ✅ Address is already coordinates: [48.990280170713675, 2.0652013945627465]
2026-02-28 01:45:07 [http-nio-8080-exec-4] INFO  c.d.d.p.c.PublicPlatController - ✅ Geocoded to: [48.990280170713675, 2.0652013945627465]
2026-02-28 01:45:07 [http-nio-8080-exec-4] INFO  c.d.d.p.c.PublicPlatController - ✅ Distance calculated for plat Tacos: 1499.1 km
2026-02-28 01:45:07 [http-nio-8080-exec-10] INFO  c.d.d.p.c.PublicPlatController - 🔍 addDistanceToResponse called for plat: Tiramisu
2026-02-28 01:45:07 [http-nio-8080-exec-4] INFO  c.d.d.p.c.PublicPlatController - 🔍 addDistanceToResponse called for plat: Tiramisu
2026-02-28 01:45:07 [http-nio-8080-exec-10] INFO  c.d.d.p.c.PublicPlatController - 📍 Geocoding address for chef 51438312-db03-469c-b476-e4511f8e8e67: 48.990280170713675, 2.0652013945627465
2026-02-28 01:45:07 [http-nio-8080-exec-10] INFO  c.d.dineo.common.util.GeocodingUtil - 📍 Parsed coordinates from address: [48.990280170713675, 2.0652013945627465]
2026-02-28 01:45:07 [http-nio-8080-exec-10] INFO  c.d.dineo.common.util.GeocodingUtil - ✅ Address is already coordinates: [48.990280170713675, 2.0652013945627465]
2026-02-28 01:45:07 [http-nio-8080-exec-10] INFO  c.d.d.p.c.PublicPlatController - ✅ Geocoded to: [48.990280170713675, 2.0652013945627465]
2026-02-28 01:45:07 [http-nio-8080-exec-10] INFO  c.d.d.p.c.PublicPlatController - ✅ Distance calculated for plat Tiramisu: 1499.1 km
2026-02-28 01:45:07 [http-nio-8080-exec-4] INFO  c.d.d.p.c.PublicPlatController - 📍 Geocoding address for chef 51438312-db03-469c-b476-e4511f8e8e67: 48.990280170713675, 2.0652013945627465
2026-02-28 01:45:07 [http-nio-8080-exec-4] INFO  c.d.dineo.common.util.GeocodingUtil - 📍 Parsed coordinates from address: [48.990280170713675, 2.0652013945627465]
2026-02-28 01:45:07 [http-nio-8080-exec-4] INFO  c.d.dineo.common.util.GeocodingUtil - ✅ Address is already coordinates: [48.990280170713675, 2.0652013945627465]
2026-02-28 01:45:07 [http-nio-8080-exec-4] INFO  c.d.d.p.c.PublicPlatController - ✅ Geocoded to: [48.990280170713675, 2.0652013945627465]
2026-02-28 01:45:07 [http-nio-8080-exec-4] INFO  c.d.d.p.c.PublicPlatController - ✅ Distance calculated for plat Tiramisu: 1499.1 km
2026-02-28 01:45:08 [http-nio-8080-exec-10] INFO  c.d.d.p.c.PublicPlatController - 🔍 addDistanceToResponse called for plat: Steak
2026-02-28 01:45:08 [http-nio-8080-exec-4] INFO  c.d.d.p.c.PublicPlatController - 🔍 addDistanceToResponse called for plat: Steak
2026-02-28 01:45:08 [http-nio-8080-exec-10] INFO  c.d.d.p.c.PublicPlatController - 📍 Geocoding address for chef 51438312-db03-469c-b476-e4511f8e8e67: 48.990280170713675, 2.0652013945627465
2026-02-28 01:45:08 [http-nio-8080-exec-10] INFO  c.d.dineo.common.util.GeocodingUtil - 📍 Parsed coordinates from address: [48.990280170713675, 2.0652013945627465]
2026-02-28 01:45:08 [http-nio-8080-exec-10] INFO  c.d.dineo.common.util.GeocodingUtil - ✅ Address is already coordinates: [48.990280170713675, 2.0652013945627465]
2026-02-28 01:45:08 [http-nio-8080-exec-10] INFO  c.d.d.p.c.PublicPlatController - ✅ Geocoded to: [48.990280170713675, 2.0652013945627465]
2026-02-28 01:45:08 [http-nio-8080-exec-10] INFO  c.d.d.p.c.PublicPlatController - ✅ Distance calculated for plat Steak: 1499.1 km
2026-02-28 01:45:08 [http-nio-8080-exec-4] INFO  c.d.d.p.c.PublicPlatController - 📍 Geocoding address for chef 51438312-db03-469c-b476-e4511f8e8e67: 48.990280170713675, 2.0652013945627465
2026-02-28 01:45:08 [http-nio-8080-exec-4] INFO  c.d.dineo.common.util.GeocodingUtil - 📍 Parsed coordinates from address: [48.990280170713675, 2.0652013945627465]
2026-02-28 01:45:08 [http-nio-8080-exec-4] INFO  c.d.dineo.common.util.GeocodingUtil - ✅ Address is already coordinates: [48.990280170713675, 2.0652013945627465]
2026-02-28 01:45:08 [http-nio-8080-exec-4] INFO  c.d.d.p.c.PublicPlatController - ✅ Geocoded to: [48.990280170713675, 2.0652013945627465]
2026-02-28 01:45:08 [http-nio-8080-exec-4] INFO  c.d.d.p.c.PublicPlatController - ✅ Distance calculated for plat Steak: 1499.1 km
2026-02-28 01:45:09 [http-nio-8080-exec-10] INFO  c.d.d.p.c.PublicPlatController - 🔍 addDistanceToResponse called for plat: Kouskous tunisien
2026-02-28 01:45:09 [http-nio-8080-exec-4] INFO  c.d.d.p.c.PublicPlatController - 🔍 addDistanceToResponse called for plat: Kouskous tunisien
2026-02-28 01:45:09 [http-nio-8080-exec-10] INFO  c.d.d.p.c.PublicPlatController - 📍 Geocoding address for chef 51438312-db03-469c-b476-e4511f8e8e67: 48.990280170713675, 2.0652013945627465
2026-02-28 01:45:09 [http-nio-8080-exec-10] INFO  c.d.dineo.common.util.GeocodingUtil - 📍 Parsed coordinates from address: [48.990280170713675, 2.0652013945627465]
2026-02-28 01:45:09 [http-nio-8080-exec-10] INFO  c.d.dineo.common.util.GeocodingUtil - ✅ Address is already coordinates: [48.990280170713675, 2.0652013945627465]
2026-02-28 01:45:09 [http-nio-8080-exec-10] INFO  c.d.d.p.c.PublicPlatController - ✅ Geocoded to: [48.990280170713675, 2.0652013945627465]
2026-02-28 01:45:09 [http-nio-8080-exec-10] INFO  c.d.d.p.c.PublicPlatController - ✅ Distance calculated for plat Kouskous tunisien: 1499.1 km
2026-02-28 01:45:09 [http-nio-8080-exec-4] INFO  c.d.d.p.c.PublicPlatController - 📍 Geocoding address for chef 51438312-db03-469c-b476-e4511f8e8e67: 48.990280170713675, 2.0652013945627465
2026-02-28 01:45:09 [http-nio-8080-exec-4] INFO  c.d.dineo.common.util.GeocodingUtil - 📍 Parsed coordinates from address: [48.990280170713675, 2.0652013945627465]
2026-02-28 01:45:09 [http-nio-8080-exec-4] INFO  c.d.dineo.common.util.GeocodingUtil - ✅ Address is already coordinates: [48.990280170713675, 2.0652013945627465]
2026-02-28 01:45:09 [http-nio-8080-exec-4] INFO  c.d.d.p.c.PublicPlatController - ✅ Geocoded to: [48.990280170713675, 2.0652013945627465]
2026-02-28 01:45:09 [http-nio-8080-exec-4] INFO  c.d.d.p.c.PublicPlatController - ✅ Distance calculated for plat Kouskous tunisien: 1499.1 km
2026-02-28 01:45:09 [http-nio-8080-exec-10] INFO  c.d.d.p.c.PublicPlatController - 🔍 addDistanceToResponse called for plat: Sushi
2026-02-28 01:45:10 [http-nio-8080-exec-4] INFO  c.d.d.p.c.PublicPlatController - 🔍 addDistanceToResponse called for plat: Sushi
2026-02-28 01:45:10 [http-nio-8080-exec-10] INFO  c.d.d.p.c.PublicPlatController - 📍 Geocoding address for chef 51438312-db03-469c-b476-e4511f8e8e67: 48.990280170713675, 2.0652013945627465
2026-02-28 01:45:10 [http-nio-8080-exec-10] INFO  c.d.dineo.common.util.GeocodingUtil - 📍 Parsed coordinates from address: [48.990280170713675, 2.0652013945627465]
2026-02-28 01:45:10 [http-nio-8080-exec-10] INFO  c.d.dineo.common.util.GeocodingUtil - ✅ Address is already coordinates: [48.990280170713675, 2.0652013945627465]
2026-02-28 01:45:10 [http-nio-8080-exec-10] INFO  c.d.d.p.c.PublicPlatController - ✅ Geocoded to: [48.990280170713675, 2.0652013945627465]
2026-02-28 01:45:10 [http-nio-8080-exec-10] INFO  c.d.d.p.c.PublicPlatController - ✅ Distance calculated for plat Sushi: 1499.1 km
2026-02-28 01:45:10 [http-nio-8080-exec-4] INFO  c.d.d.p.c.PublicPlatController - 📍 Geocoding address for chef 51438312-db03-469c-b476-e4511f8e8e67: 48.990280170713675, 2.0652013945627465
2026-02-28 01:45:10 [http-nio-8080-exec-4] INFO  c.d.dineo.common.util.GeocodingUtil - 📍 Parsed coordinates from address: [48.990280170713675, 2.0652013945627465]
2026-02-28 01:45:10 [http-nio-8080-exec-4] INFO  c.d.dineo.common.util.GeocodingUtil - ✅ Address is already coordinates: [48.990280170713675, 2.0652013945627465]
2026-02-28 01:45:10 [http-nio-8080-exec-4] INFO  c.d.d.p.c.PublicPlatController - ✅ Geocoded to: [48.990280170713675, 2.0652013945627465]
2026-02-28 01:45:10 [http-nio-8080-exec-4] INFO  c.d.d.p.c.PublicPlatController - ✅ Distance calculated for plat Sushi: 1499.1 km
2026-02-28 01:45:10 [http-nio-8080-exec-10] INFO  c.d.d.p.c.PublicPlatController - 🔍 addDistanceToResponse called for plat: Salade César
2026-02-28 01:45:10 [http-nio-8080-exec-4] INFO  c.d.d.p.c.PublicPlatController - 🔍 addDistanceToResponse called for plat: Salade César
2026-02-28 01:45:10 [http-nio-8080-exec-10] INFO  c.d.d.p.c.PublicPlatController - 📍 Geocoding address for chef 51438312-db03-469c-b476-e4511f8e8e67: 48.990280170713675, 2.0652013945627465
2026-02-28 01:45:10 [http-nio-8080-exec-10] INFO  c.d.dineo.common.util.GeocodingUtil - 📍 Parsed coordinates from address: [48.990280170713675, 2.0652013945627465]
2026-02-28 01:45:10 [http-nio-8080-exec-10] INFO  c.d.dineo.common.util.GeocodingUtil - ✅ Address is already coordinates: [48.990280170713675, 2.0652013945627465]
2026-02-28 01:45:10 [http-nio-8080-exec-10] INFO  c.d.d.p.c.PublicPlatController - ✅ Geocoded to: [48.990280170713675, 2.0652013945627465]
2026-02-28 01:45:10 [http-nio-8080-exec-10] INFO  c.d.d.p.c.PublicPlatController - ✅ Distance calculated for plat Salade César: 1499.1 km
2026-02-28 01:45:11 [http-nio-8080-exec-4] INFO  c.d.d.p.c.PublicPlatController - 📍 Geocoding address for chef 51438312-db03-469c-b476-e4511f8e8e67: 48.990280170713675, 2.0652013945627465
2026-02-28 01:45:11 [http-nio-8080-exec-4] INFO  c.d.dineo.common.util.GeocodingUtil - 📍 Parsed coordinates from address: [48.990280170713675, 2.0652013945627465]
2026-02-28 01:45:11 [http-nio-8080-exec-4] INFO  c.d.dineo.common.util.GeocodingUtil - ✅ Address is already coordinates: [48.990280170713675, 2.0652013945627465]
2026-02-28 01:45:11 [http-nio-8080-exec-4] INFO  c.d.d.p.c.PublicPlatController - ✅ Geocoded to: [48.990280170713675, 2.0652013945627465]
2026-02-28 01:45:11 [http-nio-8080-exec-4] INFO  c.d.d.p.c.PublicPlatController - ✅ Distance calculated for plat Salade César: 1499.1 km
2026-02-28 01:45:11 [http-nio-8080-exec-10] INFO  c.d.d.p.c.PublicPlatController - 🔍 addDistanceToResponse called for plat: Pizza
2026-02-28 01:45:11 [http-nio-8080-exec-4] INFO  c.d.d.p.c.PublicPlatController - 🔍 addDistanceToResponse called for plat: Pizza
2026-02-28 01:45:11 [http-nio-8080-exec-10] INFO  c.d.d.p.c.PublicPlatController - 📍 Geocoding address for chef 51438312-db03-469c-b476-e4511f8e8e67: 48.990280170713675, 2.0652013945627465
2026-02-28 01:45:11 [http-nio-8080-exec-10] INFO  c.d.dineo.common.util.GeocodingUtil - 📍 Parsed coordinates from address: [48.990280170713675, 2.0652013945627465]
2026-02-28 01:45:11 [http-nio-8080-exec-10] INFO  c.d.dineo.common.util.GeocodingUtil - ✅ Address is already coordinates: [48.990280170713675, 2.0652013945627465]
2026-02-28 01:45:11 [http-nio-8080-exec-10] INFO  c.d.d.p.c.PublicPlatController - ✅ Geocoded to: [48.990280170713675, 2.0652013945627465]
2026-02-28 01:45:11 [http-nio-8080-exec-10] INFO  c.d.d.p.c.PublicPlatController - ✅ Distance calculated for plat Pizza: 1499.1 km
2026-02-28 01:45:11 [http-nio-8080-exec-4] INFO  c.d.d.p.c.PublicPlatController - 📍 Geocoding address for chef 51438312-db03-469c-b476-e4511f8e8e67: 48.990280170713675, 2.0652013945627465
2026-02-28 01:45:11 [http-nio-8080-exec-4] INFO  c.d.dineo.common.util.GeocodingUtil - 📍 Parsed coordinates from address: [48.990280170713675, 2.0652013945627465]
2026-02-28 01:45:11 [http-nio-8080-exec-4] INFO  c.d.dineo.common.util.GeocodingUtil - ✅ Address is already coordinates: [48.990280170713675, 2.0652013945627465]
2026-02-28 01:45:11 [http-nio-8080-exec-4] INFO  c.d.d.p.c.PublicPlatController - ✅ Geocoded to: [48.990280170713675, 2.0652013945627465]
2026-02-28 01:45:11 [http-nio-8080-exec-4] INFO  c.d.d.p.c.PublicPlatController - ✅ Distance calculated for plat Pizza: 1499.1 km
2026-02-28 01:45:12 [http-nio-8080-exec-10] INFO  c.d.d.p.c.PublicPlatController - 🔍 addDistanceToResponse called for plat: Plat fruit de mer
2026-02-28 01:45:12 [http-nio-8080-exec-4] INFO  c.d.d.p.c.PublicPlatController - 🔍 addDistanceToResponse called for plat: Plat fruit de mer
2026-02-28 01:45:12 [http-nio-8080-exec-10] INFO  c.d.d.p.c.PublicPlatController - 📍 Geocoding address for chef 51438312-db03-469c-b476-e4511f8e8e67: 48.990280170713675, 2.0652013945627465
2026-02-28 01:45:12 [http-nio-8080-exec-10] INFO  c.d.dineo.common.util.GeocodingUtil - 📍 Parsed coordinates from address: [48.990280170713675, 2.0652013945627465]
2026-02-28 01:45:12 [http-nio-8080-exec-10] INFO  c.d.dineo.common.util.GeocodingUtil - ✅ Address is already coordinates: [48.990280170713675, 2.0652013945627465]
2026-02-28 01:45:12 [http-nio-8080-exec-10] INFO  c.d.d.p.c.PublicPlatController - ✅ Geocoded to: [48.990280170713675, 2.0652013945627465]
2026-02-28 01:45:12 [http-nio-8080-exec-10] INFO  c.d.d.p.c.PublicPlatController - ✅ Distance calculated for plat Plat fruit de mer: 1499.1 km
2026-02-28 01:45:12 [http-nio-8080-exec-4] INFO  c.d.d.p.c.PublicPlatController - 📍 Geocoding address for chef 51438312-db03-469c-b476-e4511f8e8e67: 48.990280170713675, 2.0652013945627465
2026-02-28 01:45:12 [http-nio-8080-exec-4] INFO  c.d.dineo.common.util.GeocodingUtil - 📍 Parsed coordinates from address: [48.990280170713675, 2.0652013945627465]
2026-02-28 01:45:12 [http-nio-8080-exec-4] INFO  c.d.dineo.common.util.GeocodingUtil - ✅ Address is already coordinates: [48.990280170713675, 2.0652013945627465]
2026-02-28 01:45:12 [http-nio-8080-exec-4] INFO  c.d.d.p.c.PublicPlatController - ✅ Geocoded to: [48.990280170713675, 2.0652013945627465]
2026-02-28 01:45:12 [http-nio-8080-exec-4] INFO  c.d.d.p.c.PublicPlatController - ✅ Distance calculated for plat Plat fruit de mer: 1499.1 km
2026-02-28 01:45:13 [http-nio-8080-exec-10] INFO  c.d.d.p.c.PublicPlatController - 🔍 addDistanceToResponse called for plat: Par-là
2026-02-28 01:45:13 [http-nio-8080-exec-4] INFO  c.d.d.p.c.PublicPlatController - 🔍 addDistanceToResponse called for plat: Par-là
2026-02-28 01:45:13 [http-nio-8080-exec-10] INFO  c.d.d.p.c.PublicPlatController - 📍 Geocoding address for chef 51438312-db03-469c-b476-e4511f8e8e67: 48.990280170713675, 2.0652013945627465
2026-02-28 01:45:13 [http-nio-8080-exec-10] INFO  c.d.dineo.common.util.GeocodingUtil - 📍 Parsed coordinates from address: [48.990280170713675, 2.0652013945627465]
2026-02-28 01:45:13 [http-nio-8080-exec-10] INFO  c.d.dineo.common.util.GeocodingUtil - ✅ Address is already coordinates: [48.990280170713675, 2.0652013945627465]
2026-02-28 01:45:13 [http-nio-8080-exec-10] INFO  c.d.d.p.c.PublicPlatController - ✅ Geocoded to: [48.990280170713675, 2.0652013945627465]
2026-02-28 01:45:13 [http-nio-8080-exec-10] INFO  c.d.d.p.c.PublicPlatController - ✅ Distance calculated for plat Par-là: 1499.1 km
2026-02-28 01:45:13 [http-nio-8080-exec-10] INFO  c.d.d.p.c.PublicPlatController - After all filters: 1 plats remaining
2026-02-28 01:45:13 [http-nio-8080-exec-10] INFO  c.d.d.p.c.PublicPlatController - Search returned 1 total results, page 1/1
2026-02-28 01:45:13 [http-nio-8080-exec-4] INFO  c.d.d.p.c.PublicPlatController - 📍 Geocoding address for chef 51438312-db03-469c-b476-e4511f8e8e67: 48.990280170713675, 2.0652013945627465
2026-02-28 01:45:13 [http-nio-8080-exec-4] INFO  c.d.dineo.common.util.GeocodingUtil - 📍 Parsed coordinates from address: [48.990280170713675, 2.0652013945627465]
2026-02-28 01:45:13 [http-nio-8080-exec-4] INFO  c.d.dineo.common.util.GeocodingUtil - ✅ Address is already coordinates: [48.990280170713675, 2.0652013945627465]
2026-02-28 01:45:13 [http-nio-8080-exec-4] INFO  c.d.d.p.c.PublicPlatController - ✅ Geocoded to: [48.990280170713675, 2.0652013945627465]
2026-02-28 01:45:13 [http-nio-8080-exec-4] INFO  c.d.d.p.c.PublicPlatController - ✅ Distance calculated for plat Par-là: 1499.1 km
2026-02-28 01:45:13 [http-nio-8080-exec-4] INFO  c.d.d.p.c.PublicPlatController - After all filters: 1 plats remaining
2026-02-28 01:45:13 [http-nio-8080-exec-4] INFO  c.d.d.p.c.PublicPlatController - Search returned 1 total results, page 1/1
2026-02-28 01:45:54 [http-nio-8080-exec-2] INFO  c.d.d.p.c.PublicPlatController - Public search request - query: null, category: null, maxCookTime: null, minRating: null, sortBy: newest, sortOrder: desc, location: 36.86185454999997, 10.162940019999994, radius: 30.0km, page: 1, pageSize: 12
2026-02-28 01:45:54 [http-nio-8080-exec-1] INFO  c.d.d.p.c.PublicPlatController - Public request to get categories (location: 36.86185454999997, 10.162940019999994, radius: 30.0km)
2026-02-28 01:45:54 [http-nio-8080-exec-7] INFO  c.d.d.p.c.PublicPlatController - Public request to get categories (location: 36.86185454999997, 10.162940019999994, radius: 30.0km)
2026-02-28 01:45:54 [http-nio-8080-exec-9] INFO  c.d.d.p.c.PublicPlatController - Public search request - query: null, category: null, maxCookTime: null, minRating: null, sortBy: newest, sortOrder: desc, location: 36.86185454999997, 10.162940019999994, radius: 30.0km, page: 1, pageSize: 12
2026-02-28 01:45:54 [http-nio-8080-exec-2] INFO  c.d.d.p.c.PublicPlatController - Found 12 available plats in database
2026-02-28 01:45:54 [http-nio-8080-exec-1] INFO  c.d.d.p.c.PublicPlatController - Found 12 available plats before filtering
2026-02-28 01:45:54 [http-nio-8080-exec-9] INFO  c.d.d.p.c.PublicPlatController - Found 12 available plats in database
2026-02-28 01:45:54 [http-nio-8080-exec-7] INFO  c.d.d.p.c.PublicPlatController - Found 12 available plats before filtering
2026-02-28 01:45:55 [http-nio-8080-exec-1] INFO  c.d.dineo.common.util.GeocodingUtil - 📍 Parsed coordinates from address: [48.990280170713675, 2.0652013945627465]
2026-02-28 01:45:55 [http-nio-8080-exec-1] INFO  c.d.dineo.common.util.GeocodingUtil - ✅ Address is already coordinates: [48.990280170713675, 2.0652013945627465]
2026-02-28 01:45:55 [http-nio-8080-exec-7] INFO  c.d.dineo.common.util.GeocodingUtil - 📍 Parsed coordinates from address: [48.990280170713675, 2.0652013945627465]
2026-02-28 01:45:55 [http-nio-8080-exec-7] INFO  c.d.dineo.common.util.GeocodingUtil - ✅ Address is already coordinates: [48.990280170713675, 2.0652013945627465]
2026-02-28 01:45:55 [http-nio-8080-exec-1] INFO  c.d.dineo.common.util.GeocodingUtil - 📍 Parsed coordinates from address: [48.990280170713675, 2.0652013945627465]
2026-02-28 01:45:55 [http-nio-8080-exec-1] INFO  c.d.dineo.common.util.GeocodingUtil - ✅ Address is already coordinates: [48.990280170713675, 2.0652013945627465]
2026-02-28 01:45:55 [http-nio-8080-exec-7] INFO  c.d.dineo.common.util.GeocodingUtil - 📍 Parsed coordinates from address: [48.990280170713675, 2.0652013945627465]
2026-02-28 01:45:55 [http-nio-8080-exec-7] INFO  c.d.dineo.common.util.GeocodingUtil - ✅ Address is already coordinates: [48.990280170713675, 2.0652013945627465]
2026-02-28 01:45:55 [http-nio-8080-exec-2] INFO  c.d.d.p.c.PublicPlatController - 🔍 addDistanceToResponse called for plat: Noodels
2026-02-28 01:45:55 [http-nio-8080-exec-9] INFO  c.d.d.p.c.PublicPlatController - 🔍 addDistanceToResponse called for plat: Noodels
2026-02-28 01:45:55 [http-nio-8080-exec-2] INFO  c.d.d.p.c.PublicPlatController - 📍 Geocoding address for chef 51438312-db03-469c-b476-e4511f8e8e67: 48.990280170713675, 2.0652013945627465
2026-02-28 01:45:55 [http-nio-8080-exec-2] INFO  c.d.dineo.common.util.GeocodingUtil - 📍 Parsed coordinates from address: [48.990280170713675, 2.0652013945627465]
2026-02-28 01:45:55 [http-nio-8080-exec-2] INFO  c.d.dineo.common.util.GeocodingUtil - ✅ Address is already coordinates: [48.990280170713675, 2.0652013945627465]
2026-02-28 01:45:55 [http-nio-8080-exec-2] INFO  c.d.d.p.c.PublicPlatController - ✅ Geocoded to: [48.990280170713675, 2.0652013945627465]
2026-02-28 01:45:55 [http-nio-8080-exec-2] INFO  c.d.d.p.c.PublicPlatController - ✅ Distance calculated for plat Noodels: 1499.1 km
2026-02-28 01:45:55 [http-nio-8080-exec-1] INFO  c.d.dineo.common.util.GeocodingUtil - 📍 Parsed coordinates from address: [36.86798171618947, 10.170494516278797]
2026-02-28 01:45:55 [http-nio-8080-exec-1] INFO  c.d.dineo.common.util.GeocodingUtil - ✅ Address is already coordinates: [36.86798171618947, 10.170494516278797]
2026-02-28 01:45:55 [http-nio-8080-exec-9] INFO  c.d.d.p.c.PublicPlatController - 📍 Geocoding address for chef 51438312-db03-469c-b476-e4511f8e8e67: 48.990280170713675, 2.0652013945627465
2026-02-28 01:45:55 [http-nio-8080-exec-7] INFO  c.d.dineo.common.util.GeocodingUtil - 📍 Parsed coordinates from address: [36.86798171618947, 10.170494516278797]
2026-02-28 01:45:55 [http-nio-8080-exec-9] INFO  c.d.dineo.common.util.GeocodingUtil - 📍 Parsed coordinates from address: [48.990280170713675, 2.0652013945627465]
2026-02-28 01:45:55 [http-nio-8080-exec-7] INFO  c.d.dineo.common.util.GeocodingUtil - ✅ Address is already coordinates: [36.86798171618947, 10.170494516278797]
2026-02-28 01:45:55 [http-nio-8080-exec-9] INFO  c.d.dineo.common.util.GeocodingUtil - ✅ Address is already coordinates: [48.990280170713675, 2.0652013945627465]
2026-02-28 01:45:55 [http-nio-8080-exec-9] INFO  c.d.d.p.c.PublicPlatController - ✅ Geocoded to: [48.990280170713675, 2.0652013945627465]
2026-02-28 01:45:55 [http-nio-8080-exec-9] INFO  c.d.d.p.c.PublicPlatController - ✅ Distance calculated for plat Noodels: 1499.1 km
2026-02-28 01:45:56 [http-nio-8080-exec-1] INFO  c.d.dineo.common.util.GeocodingUtil - 📍 Parsed coordinates from address: [48.990280170713675, 2.0652013945627465]
2026-02-28 01:45:56 [http-nio-8080-exec-1] INFO  c.d.dineo.common.util.GeocodingUtil - ✅ Address is already coordinates: [48.990280170713675, 2.0652013945627465]
2026-02-28 01:45:56 [http-nio-8080-exec-7] INFO  c.d.dineo.common.util.GeocodingUtil - 📍 Parsed coordinates from address: [48.990280170713675, 2.0652013945627465]
2026-02-28 01:45:56 [http-nio-8080-exec-7] INFO  c.d.dineo.common.util.GeocodingUtil - ✅ Address is already coordinates: [48.990280170713675, 2.0652013945627465]
2026-02-28 01:45:56 [http-nio-8080-exec-1] INFO  c.d.dineo.common.util.GeocodingUtil - 📍 Parsed coordinates from address: [48.990280170713675, 2.0652013945627465]
2026-02-28 01:45:56 [http-nio-8080-exec-1] INFO  c.d.dineo.common.util.GeocodingUtil - ✅ Address is already coordinates: [48.990280170713675, 2.0652013945627465]
2026-02-28 01:45:56 [http-nio-8080-exec-2] INFO  c.d.d.p.c.PublicPlatController - 🔍 addDistanceToResponse called for plat: Fricassé
2026-02-28 01:45:56 [http-nio-8080-exec-7] INFO  c.d.dineo.common.util.GeocodingUtil - 📍 Parsed coordinates from address: [48.990280170713675, 2.0652013945627465]
2026-02-28 01:45:56 [http-nio-8080-exec-7] INFO  c.d.dineo.common.util.GeocodingUtil - ✅ Address is already coordinates: [48.990280170713675, 2.0652013945627465]
2026-02-28 01:45:56 [http-nio-8080-exec-9] INFO  c.d.d.p.c.PublicPlatController - 🔍 addDistanceToResponse called for plat: Fricassé
2026-02-28 01:45:56 [http-nio-8080-exec-1] INFO  c.d.dineo.common.util.GeocodingUtil - 📍 Parsed coordinates from address: [48.990280170713675, 2.0652013945627465]
2026-02-28 01:45:56 [http-nio-8080-exec-1] INFO  c.d.dineo.common.util.GeocodingUtil - ✅ Address is already coordinates: [48.990280170713675, 2.0652013945627465]
2026-02-28 01:45:56 [http-nio-8080-exec-2] INFO  c.d.d.p.c.PublicPlatController - 📍 Geocoding address for chef 51438312-db03-469c-b476-e4511f8e8e67: 48.990280170713675, 2.0652013945627465
2026-02-28 01:45:56 [http-nio-8080-exec-2] INFO  c.d.dineo.common.util.GeocodingUtil - 📍 Parsed coordinates from address: [48.990280170713675, 2.0652013945627465]
2026-02-28 01:45:56 [http-nio-8080-exec-2] INFO  c.d.dineo.common.util.GeocodingUtil - ✅ Address is already coordinates: [48.990280170713675, 2.0652013945627465]
2026-02-28 01:45:56 [http-nio-8080-exec-2] INFO  c.d.d.p.c.PublicPlatController - ✅ Geocoded to: [48.990280170713675, 2.0652013945627465]
2026-02-28 01:45:56 [http-nio-8080-exec-2] INFO  c.d.d.p.c.PublicPlatController - ✅ Distance calculated for plat Fricassé: 1499.1 km
2026-02-28 01:45:56 [http-nio-8080-exec-9] INFO  c.d.d.p.c.PublicPlatController - 📍 Geocoding address for chef 51438312-db03-469c-b476-e4511f8e8e67: 48.990280170713675, 2.0652013945627465
2026-02-28 01:45:56 [http-nio-8080-exec-9] INFO  c.d.dineo.common.util.GeocodingUtil - 📍 Parsed coordinates from address: [48.990280170713675, 2.0652013945627465]
2026-02-28 01:45:56 [http-nio-8080-exec-7] INFO  c.d.dineo.common.util.GeocodingUtil - 📍 Parsed coordinates from address: [48.990280170713675, 2.0652013945627465]
2026-02-28 01:45:56 [http-nio-8080-exec-9] INFO  c.d.dineo.common.util.GeocodingUtil - ✅ Address is already coordinates: [48.990280170713675, 2.0652013945627465]
2026-02-28 01:45:56 [http-nio-8080-exec-7] INFO  c.d.dineo.common.util.GeocodingUtil - ✅ Address is already coordinates: [48.990280170713675, 2.0652013945627465]
2026-02-28 01:45:56 [http-nio-8080-exec-9] INFO  c.d.d.p.c.PublicPlatController - ✅ Geocoded to: [48.990280170713675, 2.0652013945627465]
2026-02-28 01:45:56 [http-nio-8080-exec-9] INFO  c.d.d.p.c.PublicPlatController - ✅ Distance calculated for plat Fricassé: 1499.1 km
2026-02-28 01:45:57 [http-nio-8080-exec-1] INFO  c.d.dineo.common.util.GeocodingUtil - 📍 Parsed coordinates from address: [48.990280170713675, 2.0652013945627465]
2026-02-28 01:45:57 [http-nio-8080-exec-1] INFO  c.d.dineo.common.util.GeocodingUtil - ✅ Address is already coordinates: [48.990280170713675, 2.0652013945627465]
2026-02-28 01:45:57 [http-nio-8080-exec-7] INFO  c.d.dineo.common.util.GeocodingUtil - 📍 Parsed coordinates from address: [48.990280170713675, 2.0652013945627465]
2026-02-28 01:45:57 [http-nio-8080-exec-7] INFO  c.d.dineo.common.util.GeocodingUtil - ✅ Address is already coordinates: [48.990280170713675, 2.0652013945627465]
2026-02-28 01:45:57 [http-nio-8080-exec-1] INFO  c.d.dineo.common.util.GeocodingUtil - 📍 Parsed coordinates from address: [48.990280170713675, 2.0652013945627465]
2026-02-28 01:45:57 [http-nio-8080-exec-1] INFO  c.d.dineo.common.util.GeocodingUtil - ✅ Address is already coordinates: [48.990280170713675, 2.0652013945627465]
2026-02-28 01:45:57 [http-nio-8080-exec-7] INFO  c.d.dineo.common.util.GeocodingUtil - 📍 Parsed coordinates from address: [48.990280170713675, 2.0652013945627465]
2026-02-28 01:45:57 [http-nio-8080-exec-7] INFO  c.d.dineo.common.util.GeocodingUtil - ✅ Address is already coordinates: [48.990280170713675, 2.0652013945627465]
2026-02-28 01:45:57 [http-nio-8080-exec-2] INFO  c.d.d.p.c.PublicPlatController - 🔍 addDistanceToResponse called for plat: lasagne
2026-02-28 01:45:57 [http-nio-8080-exec-1] INFO  c.d.dineo.common.util.GeocodingUtil - 📍 Parsed coordinates from address: [48.990280170713675, 2.0652013945627465]
2026-02-28 01:45:57 [http-nio-8080-exec-1] INFO  c.d.dineo.common.util.GeocodingUtil - ✅ Address is already coordinates: [48.990280170713675, 2.0652013945627465]
2026-02-28 01:45:57 [http-nio-8080-exec-9] INFO  c.d.d.p.c.PublicPlatController - 🔍 addDistanceToResponse called for plat: lasagne
2026-02-28 01:45:57 [http-nio-8080-exec-7] INFO  c.d.dineo.common.util.GeocodingUtil - 📍 Parsed coordinates from address: [48.990280170713675, 2.0652013945627465]
2026-02-28 01:45:57 [http-nio-8080-exec-7] INFO  c.d.dineo.common.util.GeocodingUtil - ✅ Address is already coordinates: [48.990280170713675, 2.0652013945627465]
2026-02-28 01:45:57 [http-nio-8080-exec-2] INFO  c.d.d.p.c.PublicPlatController - 📍 Geocoding address for chef 2b9ae655-331b-44dd-a316-505318613279: 36.86798171618947, 10.170494516278797
2026-02-28 01:45:57 [http-nio-8080-exec-2] INFO  c.d.dineo.common.util.GeocodingUtil - 📍 Parsed coordinates from address: [36.86798171618947, 10.170494516278797]
2026-02-28 01:45:57 [http-nio-8080-exec-2] INFO  c.d.dineo.common.util.GeocodingUtil - ✅ Address is already coordinates: [36.86798171618947, 10.170494516278797]
2026-02-28 01:45:57 [http-nio-8080-exec-2] INFO  c.d.d.p.c.PublicPlatController - ✅ Geocoded to: [36.86798171618947, 10.170494516278797]
2026-02-28 01:45:57 [http-nio-8080-exec-2] INFO  c.d.d.p.c.PublicPlatController - ✅ Distance calculated for plat lasagne: 1.0 km
2026-02-28 01:45:57 [http-nio-8080-exec-1] INFO  c.d.dineo.common.util.GeocodingUtil - 📍 Parsed coordinates from address: [48.990280170713675, 2.0652013945627465]
2026-02-28 01:45:57 [http-nio-8080-exec-1] INFO  c.d.dineo.common.util.GeocodingUtil - ✅ Address is already coordinates: [48.990280170713675, 2.0652013945627465]
2026-02-28 01:45:57 [http-nio-8080-exec-9] INFO  c.d.d.p.c.PublicPlatController - 📍 Geocoding address for chef 2b9ae655-331b-44dd-a316-505318613279: 36.86798171618947, 10.170494516278797
2026-02-28 01:45:57 [http-nio-8080-exec-9] INFO  c.d.dineo.common.util.GeocodingUtil - 📍 Parsed coordinates from address: [36.86798171618947, 10.170494516278797]
2026-02-28 01:45:57 [http-nio-8080-exec-9] INFO  c.d.dineo.common.util.GeocodingUtil - ✅ Address is already coordinates: [36.86798171618947, 10.170494516278797]
2026-02-28 01:45:57 [http-nio-8080-exec-9] INFO  c.d.d.p.c.PublicPlatController - ✅ Geocoded to: [36.86798171618947, 10.170494516278797]
2026-02-28 01:45:57 [http-nio-8080-exec-9] INFO  c.d.d.p.c.PublicPlatController - ✅ Distance calculated for plat lasagne: 1.0 km
2026-02-28 01:45:57 [http-nio-8080-exec-7] INFO  c.d.dineo.common.util.GeocodingUtil - 📍 Parsed coordinates from address: [48.990280170713675, 2.0652013945627465]
2026-02-28 01:45:57 [http-nio-8080-exec-7] INFO  c.d.dineo.common.util.GeocodingUtil - ✅ Address is already coordinates: [48.990280170713675, 2.0652013945627465]
2026-02-28 01:45:58 [http-nio-8080-exec-1] INFO  c.d.dineo.common.util.GeocodingUtil - 📍 Parsed coordinates from address: [48.990280170713675, 2.0652013945627465]
2026-02-28 01:45:58 [http-nio-8080-exec-1] INFO  c.d.dineo.common.util.GeocodingUtil - ✅ Address is already coordinates: [48.990280170713675, 2.0652013945627465]
2026-02-28 01:45:58 [http-nio-8080-exec-7] INFO  c.d.dineo.common.util.GeocodingUtil - 📍 Parsed coordinates from address: [48.990280170713675, 2.0652013945627465]
2026-02-28 01:45:58 [http-nio-8080-exec-7] INFO  c.d.dineo.common.util.GeocodingUtil - ✅ Address is already coordinates: [48.990280170713675, 2.0652013945627465]
2026-02-28 01:45:58 [http-nio-8080-exec-1] INFO  c.d.dineo.common.util.GeocodingUtil - 📍 Parsed coordinates from address: [48.990280170713675, 2.0652013945627465]
2026-02-28 01:45:58 [http-nio-8080-exec-1] INFO  c.d.dineo.common.util.GeocodingUtil - ✅ Address is already coordinates: [48.990280170713675, 2.0652013945627465]
2026-02-28 01:45:58 [http-nio-8080-exec-1] INFO  c.d.d.p.c.PublicPlatController - After location filtering: 1 plats within 30.0km
2026-02-28 01:45:58 [http-nio-8080-exec-2] INFO  c.d.d.p.c.PublicPlatController - 🔍 addDistanceToResponse called for plat: Tacos
2026-02-28 01:45:58 [http-nio-8080-exec-9] INFO  c.d.d.p.c.PublicPlatController - 🔍 addDistanceToResponse called for plat: Tacos
2026-02-28 01:45:58 [http-nio-8080-exec-1] INFO  c.d.d.p.c.PublicPlatController - Found 2 unique categories from filtered plats
2026-02-28 01:45:58 [http-nio-8080-exec-7] INFO  c.d.dineo.common.util.GeocodingUtil - 📍 Parsed coordinates from address: [48.990280170713675, 2.0652013945627465]
2026-02-28 01:45:58 [http-nio-8080-exec-7] INFO  c.d.dineo.common.util.GeocodingUtil - ✅ Address is already coordinates: [48.990280170713675, 2.0652013945627465]
2026-02-28 01:45:58 [http-nio-8080-exec-7] INFO  c.d.d.p.c.PublicPlatController - After location filtering: 1 plats within 30.0km
2026-02-28 01:45:58 [http-nio-8080-exec-7] INFO  c.d.d.p.c.PublicPlatController - Found 2 unique categories from filtered plats
2026-02-28 01:45:58 [http-nio-8080-exec-2] INFO  c.d.d.p.c.PublicPlatController - 📍 Geocoding address for chef 51438312-db03-469c-b476-e4511f8e8e67: 48.990280170713675, 2.0652013945627465
2026-02-28 01:45:58 [http-nio-8080-exec-2] INFO  c.d.dineo.common.util.GeocodingUtil - 📍 Parsed coordinates from address: [48.990280170713675, 2.0652013945627465]
2026-02-28 01:45:58 [http-nio-8080-exec-2] INFO  c.d.dineo.common.util.GeocodingUtil - ✅ Address is already coordinates: [48.990280170713675, 2.0652013945627465]
2026-02-28 01:45:58 [http-nio-8080-exec-2] INFO  c.d.d.p.c.PublicPlatController - ✅ Geocoded to: [48.990280170713675, 2.0652013945627465]
2026-02-28 01:45:58 [http-nio-8080-exec-2] INFO  c.d.d.p.c.PublicPlatController - ✅ Distance calculated for plat Tacos: 1499.1 km
2026-02-28 01:45:58 [http-nio-8080-exec-9] INFO  c.d.d.p.c.PublicPlatController - 📍 Geocoding address for chef 51438312-db03-469c-b476-e4511f8e8e67: 48.990280170713675, 2.0652013945627465
2026-02-28 01:45:58 [http-nio-8080-exec-9] INFO  c.d.dineo.common.util.GeocodingUtil - 📍 Parsed coordinates from address: [48.990280170713675, 2.0652013945627465]
2026-02-28 01:45:58 [http-nio-8080-exec-9] INFO  c.d.dineo.common.util.GeocodingUtil - ✅ Address is already coordinates: [48.990280170713675, 2.0652013945627465]
2026-02-28 01:45:58 [http-nio-8080-exec-9] INFO  c.d.d.p.c.PublicPlatController - ✅ Geocoded to: [48.990280170713675, 2.0652013945627465]
2026-02-28 01:45:58 [http-nio-8080-exec-9] INFO  c.d.d.p.c.PublicPlatController - ✅ Distance calculated for plat Tacos: 1499.1 km
2026-02-28 01:45:59 [http-nio-8080-exec-2] INFO  c.d.d.p.c.PublicPlatController - 🔍 addDistanceToResponse called for plat: Tiramisu
2026-02-28 01:45:59 [http-nio-8080-exec-9] INFO  c.d.d.p.c.PublicPlatController - 🔍 addDistanceToResponse called for plat: Tiramisu
2026-02-28 01:45:59 [http-nio-8080-exec-2] INFO  c.d.d.p.c.PublicPlatController - 📍 Geocoding address for chef 51438312-db03-469c-b476-e4511f8e8e67: 48.990280170713675, 2.0652013945627465
2026-02-28 01:45:59 [http-nio-8080-exec-2] INFO  c.d.dineo.common.util.GeocodingUtil - 📍 Parsed coordinates from address: [48.990280170713675, 2.0652013945627465]
2026-02-28 01:45:59 [http-nio-8080-exec-2] INFO  c.d.dineo.common.util.GeocodingUtil - ✅ Address is already coordinates: [48.990280170713675, 2.0652013945627465]
2026-02-28 01:45:59 [http-nio-8080-exec-2] INFO  c.d.d.p.c.PublicPlatController - ✅ Geocoded to: [48.990280170713675, 2.0652013945627465]
2026-02-28 01:45:59 [http-nio-8080-exec-2] INFO  c.d.d.p.c.PublicPlatController - ✅ Distance calculated for plat Tiramisu: 1499.1 km
2026-02-28 01:45:59 [http-nio-8080-exec-9] INFO  c.d.d.p.c.PublicPlatController - 📍 Geocoding address for chef 51438312-db03-469c-b476-e4511f8e8e67: 48.990280170713675, 2.0652013945627465
2026-02-28 01:45:59 [http-nio-8080-exec-9] INFO  c.d.dineo.common.util.GeocodingUtil - 📍 Parsed coordinates from address: [48.990280170713675, 2.0652013945627465]
2026-02-28 01:45:59 [http-nio-8080-exec-9] INFO  c.d.dineo.common.util.GeocodingUtil - ✅ Address is already coordinates: [48.990280170713675, 2.0652013945627465]
2026-02-28 01:45:59 [http-nio-8080-exec-9] INFO  c.d.d.p.c.PublicPlatController - ✅ Geocoded to: [48.990280170713675, 2.0652013945627465]
2026-02-28 01:45:59 [http-nio-8080-exec-9] INFO  c.d.d.p.c.PublicPlatController - ✅ Distance calculated for plat Tiramisu: 1499.1 km
2026-02-28 01:46:00 [http-nio-8080-exec-2] INFO  c.d.d.p.c.PublicPlatController - 🔍 addDistanceToResponse called for plat: Steak
2026-02-28 01:46:00 [http-nio-8080-exec-9] INFO  c.d.d.p.c.PublicPlatController - 🔍 addDistanceToResponse called for plat: Steak
2026-02-28 01:46:00 [http-nio-8080-exec-2] INFO  c.d.d.p.c.PublicPlatController - 📍 Geocoding address for chef 51438312-db03-469c-b476-e4511f8e8e67: 48.990280170713675, 2.0652013945627465
2026-02-28 01:46:00 [http-nio-8080-exec-2] INFO  c.d.dineo.common.util.GeocodingUtil - 📍 Parsed coordinates from address: [48.990280170713675, 2.0652013945627465]
2026-02-28 01:46:00 [http-nio-8080-exec-2] INFO  c.d.dineo.common.util.GeocodingUtil - ✅ Address is already coordinates: [48.990280170713675, 2.0652013945627465]
2026-02-28 01:46:00 [http-nio-8080-exec-2] INFO  c.d.d.p.c.PublicPlatController - ✅ Geocoded to: [48.990280170713675, 2.0652013945627465]
2026-02-28 01:46:00 [http-nio-8080-exec-2] INFO  c.d.d.p.c.PublicPlatController - ✅ Distance calculated for plat Steak: 1499.1 km
2026-02-28 01:46:00 [http-nio-8080-exec-9] INFO  c.d.d.p.c.PublicPlatController - 📍 Geocoding address for chef 51438312-db03-469c-b476-e4511f8e8e67: 48.990280170713675, 2.0652013945627465
2026-02-28 01:46:00 [http-nio-8080-exec-9] INFO  c.d.dineo.common.util.GeocodingUtil - 📍 Parsed coordinates from address: [48.990280170713675, 2.0652013945627465]
2026-02-28 01:46:00 [http-nio-8080-exec-9] INFO  c.d.dineo.common.util.GeocodingUtil - ✅ Address is already coordinates: [48.990280170713675, 2.0652013945627465]
2026-02-28 01:46:00 [http-nio-8080-exec-9] INFO  c.d.d.p.c.PublicPlatController - ✅ Geocoded to: [48.990280170713675, 2.0652013945627465]
2026-02-28 01:46:00 [http-nio-8080-exec-9] INFO  c.d.d.p.c.PublicPlatController - ✅ Distance calculated for plat Steak: 1499.1 km
2026-02-28 01:46:00 [http-nio-8080-exec-2] INFO  c.d.d.p.c.PublicPlatController - 🔍 addDistanceToResponse called for plat: Kouskous tunisien
2026-02-28 01:46:01 [http-nio-8080-exec-9] INFO  c.d.d.p.c.PublicPlatController - 🔍 addDistanceToResponse called for plat: Kouskous tunisien
2026-02-28 01:46:01 [http-nio-8080-exec-2] INFO  c.d.d.p.c.PublicPlatController - 📍 Geocoding address for chef 51438312-db03-469c-b476-e4511f8e8e67: 48.990280170713675, 2.0652013945627465
2026-02-28 01:46:01 [http-nio-8080-exec-2] INFO  c.d.dineo.common.util.GeocodingUtil - 📍 Parsed coordinates from address: [48.990280170713675, 2.0652013945627465]
2026-02-28 01:46:01 [http-nio-8080-exec-2] INFO  c.d.dineo.common.util.GeocodingUtil - ✅ Address is already coordinates: [48.990280170713675, 2.0652013945627465]
2026-02-28 01:46:01 [http-nio-8080-exec-2] INFO  c.d.d.p.c.PublicPlatController - ✅ Geocoded to: [48.990280170713675, 2.0652013945627465]
2026-02-28 01:46:01 [http-nio-8080-exec-2] INFO  c.d.d.p.c.PublicPlatController - ✅ Distance calculated for plat Kouskous tunisien: 1499.1 km
2026-02-28 01:46:01 [http-nio-8080-exec-9] INFO  c.d.d.p.c.PublicPlatController - 📍 Geocoding address for chef 51438312-db03-469c-b476-e4511f8e8e67: 48.990280170713675, 2.0652013945627465
2026-02-28 01:46:01 [http-nio-8080-exec-9] INFO  c.d.dineo.common.util.GeocodingUtil - 📍 Parsed coordinates from address: [48.990280170713675, 2.0652013945627465]
2026-02-28 01:46:01 [http-nio-8080-exec-9] INFO  c.d.dineo.common.util.GeocodingUtil - ✅ Address is already coordinates: [48.990280170713675, 2.0652013945627465]
2026-02-28 01:46:01 [http-nio-8080-exec-9] INFO  c.d.d.p.c.PublicPlatController - ✅ Geocoded to: [48.990280170713675, 2.0652013945627465]
2026-02-28 01:46:01 [http-nio-8080-exec-9] INFO  c.d.d.p.c.PublicPlatController - ✅ Distance calculated for plat Kouskous tunisien: 1499.1 km
2026-02-28 01:46:01 [http-nio-8080-exec-2] INFO  c.d.d.p.c.PublicPlatController - 🔍 addDistanceToResponse called for plat: Sushi
2026-02-28 01:46:01 [http-nio-8080-exec-9] INFO  c.d.d.p.c.PublicPlatController - 🔍 addDistanceToResponse called for plat: Sushi
2026-02-28 01:46:01 [http-nio-8080-exec-2] INFO  c.d.d.p.c.PublicPlatController - 📍 Geocoding address for chef 51438312-db03-469c-b476-e4511f8e8e67: 48.990280170713675, 2.0652013945627465
2026-02-28 01:46:01 [http-nio-8080-exec-2] INFO  c.d.dineo.common.util.GeocodingUtil - 📍 Parsed coordinates from address: [48.990280170713675, 2.0652013945627465]
2026-02-28 01:46:01 [http-nio-8080-exec-2] INFO  c.d.dineo.common.util.GeocodingUtil - ✅ Address is already coordinates: [48.990280170713675, 2.0652013945627465]
2026-02-28 01:46:01 [http-nio-8080-exec-2] INFO  c.d.d.p.c.PublicPlatController - ✅ Geocoded to: [48.990280170713675, 2.0652013945627465]
2026-02-28 01:46:01 [http-nio-8080-exec-2] INFO  c.d.d.p.c.PublicPlatController - ✅ Distance calculated for plat Sushi: 1499.1 km
2026-02-28 01:46:02 [http-nio-8080-exec-9] INFO  c.d.d.p.c.PublicPlatController - 📍 Geocoding address for chef 51438312-db03-469c-b476-e4511f8e8e67: 48.990280170713675, 2.0652013945627465
2026-02-28 01:46:02 [http-nio-8080-exec-9] INFO  c.d.dineo.common.util.GeocodingUtil - 📍 Parsed coordinates from address: [48.990280170713675, 2.0652013945627465]
2026-02-28 01:46:02 [http-nio-8080-exec-9] INFO  c.d.dineo.common.util.GeocodingUtil - ✅ Address is already coordinates: [48.990280170713675, 2.0652013945627465]
2026-02-28 01:46:02 [http-nio-8080-exec-9] INFO  c.d.d.p.c.PublicPlatController - ✅ Geocoded to: [48.990280170713675, 2.0652013945627465]
2026-02-28 01:46:02 [http-nio-8080-exec-9] INFO  c.d.d.p.c.PublicPlatController - ✅ Distance calculated for plat Sushi: 1499.1 km
2026-02-28 01:46:02 [http-nio-8080-exec-2] INFO  c.d.d.p.c.PublicPlatController - 🔍 addDistanceToResponse called for plat: Salade César
2026-02-28 01:46:02 [http-nio-8080-exec-9] INFO  c.d.d.p.c.PublicPlatController - 🔍 addDistanceToResponse called for plat: Salade César
2026-02-28 01:46:02 [http-nio-8080-exec-2] INFO  c.d.d.p.c.PublicPlatController - 📍 Geocoding address for chef 51438312-db03-469c-b476-e4511f8e8e67: 48.990280170713675, 2.0652013945627465
2026-02-28 01:46:02 [http-nio-8080-exec-2] INFO  c.d.dineo.common.util.GeocodingUtil - 📍 Parsed coordinates from address: [48.990280170713675, 2.0652013945627465]
2026-02-28 01:46:02 [http-nio-8080-exec-2] INFO  c.d.dineo.common.util.GeocodingUtil - ✅ Address is already coordinates: [48.990280170713675, 2.0652013945627465]
2026-02-28 01:46:02 [http-nio-8080-exec-2] INFO  c.d.d.p.c.PublicPlatController - ✅ Geocoded to: [48.990280170713675, 2.0652013945627465]
2026-02-28 01:46:02 [http-nio-8080-exec-2] INFO  c.d.d.p.c.PublicPlatController - ✅ Distance calculated for plat Salade César: 1499.1 km
2026-02-28 01:46:03 [http-nio-8080-exec-9] INFO  c.d.d.p.c.PublicPlatController - 📍 Geocoding address for chef 51438312-db03-469c-b476-e4511f8e8e67: 48.990280170713675, 2.0652013945627465
2026-02-28 01:46:03 [http-nio-8080-exec-9] INFO  c.d.dineo.common.util.GeocodingUtil - 📍 Parsed coordinates from address: [48.990280170713675, 2.0652013945627465]
2026-02-28 01:46:03 [http-nio-8080-exec-9] INFO  c.d.dineo.common.util.GeocodingUtil - ✅ Address is already coordinates: [48.990280170713675, 2.0652013945627465]
2026-02-28 01:46:03 [http-nio-8080-exec-9] INFO  c.d.d.p.c.PublicPlatController - ✅ Geocoded to: [48.990280170713675, 2.0652013945627465]
2026-02-28 01:46:03 [http-nio-8080-exec-9] INFO  c.d.d.p.c.PublicPlatController - ✅ Distance calculated for plat Salade César: 1499.1 km
2026-02-28 01:46:03 [http-nio-8080-exec-2] INFO  c.d.d.p.c.PublicPlatController - 🔍 addDistanceToResponse called for plat: Pizza
2026-02-28 01:46:03 [http-nio-8080-exec-9] INFO  c.d.d.p.c.PublicPlatController - 🔍 addDistanceToResponse called for plat: Pizza
2026-02-28 01:46:03 [http-nio-8080-exec-2] INFO  c.d.d.p.c.PublicPlatController - 📍 Geocoding address for chef 51438312-db03-469c-b476-e4511f8e8e67: 48.990280170713675, 2.0652013945627465
2026-02-28 01:46:03 [http-nio-8080-exec-2] INFO  c.d.dineo.common.util.GeocodingUtil - 📍 Parsed coordinates from address: [48.990280170713675, 2.0652013945627465]
2026-02-28 01:46:03 [http-nio-8080-exec-2] INFO  c.d.dineo.common.util.GeocodingUtil - ✅ Address is already coordinates: [48.990280170713675, 2.0652013945627465]
2026-02-28 01:46:03 [http-nio-8080-exec-2] INFO  c.d.d.p.c.PublicPlatController - ✅ Geocoded to: [48.990280170713675, 2.0652013945627465]
2026-02-28 01:46:03 [http-nio-8080-exec-2] INFO  c.d.d.p.c.PublicPlatController - ✅ Distance calculated for plat Pizza: 1499.1 km
2026-02-28 01:46:03 [http-nio-8080-exec-9] INFO  c.d.d.p.c.PublicPlatController - 📍 Geocoding address for chef 51438312-db03-469c-b476-e4511f8e8e67: 48.990280170713675, 2.0652013945627465
2026-02-28 01:46:03 [http-nio-8080-exec-9] INFO  c.d.dineo.common.util.GeocodingUtil - 📍 Parsed coordinates from address: [48.990280170713675, 2.0652013945627465]
2026-02-28 01:46:03 [http-nio-8080-exec-9] INFO  c.d.dineo.common.util.GeocodingUtil - ✅ Address is already coordinates: [48.990280170713675, 2.0652013945627465]
2026-02-28 01:46:03 [http-nio-8080-exec-9] INFO  c.d.d.p.c.PublicPlatController - ✅ Geocoded to: [48.990280170713675, 2.0652013945627465]
2026-02-28 01:46:03 [http-nio-8080-exec-9] INFO  c.d.d.p.c.PublicPlatController - ✅ Distance calculated for plat Pizza: 1499.1 km
2026-02-28 01:46:04 [http-nio-8080-exec-2] INFO  c.d.d.p.c.PublicPlatController - 🔍 addDistanceToResponse called for plat: Plat fruit de mer
2026-02-28 01:46:04 [http-nio-8080-exec-9] INFO  c.d.d.p.c.PublicPlatController - 🔍 addDistanceToResponse called for plat: Plat fruit de mer
2026-02-28 01:46:04 [http-nio-8080-exec-2] INFO  c.d.d.p.c.PublicPlatController - 📍 Geocoding address for chef 51438312-db03-469c-b476-e4511f8e8e67: 48.990280170713675, 2.0652013945627465
2026-02-28 01:46:04 [http-nio-8080-exec-2] INFO  c.d.dineo.common.util.GeocodingUtil - 📍 Parsed coordinates from address: [48.990280170713675, 2.0652013945627465]
2026-02-28 01:46:04 [http-nio-8080-exec-2] INFO  c.d.dineo.common.util.GeocodingUtil - ✅ Address is already coordinates: [48.990280170713675, 2.0652013945627465]
2026-02-28 01:46:04 [http-nio-8080-exec-2] INFO  c.d.d.p.c.PublicPlatController - ✅ Geocoded to: [48.990280170713675, 2.0652013945627465]
2026-02-28 01:46:04 [http-nio-8080-exec-2] INFO  c.d.d.p.c.PublicPlatController - ✅ Distance calculated for plat Plat fruit de mer: 1499.1 km
2026-02-28 01:46:04 [http-nio-8080-exec-9] INFO  c.d.d.p.c.PublicPlatController - 📍 Geocoding address for chef 51438312-db03-469c-b476-e4511f8e8e67: 48.990280170713675, 2.0652013945627465
2026-02-28 01:46:04 [http-nio-8080-exec-9] INFO  c.d.dineo.common.util.GeocodingUtil - 📍 Parsed coordinates from address: [48.990280170713675, 2.0652013945627465]
2026-02-28 01:46:04 [http-nio-8080-exec-9] INFO  c.d.dineo.common.util.GeocodingUtil - ✅ Address is already coordinates: [48.990280170713675, 2.0652013945627465]
2026-02-28 01:46:04 [http-nio-8080-exec-9] INFO  c.d.d.p.c.PublicPlatController - ✅ Geocoded to: [48.990280170713675, 2.0652013945627465]
2026-02-28 01:46:04 [http-nio-8080-exec-9] INFO  c.d.d.p.c.PublicPlatController - ✅ Distance calculated for plat Plat fruit de mer: 1499.1 km
2026-02-28 01:46:04 [http-nio-8080-exec-2] INFO  c.d.d.p.c.PublicPlatController - 🔍 addDistanceToResponse called for plat: Par-là
2026-02-28 01:46:05 [http-nio-8080-exec-9] INFO  c.d.d.p.c.PublicPlatController - 🔍 addDistanceToResponse called for plat: Par-là
2026-02-28 01:46:05 [http-nio-8080-exec-2] INFO  c.d.d.p.c.PublicPlatController - 📍 Geocoding address for chef 51438312-db03-469c-b476-e4511f8e8e67: 48.990280170713675, 2.0652013945627465
2026-02-28 01:46:05 [http-nio-8080-exec-2] INFO  c.d.dineo.common.util.GeocodingUtil - 📍 Parsed coordinates from address: [48.990280170713675, 2.0652013945627465]
2026-02-28 01:46:05 [http-nio-8080-exec-2] INFO  c.d.dineo.common.util.GeocodingUtil - ✅ Address is already coordinates: [48.990280170713675, 2.0652013945627465]
2026-02-28 01:46:05 [http-nio-8080-exec-2] INFO  c.d.d.p.c.PublicPlatController - ✅ Geocoded to: [48.990280170713675, 2.0652013945627465]
2026-02-28 01:46:05 [http-nio-8080-exec-2] INFO  c.d.d.p.c.PublicPlatController - ✅ Distance calculated for plat Par-là: 1499.1 km
2026-02-28 01:46:05 [http-nio-8080-exec-2] INFO  c.d.d.p.c.PublicPlatController - After all filters: 1 plats remaining
2026-02-28 01:46:05 [http-nio-8080-exec-2] INFO  c.d.d.p.c.PublicPlatController - Search returned 1 total results, page 1/1
2026-02-28 01:46:05 [http-nio-8080-exec-9] INFO  c.d.d.p.c.PublicPlatController - 📍 Geocoding address for chef 51438312-db03-469c-b476-e4511f8e8e67: 48.990280170713675, 2.0652013945627465
2026-02-28 01:46:05 [http-nio-8080-exec-9] INFO  c.d.dineo.common.util.GeocodingUtil - 📍 Parsed coordinates from address: [48.990280170713675, 2.0652013945627465]
2026-02-28 01:46:05 [http-nio-8080-exec-9] INFO  c.d.dineo.common.util.GeocodingUtil - ✅ Address is already coordinates: [48.990280170713675, 2.0652013945627465]
2026-02-28 01:46:05 [http-nio-8080-exec-9] INFO  c.d.d.p.c.PublicPlatController - ✅ Geocoded to: [48.990280170713675, 2.0652013945627465]
2026-02-28 01:46:05 [http-nio-8080-exec-9] INFO  c.d.d.p.c.PublicPlatController - ✅ Distance calculated for plat Par-là: 1499.1 km
2026-02-28 01:46:05 [http-nio-8080-exec-9] INFO  c.d.d.p.c.PublicPlatController - After all filters: 1 plats remaining
2026-02-28 01:46:05 [http-nio-8080-exec-9] INFO  c.d.d.p.c.PublicPlatController - Search returned 1 total results, page 1/1
2026-02-28 01:46:07 [http-nio-8080-exec-8] INFO  c.d.d.p.c.PublicPlatController - Public request to get plat: 2eaf3e9b-0e96-49cc-b017-334ea920d7ce
2026-02-28 01:46:07 [http-nio-8080-exec-10] INFO  c.d.d.p.c.PublicPlatController - Public request to get plat: 2eaf3e9b-0e96-49cc-b017-334ea920d7ce
2026-02-28 01:46:07 [http-nio-8080-exec-6] INFO  c.d.d.p.c.PlatReviewController - Get reviews request received for plat 2eaf3e9b-0e96-49cc-b017-334ea920d7ce
2026-02-28 01:46:07 [http-nio-8080-exec-4] INFO  c.d.d.p.c.PlatReviewController - Get reviews request received for plat 2eaf3e9b-0e96-49cc-b017-334ea920d7ce
2026-02-28 01:46:07 [http-nio-8080-exec-6] INFO  c.d.d.p.s.impl.PlatReviewServiceImpl - Fetching all reviews for plat: 2eaf3e9b-0e96-49cc-b017-334ea920d7ce
2026-02-28 01:46:07 [http-nio-8080-exec-4] INFO  c.d.d.p.s.impl.PlatReviewServiceImpl - Fetching all reviews for plat: 2eaf3e9b-0e96-49cc-b017-334ea920d7ce
2026-02-28 01:46:07 [http-nio-8080-exec-4] INFO  c.d.d.p.s.impl.PlatReviewServiceImpl - Found 0 reviews for plat 2eaf3e9b-0e96-49cc-b017-334ea920d7ce
2026-02-28 01:46:07 [http-nio-8080-exec-6] INFO  c.d.d.p.s.impl.PlatReviewServiceImpl - Found 0 reviews for plat 2eaf3e9b-0e96-49cc-b017-334ea920d7ce
2026-02-28 01:46:07 [http-nio-8080-exec-4] INFO  c.d.d.p.c.PlatReviewController - Retrieved 0 reviews for plat 2eaf3e9b-0e96-49cc-b017-334ea920d7ce
2026-02-28 01:46:07 [http-nio-8080-exec-6] INFO  c.d.d.p.c.PlatReviewController - Retrieved 0 reviews for plat 2eaf3e9b-0e96-49cc-b017-334ea920d7ce
2026-02-28 01:46:07 [http-nio-8080-exec-8] INFO  c.d.d.p.c.PublicPlatController - Successfully retrieved plat: 2eaf3e9b-0e96-49cc-b017-334ea920d7ce
2026-02-28 01:46:07 [http-nio-8080-exec-10] INFO  c.d.d.p.c.PublicPlatController - Successfully retrieved plat: 2eaf3e9b-0e96-49cc-b017-334ea920d7ce
2026-02-28 01:46:14 [http-nio-8080-exec-1] INFO  c.d.d.c.c.PublicChefController - Get chef plats request received for chef 2b9ae655-331b-44dd-a316-505318613279
2026-02-28 01:46:14 [http-nio-8080-exec-3] INFO  c.d.d.c.c.ChefReviewController - Get reviews request received for chef 2b9ae655-331b-44dd-a316-505318613279
2026-02-28 01:46:14 [http-nio-8080-exec-5] INFO  c.d.d.c.c.PublicChefController - Get chef details request received for chef 2b9ae655-331b-44dd-a316-505318613279
2026-02-28 01:46:14 [http-nio-8080-exec-7] INFO  c.d.d.c.c.PublicChefController - Get chef details request received for chef 2b9ae655-331b-44dd-a316-505318613279
2026-02-28 01:46:14 [http-nio-8080-exec-2] INFO  c.d.d.c.c.PublicChefController - Get chef plats request received for chef 2b9ae655-331b-44dd-a316-505318613279
2026-02-28 01:46:14 [http-nio-8080-exec-9] INFO  c.d.d.c.c.ChefReviewController - Get reviews request received for chef 2b9ae655-331b-44dd-a316-505318613279
2026-02-28 01:46:14 [http-nio-8080-exec-3] INFO  c.d.d.c.s.impl.ChefReviewServiceImpl - Fetching all reviews for chef: 2b9ae655-331b-44dd-a316-505318613279
2026-02-28 01:46:14 [http-nio-8080-exec-9] INFO  c.d.d.c.s.impl.ChefReviewServiceImpl - Fetching all reviews for chef: 2b9ae655-331b-44dd-a316-505318613279
2026-02-28 01:46:14 [http-nio-8080-exec-3] INFO  c.d.d.c.s.impl.ChefReviewServiceImpl - Found 0 reviews for chef 2b9ae655-331b-44dd-a316-505318613279
2026-02-28 01:46:14 [http-nio-8080-exec-9] INFO  c.d.d.c.s.impl.ChefReviewServiceImpl - Found 0 reviews for chef 2b9ae655-331b-44dd-a316-505318613279
2026-02-28 01:46:14 [http-nio-8080-exec-3] INFO  c.d.d.c.c.ChefReviewController - Retrieved 0 reviews for chef 2b9ae655-331b-44dd-a316-505318613279
2026-02-28 01:46:14 [http-nio-8080-exec-9] INFO  c.d.d.c.c.ChefReviewController - Retrieved 0 reviews for chef 2b9ae655-331b-44dd-a316-505318613279
2026-02-28 01:46:15 [http-nio-8080-exec-5] INFO  c.d.d.c.c.PublicChefController - Successfully retrieved chef details for chef 2b9ae655-331b-44dd-a316-505318613279
2026-02-28 01:46:15 [http-nio-8080-exec-7] INFO  c.d.d.c.c.PublicChefController - Successfully retrieved chef details for chef 2b9ae655-331b-44dd-a316-505318613279
2026-02-28 01:46:15 [http-nio-8080-exec-1] INFO  c.d.d.c.c.PublicChefController - Successfully retrieved 1 plats for chef 2b9ae655-331b-44dd-a316-505318613279
2026-02-28 01:46:15 [http-nio-8080-exec-2] INFO  c.d.d.c.c.PublicChefController - Successfully retrieved 1 plats for chef 2b9ae655-331b-44dd-a316-505318613279
2026-02-28 01:46:16 [http-nio-8080-exec-4] INFO  c.d.d.p.c.PublicPlatController - Public request to get plat: 2eaf3e9b-0e96-49cc-b017-334ea920d7ce
2026-02-28 01:46:16 [http-nio-8080-exec-8] INFO  c.d.d.p.c.PublicPlatController - Public request to get plat: 2eaf3e9b-0e96-49cc-b017-334ea920d7ce
2026-02-28 01:46:16 [http-nio-8080-exec-10] INFO  c.d.d.p.c.PlatReviewController - Get reviews request received for plat 2eaf3e9b-0e96-49cc-b017-334ea920d7ce
2026-02-28 01:46:16 [http-nio-8080-exec-6] INFO  c.d.d.p.c.PlatReviewController - Get reviews request received for plat 2eaf3e9b-0e96-49cc-b017-334ea920d7ce
2026-02-28 01:46:16 [http-nio-8080-exec-6] INFO  c.d.d.p.s.impl.PlatReviewServiceImpl - Fetching all reviews for plat: 2eaf3e9b-0e96-49cc-b017-334ea920d7ce
2026-02-28 01:46:16 [http-nio-8080-exec-10] INFO  c.d.d.p.s.impl.PlatReviewServiceImpl - Fetching all reviews for plat: 2eaf3e9b-0e96-49cc-b017-334ea920d7ce
2026-02-28 01:46:16 [http-nio-8080-exec-6] INFO  c.d.d.p.s.impl.PlatReviewServiceImpl - Found 0 reviews for plat 2eaf3e9b-0e96-49cc-b017-334ea920d7ce
2026-02-28 01:46:16 [http-nio-8080-exec-10] INFO  c.d.d.p.s.impl.PlatReviewServiceImpl - Found 0 reviews for plat 2eaf3e9b-0e96-49cc-b017-334ea920d7ce
2026-02-28 01:46:16 [http-nio-8080-exec-6] INFO  c.d.d.p.c.PlatReviewController - Retrieved 0 reviews for plat 2eaf3e9b-0e96-49cc-b017-334ea920d7ce
2026-02-28 01:46:16 [http-nio-8080-exec-10] INFO  c.d.d.p.c.PlatReviewController - Retrieved 0 reviews for plat 2eaf3e9b-0e96-49cc-b017-334ea920d7ce
2026-02-28 01:46:17 [http-nio-8080-exec-8] INFO  c.d.d.p.c.PublicPlatController - Successfully retrieved plat: 2eaf3e9b-0e96-49cc-b017-334ea920d7ce
2026-02-28 01:46:17 [http-nio-8080-exec-4] INFO  c.d.d.p.c.PublicPlatController - Successfully retrieved plat: 2eaf3e9b-0e96-49cc-b017-334ea920d7ce
2026-02-28 01:46:23 [http-nio-8080-exec-5] INFO  c.d.d.p.c.PublicPlatController - Public request to get plat: 2eaf3e9b-0e96-49cc-b017-334ea920d7ce
2026-02-28 01:46:23 [http-nio-8080-exec-3] INFO  c.d.d.p.c.PublicPlatController - Public request to get plat: 2eaf3e9b-0e96-49cc-b017-334ea920d7ce
2026-02-28 01:46:23 [http-nio-8080-exec-9] INFO  c.d.d.p.c.PlatReviewController - Get reviews request received for plat 2eaf3e9b-0e96-49cc-b017-334ea920d7ce
2026-02-28 01:46:23 [http-nio-8080-exec-7] INFO  c.d.d.p.c.PlatReviewController - Get reviews request received for plat 2eaf3e9b-0e96-49cc-b017-334ea920d7ce
2026-02-28 01:46:23 [http-nio-8080-exec-9] INFO  c.d.d.p.s.impl.PlatReviewServiceImpl - Fetching all reviews for plat: 2eaf3e9b-0e96-49cc-b017-334ea920d7ce
2026-02-28 01:46:23 [http-nio-8080-exec-7] INFO  c.d.d.p.s.impl.PlatReviewServiceImpl - Fetching all reviews for plat: 2eaf3e9b-0e96-49cc-b017-334ea920d7ce
2026-02-28 01:46:23 [http-nio-8080-exec-9] INFO  c.d.d.p.s.impl.PlatReviewServiceImpl - Found 0 reviews for plat 2eaf3e9b-0e96-49cc-b017-334ea920d7ce
2026-02-28 01:46:23 [http-nio-8080-exec-7] INFO  c.d.d.p.s.impl.PlatReviewServiceImpl - Found 0 reviews for plat 2eaf3e9b-0e96-49cc-b017-334ea920d7ce
2026-02-28 01:46:23 [http-nio-8080-exec-7] INFO  c.d.d.p.c.PlatReviewController - Retrieved 0 reviews for plat 2eaf3e9b-0e96-49cc-b017-334ea920d7ce
2026-02-28 01:46:23 [http-nio-8080-exec-9] INFO  c.d.d.p.c.PlatReviewController - Retrieved 0 reviews for plat 2eaf3e9b-0e96-49cc-b017-334ea920d7ce
2026-02-28 01:46:24 [http-nio-8080-exec-5] INFO  c.d.d.p.c.PublicPlatController - Successfully retrieved plat: 2eaf3e9b-0e96-49cc-b017-334ea920d7ce
2026-02-28 01:46:24 [http-nio-8080-exec-3] INFO  c.d.d.p.c.PublicPlatController - Successfully retrieved plat: 2eaf3e9b-0e96-49cc-b017-334ea920d7ce
